accident_id,source,year,month,day_of_week,state,vehicle_1,vehicle_2,vehicles_involved,party_age_group,victim_age_group,cause_of_accident,weather_condition,road_condition,lighting_condition,fatalities,injuries,casualties,severity
KAG_000304,Kaggle_Accident_prediction,2021,March,Tuesday,Haryana,Truck,Unknown,3,31-50,Unknown,Unknown,Stormy,Dry,Dusk,0,7,7,Minor
KAG_000305,Kaggle_Accident_prediction,2020,December,Tuesday,Chhattisgarh,Truck,Unknown,2,Over 51,Unknown,Unknown,Rainy,Wet,Daylight,1,8,9,Serious
KAG_000306,Kaggle_Accident_prediction,2023,June,Monday,Punjab,Truck,Unknown,4,Over 51,Unknown,Unknown,Rainy,Dry,Dawn,4,1,5,Serious
KAG_000307,Kaggle_Accident_prediction,2018,February,Thursday,Goa,Truck,Unknown,5,31-50,Unknown,Unknown,Rainy,Damaged,Daylight,0,7,7,Minor
KAG_000308,Kaggle_Accident_prediction,2022,August,Sunday,Gujarat,Truck,Unknown,1,18-30,Unknown,Unknown,Rainy,Wet,Dusk,1,9,10,Serious
KAG_000309,Kaggle_Accident_prediction,2021,April,Saturday,Uttarakhand,Truck,Unknown,2,18-30,Unknown,Unknown,Stormy,Wet,Dark,0,7,7,Minor
KAG_000310,Kaggle_Accident_prediction,2022,October,Saturday,Rajasthan,Truck,Unknown,4,31-50,Unknown,Unknown,Hazy,Dry,Daylight,3,6,9,Serious
KAG_000311,Kaggle_Accident_prediction,2021,February,Monday,Delhi,Truck,Unknown,2,Over 51,Unknown,Unknown,Clear,Wet,Dawn,3,0,0,Serious
KAG_000312,Kaggle_Accident_prediction,2021,April,Thursday,Himachal Pradesh,Truck,Unknown,1,Over 51,Unknown,Unknown,Hazy,Dry,Dusk,1,5,6,Serious
KAG_000313,Kaggle_Accident_prediction,2020,October,Thursday,Maharashtra,Truck,Unknown,3,Over 51,Unknown,Unknown,Rainy,Dry,Daylight,3,0,1,Fatal
KAG_000314,Kaggle_Accident_prediction,2022,August,Tuesday,Arunachal Pradesh,Truck,Unknown,4,18-30,Unknown,Unknown,Foggy,Wet,Dawn,3,0,0,Minor
KAG_000315,Kaggle_Accident_prediction,2021,July,Monday,Arunachal Pradesh,Truck,Unknown,3,31-50,Unknown,Unknown,Foggy,Under Construction,Dark,4,4,8,Minor
KAG_000316,Kaggle_Accident_prediction,2022,August,Monday,Bihar,Truck,Unknown,1,18-30,Unknown,Unknown,Foggy,Damaged,Dawn,3,0,3,Fatal
KAG_000317,Kaggle_Accident_prediction,2021,May,Wednesday,Uttar Pradesh,Truck,Unknown,4,31-50,Unknown,Unknown,Clear,Wet,Dark,5,0,3,Fatal
KAG_000318,Kaggle_Accident_prediction,2021,January,Saturday,Meghalaya,Truck,Unknown,1,31-50,Unknown,Unknown,Rainy,Under Construction,Daylight,0,1,1,Minor
KAG_000319,Kaggle_Accident_prediction,2019,August,Saturday,Jammu And Kashmir,Truck,Unknown,1,18-30,Unknown,Unknown,Foggy,Wet,Dark,1,4,5,Minor
KAG_000320,Kaggle_Accident_prediction,2021,February,Saturday,Odisha,Truck,Unknown,1,Over 51,Unknown,Unknown,Rainy,Under Construction,Daylight,0,3,3,Serious
KAG_000321,Kaggle_Accident_prediction,2019,July,Friday,Goa,Truck,Unknown,5,31-50,Unknown,Unknown,Foggy,Wet,Daylight,4,1,5,Serious
KAG_000322,Kaggle_Accident_prediction,2023,August,Thursday,Arunachal Pradesh,Truck,Unknown,1,31-50,Unknown,Unknown,Stormy,Damaged,Dusk,2,0,1,Fatal
KAG_000323,Kaggle_Accident_prediction,2019,February,Thursday,Bihar,Truck,Unknown,1,18-30,Unknown,Unknown,Foggy,Damaged,Dusk,2,3,5,Minor
KAG_000324,Kaggle_Accident_prediction,2020,November,Monday,Assam,Truck,Unknown,3,18-30,Unknown,Unknown,Clear,Damaged,Dark,2,2,4,Serious
KAG_000325,Kaggle_Accident_prediction,2022,September,Monday,Jammu And Kashmir,Truck,Unknown,4,Over 51,Unknown,Unknown,Foggy,Damaged,Dusk,5,0,2,Fatal
KAG_000326,Kaggle_Accident_prediction,2022,November,Monday,Rajasthan,Truck,Unknown,4,Over 51,Unknown,Unknown,Hazy,Damaged,Dark,3,0,3,Minor
KAG_000327,Kaggle_Accident_prediction,2023,November,Wednesday,Jammu And Kashmir,Truck,Unknown,5,18-30,Unknown,Unknown,Clear,Damaged,Dark,2,5,7,Minor
KAG_000328,Kaggle_Accident_prediction,2018,November,Friday,Arunachal Pradesh,Truck,Unknown,5,Over 51,Unknown,Unknown,Hazy,Wet,Dawn,5,3,8,Fatal
KAG_000329,Kaggle_Accident_prediction,2019,August,Friday,Jharkhand,Truck,Unknown,4,Over 51,Unknown,Unknown,Foggy,Under Construction,Dawn,2,4,6,Serious
KAG_000330,Kaggle_Accident_prediction,2018,April,Friday,Haryana,Truck,Unknown,2,Over 51,Unknown,Unknown,Hazy,Under Construction,Daylight,1,6,7,Minor
KAG_000331,Kaggle_Accident_prediction,2022,January,Sunday,Puducherry,Truck,Unknown,2,31-50,Unknown,Unknown,Hazy,Damaged,Daylight,3,4,7,Minor
KAG_000332,Kaggle_Accident_prediction,2021,March,Sunday,Rajasthan,Truck,Unknown,5,18-30,Unknown,Unknown,Hazy,Damaged,Dusk,2,7,9,Serious
KAG_000333,Kaggle_Accident_prediction,2018,August,Monday,Kerala,Truck,Unknown,3,Over 51,Unknown,Unknown,Rainy,Damaged,Dawn,2,3,5,Serious
KAG_000334,Kaggle_Accident_prediction,2023,November,Wednesday,Chhattisgarh,Truck,Unknown,1,18-30,Unknown,Unknown,Foggy,Wet,Dusk,0,10,10,Serious
KAG_000335,Kaggle_Accident_prediction,2021,March,Thursday,Bihar,Truck,Unknown,3,Over 51,Unknown,Unknown,Rainy,Under Construction,Dark,1,0,0,Fatal
KAG_000336,Kaggle_Accident_prediction,2023,September,Wednesday,Uttarakhand,Truck,Unknown,5,31-50,Unknown,Unknown,Hazy,Dry,Dusk,3,2,5,Serious
KAG_000337,Kaggle_Accident_prediction,2020,August,Friday,Karnataka,Truck,Unknown,2,Over 51,Unknown,Unknown,Rainy,Damaged,Dusk,0,10,10,Minor
KAG_000338,Kaggle_Accident_prediction,2021,February,Monday,Rajasthan,Truck,Unknown,3,18-30,Unknown,Unknown,Foggy,Dry,Dusk,5,3,8,Serious
KAG_000339,Kaggle_Accident_prediction,2020,May,Monday,Goa,Truck,Unknown,4,Over 51,Unknown,Unknown,Foggy,Under Construction,Dark,2,0,2,Serious
KAG_000340,Kaggle_Accident_prediction,2023,April,Saturday,Bihar,Truck,Unknown,4,31-50,Unknown,Unknown,Foggy,Wet,Dawn,5,0,4,Minor
KAG_000341,Kaggle_Accident_prediction,2022,November,Friday,Assam,Truck,Unknown,1,18-30,Unknown,Unknown,Stormy,Dry,Dark,0,3,3,Minor
KAG_000342,Kaggle_Accident_prediction,2022,June,Wednesday,Mizoram,Truck,Unknown,1,31-50,Unknown,Unknown,Hazy,Dry,Dark,3,3,6,Minor
KAG_000343,Kaggle_Accident_prediction,2019,July,Tuesday,Assam,Truck,Unknown,2,Over 51,Unknown,Unknown,Clear,Under Construction,Dawn,3,1,4,Fatal
KAG_000344,Kaggle_Accident_prediction,2021,December,Saturday,Chhattisgarh,Truck,Unknown,4,31-50,Unknown,Unknown,Rainy,Damaged,Dusk,1,6,7,Minor
KAG_000345,Kaggle_Accident_prediction,2021,December,Friday,Uttar Pradesh,Truck,Unknown,2,31-50,Unknown,Unknown,Clear,Under Construction,Daylight,1,4,5,Minor
KAG_000346,Kaggle_Accident_prediction,2023,May,Tuesday,Jharkhand,Truck,Unknown,3,31-50,Unknown,Unknown,Hazy,Dry,Dawn,1,6,7,Serious
KAG_000347,Kaggle_Accident_prediction,2019,June,Sunday,Manipur,Truck,Unknown,5,18-30,Unknown,Unknown,Stormy,Dry,Dusk,0,1,1,Minor
KAG_000348,Kaggle_Accident_prediction,2018,April,Friday,Maharashtra,Truck,Unknown,5,31-50,Unknown,Unknown,Stormy,Dry,Dark,2,0,1,Fatal
KAG_000349,Kaggle_Accident_prediction,2022,August,Wednesday,Odisha,Truck,Unknown,3,18-30,Unknown,Unknown,Foggy,Dry,Dusk,0,4,4,Serious
KAG_000350,Kaggle_Accident_prediction,2020,October,Saturday,Karnataka,Truck,Unknown,3,31-50,Unknown,Unknown,Hazy,Damaged,Dark,3,6,9,Fatal
KAG_000351,Kaggle_Accident_prediction,2023,September,Monday,Telangana,Truck,Unknown,1,Over 51,Unknown,Unknown,Foggy,Damaged,Dark,5,0,3,Fatal
KAG_000352,Kaggle_Accident_prediction,2018,September,Saturday,Punjab,Truck,Unknown,1,Over 51,Unknown,Unknown,Hazy,Damaged,Dark,4,0,0,Serious
KAG_000353,Kaggle_Accident_prediction,2018,April,Thursday,Goa,Truck,Unknown,2,31-50,Unknown,Unknown,Clear,Under Construction,Daylight,2,6,8,Fatal
KAG_000354,Kaggle_Accident_prediction,2018,July,Tuesday,Kerala,Truck,Unknown,5,Over 51,Unknown,Unknown,Clear,Dry,Dawn,3,6,9,Fatal
KAG_000355,Kaggle_Accident_prediction,2019,August,Thursday,Uttarakhand,Truck,Unknown,3,18-30,Unknown,Unknown,Hazy,Wet,Dawn,1,5,6,Minor
KAG_000356,Kaggle_Accident_prediction,2021,July,Thursday,Sikkim,Truck,Unknown,3,18-30,Unknown,Unknown,Hazy,Dry,Dark,0,0,0,Serious
KAG_000357,Kaggle_Accident_prediction,2020,March,Saturday,Sikkim,Truck,Unknown,2,31-50,Unknown,Unknown,Foggy,Dry,Dark,0,10,10,Fatal
KAG_000358,Kaggle_Accident_prediction,2018,June,Saturday,Kerala,Truck,Unknown,1,18-30,Unknown,Unknown,Stormy,Damaged,Dark,2,3,5,Fatal
KAG_000359,Kaggle_Accident_prediction,2022,April,Monday,Maharashtra,Truck,Unknown,3,Over 51,Unknown,Unknown,Clear,Under Construction,Daylight,4,4,8,Fatal
KAG_000360,Kaggle_Accident_prediction,2019,December,Thursday,Andhra Pradesh,Truck,Unknown,4,Over 51,Unknown,Unknown,Stormy,Damaged,Dark,1,1,2,Fatal
KAG_000361,Kaggle_Accident_prediction,2018,February,Wednesday,Tamil Nadu,Truck,Unknown,2,Over 51,Unknown,Unknown,Rainy,Damaged,Dark,2,2,4,Serious
KAG_000362,Kaggle_Accident_prediction,2020,October,Saturday,Uttar Pradesh,Truck,Unknown,3,31-50,Unknown,Unknown,Foggy,Under Construction,Dark,0,5,5,Minor
KAG_000363,Kaggle_Accident_prediction,2020,February,Tuesday,West Bengal,Truck,Unknown,2,Over 51,Unknown,Unknown,Rainy,Wet,Dawn,1,4,5,Fatal
KAG_000364,Kaggle_Accident_prediction,2020,January,Saturday,West Bengal,Truck,Unknown,2,18-30,Unknown,Unknown,Hazy,Under Construction,Dawn,3,0,0,Serious
KAG_000365,Kaggle_Accident_prediction,2019,August,Thursday,Tripura,Truck,Unknown,5,18-30,Unknown,Unknown,Foggy,Dry,Dusk,4,5,9,Minor
KAG_000366,Kaggle_Accident_prediction,2023,July,Sunday,Andhra Pradesh,Truck,Unknown,3,18-30,Unknown,Unknown,Hazy,Dry,Dark,3,7,10,Serious
KAG_000367,Kaggle_Accident_prediction,2022,February,Friday,Rajasthan,Truck,Unknown,3,31-50,Unknown,Unknown,Hazy,Wet,Dusk,4,0,4,Fatal
KAG_000368,Kaggle_Accident_prediction,2019,December,Thursday,Madhya Pradesh,Truck,Unknown,3,31-50,Unknown,Unknown,Hazy,Under Construction,Dusk,3,1,4,Fatal
KAG_000369,Kaggle_Accident_prediction,2022,January,Monday,Meghalaya,Truck,Unknown,4,31-50,Unknown,Unknown,Stormy,Wet,Daylight,2,8,10,Fatal
KAG_000370,Kaggle_Accident_prediction,2023,March,Tuesday,Tripura,Truck,Unknown,1,31-50,Unknown,Unknown,Stormy,Dry,Daylight,5,1,6,Serious
KAG_000371,Kaggle_Accident_prediction,2020,February,Monday,Sikkim,Truck,Unknown,2,Over 51,Unknown,Unknown,Foggy,Dry,Dawn,0,7,7,Serious
KAG_000372,Kaggle_Accident_prediction,2021,November,Saturday,West Bengal,Truck,Unknown,5,31-50,Unknown,Unknown,Hazy,Damaged,Dusk,1,8,9,Fatal
KAG_000373,Kaggle_Accident_prediction,2018,September,Tuesday,Goa,Truck,Unknown,2,31-50,Unknown,Unknown,Stormy,Under Construction,Daylight,4,1,5,Fatal
KAG_000374,Kaggle_Accident_prediction,2019,January,Tuesday,Mizoram,Truck,Unknown,1,Over 51,Unknown,Unknown,Stormy,Wet,Daylight,1,5,6,Minor
KAG_000375,Kaggle_Accident_prediction,2022,February,Sunday,Uttar Pradesh,Truck,Unknown,4,31-50,Unknown,Unknown,Foggy,Damaged,Dawn,4,0,3,Serious
KAG_000376,Kaggle_Accident_prediction,2020,June,Saturday,Nagaland,Truck,Unknown,1,18-30,Unknown,Unknown,Stormy,Dry,Dawn,3,4,7,Minor
KAG_000377,Kaggle_Accident_prediction,2023,August,Thursday,Punjab,Truck,Unknown,4,31-50,Unknown,Unknown,Stormy,Damaged,Daylight,2,7,9,Serious
KAG_000378,Kaggle_Accident_prediction,2018,March,Wednesday,Mizoram,Truck,Unknown,4,Over 51,Unknown,Unknown,Rainy,Dry,Dark,2,8,10,Fatal
KAG_000379,Kaggle_Accident_prediction,2022,December,Friday,Uttarakhand,Truck,Unknown,5,31-50,Unknown,Unknown,Stormy,Damaged,Dusk,4,0,3,Minor
KAG_000380,Kaggle_Accident_prediction,2023,March,Wednesday,West Bengal,Truck,Unknown,2,Over 51,Unknown,Unknown,Stormy,Under Construction,Dark,4,6,10,Fatal
KAG_000381,Kaggle_Accident_prediction,2022,September,Thursday,Punjab,Truck,Unknown,3,31-50,Unknown,Unknown,Stormy,Wet,Dusk,1,7,8,Fatal
KAG_000382,Kaggle_Accident_prediction,2023,March,Wednesday,Puducherry,Truck,Unknown,1,31-50,Unknown,Unknown,Clear,Wet,Daylight,1,4,5,Serious
KAG_000383,Kaggle_Accident_prediction,2022,December,Thursday,Nagaland,Truck,Unknown,5,Over 51,Unknown,Unknown,Foggy,Under Construction,Dawn,3,7,10,Minor
KAG_000384,Kaggle_Accident_prediction,2019,September,Tuesday,Delhi,Truck,Unknown,3,31-50,Unknown,Unknown,Foggy,Dry,Dusk,5,2,7,Minor
KAG_000385,Kaggle_Accident_prediction,2018,November,Wednesday,Mizoram,Truck,Unknown,1,31-50,Unknown,Unknown,Stormy,Damaged,Daylight,3,5,8,Minor
KAG_000386,Kaggle_Accident_prediction,2020,March,Tuesday,Karnataka,Truck,Unknown,4,31-50,Unknown,Unknown,Rainy,Damaged,Daylight,4,2,6,Fatal
KAG_000387,Kaggle_Accident_prediction,2020,December,Wednesday,Rajasthan,Truck,Unknown,5,31-50,Unknown,Unknown,Foggy,Wet,Dusk,0,2,2,Serious
KAG_000388,Kaggle_Accident_prediction,2022,April,Friday,Tamil Nadu,Truck,Unknown,2,31-50,Unknown,Unknown,Rainy,Damaged,Dawn,5,1,6,Serious
KAG_000389,Kaggle_Accident_prediction,2020,October,Wednesday,Jharkhand,Truck,Unknown,5,18-30,Unknown,Unknown,Stormy,Wet,Dusk,0,10,10,Serious
KAG_000390,Kaggle_Accident_prediction,2020,October,Saturday,Goa,Truck,Unknown,2,31-50,Unknown,Unknown,Stormy,Wet,Dawn,5,1,6,Fatal
KAG_000391,Kaggle_Accident_prediction,2020,February,Thursday,Karnataka,Truck,Unknown,5,31-50,Unknown,Unknown,Stormy,Dry,Dusk,4,0,4,Serious
KAG_000392,Kaggle_Accident_prediction,2021,October,Wednesday,Jammu And Kashmir,Truck,Unknown,1,Over 51,Unknown,Unknown,Stormy,Dry,Dusk,5,0,0,Serious
KAG_000393,Kaggle_Accident_prediction,2019,December,Wednesday,Jharkhand,Truck,Unknown,5,31-50,Unknown,Unknown,Hazy,Wet,Dark,1,2,3,Minor
KAG_000394,Kaggle_Accident_prediction,2020,November,Sunday,Nagaland,Truck,Unknown,5,18-30,Unknown,Unknown,Rainy,Damaged,Dark,1,4,5,Minor
KAG_000395,Kaggle_Accident_prediction,2021,February,Monday,Odisha,Truck,Unknown,5,Over 51,Unknown,Unknown,Stormy,Dry,Dark,4,1,5,Minor
KAG_000396,Kaggle_Accident_prediction,2018,September,Tuesday,Kerala,Truck,Unknown,3,31-50,Unknown,Unknown,Stormy,Dry,Dusk,4,0,2,Minor
KAG_000397,Kaggle_Accident_prediction,2023,July,Tuesday,Punjab,Truck,Unknown,5,Over 51,Unknown,Unknown,Clear,Wet,Dusk,0,10,10,Fatal
KAG_000398,Kaggle_Accident_prediction,2018,May,Saturday,Manipur,Truck,Unknown,5,Over 51,Unknown,Unknown,Foggy,Dry,Daylight,2,0,2,Serious
KAG_000399,Kaggle_Accident_prediction,2020,May,Friday,Andhra Pradesh,Truck,Unknown,2,31-50,Unknown,Unknown,Hazy,Wet,Dark,1,6,7,Serious
KAG_000400,Kaggle_Accident_prediction,2023,September,Tuesday,Puducherry,Truck,Unknown,5,Over 51,Unknown,Unknown,Clear,Under Construction,Dawn,3,6,9,Fatal
KAG_000401,Kaggle_Accident_prediction,2020,July,Monday,Sikkim,Truck,Unknown,4,Over 51,Unknown,Unknown,Stormy,Under Construction,Dusk,0,7,7,Serious
KAG_000402,Kaggle_Accident_prediction,2022,December,Monday,Chhattisgarh,Truck,Unknown,2,Over 51,Unknown,Unknown,Foggy,Dry,Dusk,5,0,0,Fatal
KAG_000403,Kaggle_Accident_prediction,2023,October,Thursday,Arunachal Pradesh,Truck,Unknown,1,18-30,Unknown,Unknown,Hazy,Damaged,Dark,1,1,2,Fatal
KAG_000404,Kaggle_Accident_prediction,2022,July,Friday,Goa,Truck,Unknown,5,18-30,Unknown,Unknown,Stormy,Damaged,Dusk,3,6,9,Minor
KAG_000405,Kaggle_Accident_prediction,2020,April,Tuesday,Arunachal Pradesh,Truck,Unknown,1,Over 51,Unknown,Unknown,Rainy,Wet,Daylight,2,6,8,Serious
KAG_000406,Kaggle_Accident_prediction,2020,January,Monday,Jammu And Kashmir,Truck,Unknown,3,Over 51,Unknown,Unknown,Stormy,Under Construction,Dawn,2,8,10,Minor
KAG_000407,Kaggle_Accident_prediction,2020,September,Friday,Madhya Pradesh,Truck,Unknown,5,18-30,Unknown,Unknown,Hazy,Wet,Dawn,5,5,10,Serious
KAG_000408,Kaggle_Accident_prediction,2021,June,Friday,Nagaland,Truck,Unknown,4,18-30,Unknown,Unknown,Hazy,Under Construction,Dusk,2,3,5,Serious
KAG_000409,Kaggle_Accident_prediction,2018,November,Saturday,Tamil Nadu,Truck,Unknown,2,Over 51,Unknown,Unknown,Foggy,Wet,Dark,5,0,1,Fatal
KAG_000410,Kaggle_Accident_prediction,2022,August,Wednesday,Goa,Truck,Unknown,2,31-50,Unknown,Unknown,Rainy,Under Construction,Dark,5,0,1,Serious
KAG_000411,Kaggle_Accident_prediction,2021,September,Friday,Kerala,Truck,Unknown,5,Over 51,Unknown,Unknown,Foggy,Wet,Dawn,3,1,4,Serious
KAG_000412,Kaggle_Accident_prediction,2022,April,Sunday,Rajasthan,Truck,Unknown,3,31-50,Unknown,Unknown,Clear,Dry,Dark,5,1,6,Minor
KAG_000413,Kaggle_Accident_prediction,2021,May,Friday,Chhattisgarh,Truck,Unknown,4,18-30,Unknown,Unknown,Foggy,Damaged,Dawn,3,1,4,Minor
KAG_000414,Kaggle_Accident_prediction,2020,December,Friday,Jharkhand,Truck,Unknown,4,31-50,Unknown,Unknown,Hazy,Damaged,Dark,0,3,3,Minor
KAG_000415,Kaggle_Accident_prediction,2022,March,Friday,Jharkhand,Truck,Unknown,3,18-30,Unknown,Unknown,Clear,Wet,Daylight,2,7,9,Minor
KAG_000416,Kaggle_Accident_prediction,2020,March,Thursday,Maharashtra,Truck,Unknown,1,18-30,Unknown,Unknown,Hazy,Dry,Dark,3,3,6,Serious
KAG_000417,Kaggle_Accident_prediction,2023,December,Monday,West Bengal,Truck,Unknown,5,18-30,Unknown,Unknown,Foggy,Wet,Dusk,5,5,10,Fatal
KAG_000418,Kaggle_Accident_prediction,2021,October,Sunday,Delhi,Truck,Unknown,3,Over 51,Unknown,Unknown,Rainy,Dry,Dawn,5,0,2,Fatal
KAG_000419,Kaggle_Accident_prediction,2018,June,Saturday,Chhattisgarh,Truck,Unknown,5,Over 51,Unknown,Unknown,Rainy,Dry,Dusk,1,2,3,Serious
KAG_000420,Kaggle_Accident_prediction,2023,April,Friday,Chhattisgarh,Truck,Unknown,2,Over 51,Unknown,Unknown,Rainy,Dry,Dark,0,0,0,Serious
KAG_000421,Kaggle_Accident_prediction,2018,March,Thursday,Jammu And Kashmir,Truck,Unknown,1,18-30,Unknown,Unknown,Hazy,Dry,Dusk,3,0,1,Fatal
KAG_000422,Kaggle_Accident_prediction,2020,June,Monday,Andhra Pradesh,Truck,Unknown,2,Over 51,Unknown,Unknown,Foggy,Under Construction,Dark,4,5,9,Minor
KAG_000423,Kaggle_Accident_prediction,2021,October,Friday,Uttar Pradesh,Truck,Unknown,2,31-50,Unknown,Unknown,Clear,Dry,Dawn,1,3,4,Serious
KAG_000424,Kaggle_Accident_prediction,2021,May,Tuesday,Gujarat,Truck,Unknown,2,31-50,Unknown,Unknown,Rainy,Under Construction,Dusk,4,4,8,Minor
KAG_000425,Kaggle_Accident_prediction,2019,July,Friday,Kerala,Truck,Unknown,5,Over 51,Unknown,Unknown,Clear,Damaged,Daylight,5,0,1,Fatal
KAG_000426,Kaggle_Accident_prediction,2022,January,Sunday,Uttarakhand,Truck,Unknown,3,18-30,Unknown,Unknown,Rainy,Dry,Dark,2,0,2,Minor
KAG_000427,Kaggle_Accident_prediction,2019,July,Monday,Tripura,Truck,Unknown,3,Over 51,Unknown,Unknown,Hazy,Wet,Dusk,1,1,2,Fatal
KAG_000428,Kaggle_Accident_prediction,2019,June,Wednesday,Jammu And Kashmir,Truck,Unknown,4,31-50,Unknown,Unknown,Foggy,Under Construction,Dusk,3,2,5,Minor
KAG_000429,Kaggle_Accident_prediction,2018,September,Friday,Mizoram,Truck,Unknown,2,18-30,Unknown,Unknown,Foggy,Wet,Daylight,2,0,1,Serious
KAG_000430,Kaggle_Accident_prediction,2021,May,Tuesday,Manipur,Truck,Unknown,5,18-30,Unknown,Unknown,Hazy,Wet,Dusk,0,10,10,Serious
KAG_000431,Kaggle_Accident_prediction,2020,April,Thursday,Chandigarh,Truck,Unknown,4,18-30,Unknown,Unknown,Foggy,Dry,Dusk,4,0,1,Fatal
KAG_000432,Kaggle_Accident_prediction,2022,December,Sunday,Odisha,Truck,Unknown,4,Over 51,Unknown,Unknown,Stormy,Damaged,Daylight,5,0,0,Minor
KAG_000433,Kaggle_Accident_prediction,2018,October,Saturday,Delhi,Truck,Unknown,3,Over 51,Unknown,Unknown,Clear,Under Construction,Dark,2,4,6,Minor
KAG_000434,Kaggle_Accident_prediction,2022,February,Monday,Kerala,Truck,Unknown,1,18-30,Unknown,Unknown,Foggy,Damaged,Dawn,4,5,9,Serious
KAG_000435,Kaggle_Accident_prediction,2019,March,Thursday,Jammu And Kashmir,Truck,Unknown,4,18-30,Unknown,Unknown,Stormy,Damaged,Dark,5,1,6,Minor
KAG_000436,Kaggle_Accident_prediction,2019,January,Thursday,Goa,Truck,Unknown,1,31-50,Unknown,Unknown,Rainy,Wet,Dawn,3,0,0,Fatal
KAG_000437,Kaggle_Accident_prediction,2021,November,Sunday,Telangana,Truck,Unknown,3,Over 51,Unknown,Unknown,Foggy,Damaged,Dawn,0,4,4,Serious
KAG_000438,Kaggle_Accident_prediction,2018,October,Wednesday,West Bengal,Truck,Unknown,4,Over 51,Unknown,Unknown,Clear,Under Construction,Dusk,2,5,7,Serious
KAG_000439,Kaggle_Accident_prediction,2022,June,Sunday,Odisha,Truck,Unknown,1,18-30,Unknown,Unknown,Foggy,Under Construction,Dawn,2,0,1,Serious
KAG_000440,Kaggle_Accident_prediction,2021,June,Thursday,Arunachal Pradesh,Truck,Unknown,2,Over 51,Unknown,Unknown,Hazy,Dry,Dark,2,4,6,Serious
KAG_000441,Kaggle_Accident_prediction,2022,November,Tuesday,Meghalaya,Truck,Unknown,4,31-50,Unknown,Unknown,Clear,Damaged,Dusk,4,4,8,Serious
KAG_000442,Kaggle_Accident_prediction,2023,January,Wednesday,Delhi,Truck,Unknown,2,31-50,Unknown,Unknown,Foggy,Damaged,Daylight,4,2,6,Minor
KAG_000443,Kaggle_Accident_prediction,2019,March,Thursday,Tamil Nadu,Truck,Unknown,3,Over 51,Unknown,Unknown,Rainy,Dry,Daylight,2,6,8,Fatal
KAG_000444,Kaggle_Accident_prediction,2019,May,Thursday,West Bengal,Truck,Unknown,3,Over 51,Unknown,Unknown,Rainy,Dry,Dawn,4,1,5,Fatal
KAG_000445,Kaggle_Accident_prediction,2021,February,Wednesday,Rajasthan,Truck,Unknown,3,Over 51,Unknown,Unknown,Foggy,Damaged,Daylight,0,7,7,Serious
KAG_000446,Kaggle_Accident_prediction,2023,February,Saturday,Haryana,Truck,Unknown,1,Over 51,Unknown,Unknown,Hazy,Damaged,Dawn,3,7,10,Fatal
KAG_000447,Kaggle_Accident_prediction,2023,August,Monday,Chandigarh,Truck,Unknown,1,Over 51,Unknown,Unknown,Rainy,Under Construction,Dark,3,4,7,Minor
KAG_000448,Kaggle_Accident_prediction,2019,December,Friday,Kerala,Truck,Unknown,5,18-30,Unknown,Unknown,Clear,Damaged,Dark,4,1,5,Serious
KAG_000449,Kaggle_Accident_prediction,2021,January,Sunday,Tamil Nadu,Truck,Unknown,5,31-50,Unknown,Unknown,Foggy,Wet,Dark,3,1,4,Minor
KAG_000450,Kaggle_road_csv,0,,Monday,Unknown,Truck,Unknown,2,18-30,31-50,Changing Lane To The Left,Normal,Dry,Daylight,0,0,2,Serious
KAG_000451,Kaggle_road_csv,0,,Friday,Unknown,Truck,Unknown,2,18-30,Under 18,Changing Lane To The Right,Normal,Dry,Daylight,0,0,1,Minor
KAG_000452,Kaggle_road_csv,0,,Thursday,Unknown,Truck,Unknown,2,31-50,Unknown,No Priority To Vehicle,Normal,Dry,Daylight,0,0,2,Minor
KAG_000453,Kaggle_road_csv,0,,Monday,Unknown,Truck,Unknown,2,18-30,Unknown,No Distancing,Raining,Wet Or Damp,Darkness - Lights Lit,0,0,3,Serious
KAG_000454,Kaggle_road_csv,0,,Tuesday,Unknown,Truck,Unknown,2,Under 18,Unknown,Getting Off The Vehicle Improperly,Normal,Dry,Daylight,0,0,1,Minor
KAG_000455,Kaggle_road_csv,0,,Thursday,Unknown,Truck,Unknown,1,18-30,18-30,Overtaking,Normal,Dry,Daylight,0,0,1,Serious