accident_id,source,year,month,day_of_week,state,vehicle_1,vehicle_2,vehicles_involved,party_age_group,victim_age_group,cause_of_accident,weather_condition,road_condition,lighting_condition,fatalities,injuries,casualties,severity
KAG_000456,Kaggle_road_csv,0,,Thursday,Unknown,Truck,Unknown,2,18-30,31-50,Overloading,Normal,Dry,Daylight,0,0,1,Serious
KAG_000457,Kaggle_road_csv,0,,Tuesday,Unknown,Truck,Unknown,2,18-30,18-30,Overspeed,Normal,Dry,Daylight,0,0,1,Minor
KAG_000458,Kaggle_road_csv,0,,Thursday,Unknown,Truck,Unknown,2,18-30,18-30,Changing Lane To The Right,Normal,Dry,Daylight,0,0,1,Minor
KAG_000459,Kaggle_road_csv,0,,Friday,Unknown,Truck,Unknown,1,31-50,Unknown,Changing Lane To The Right,Normal,Dry,Daylight,0,0,1,Serious
KAG_000460,Kaggle_road_csv,0,,Tuesday,Unknown,Truck,Unknown,2,Over 51,18-30,Driving Carelessly,Raining,Wet Or Damp,Daylight,0,0,1,Minor
KAG_000461,Kaggle_road_csv,0,,Wednesday,Unknown,Truck,Unknown,2,18-30,Unknown,Other,Normal,Dry,Daylight,0,0,1,Minor
KAG_000462,Kaggle_road_csv,0,,Monday,Unknown,Truck,Unknown,2,18-30,18-30,Changing Lane To The Left,Normal,Dry,Darkness - Lights Lit,0,0,1,Minor
KAG_000463,Kaggle_road_csv,0,,Tuesday,Unknown,Truck,Unknown,1,Over 51,31-50,Changing Lane To The Right,Normal,Dry,Daylight,0,0,1,Serious
KAG_000464,Kaggle_road_csv,0,,Wednesday,Unknown,Truck,Unknown,2,31-50,31-50,Changing Lane To The Left,Normal,Wet Or Damp,Darkness - Lights Lit,0,0,1,Serious
KAG_000465,Kaggle_road_csv,0,,Wednesday,Unknown,Truck,Unknown,2,31-50,18-30,Overturning,Normal,Wet Or Damp,Darkness - Lights Lit,0,0,1,Serious
KAG_000466,Kaggle_road_csv,0,,Sunday,Unknown,Truck,Unknown,1,Over 51,Under 18,No Distancing,Normal,Dry,Daylight,0,0,2,Minor
KAG_000467,Kaggle_road_csv,0,,Monday,Unknown,Truck,Unknown,2,18-30,31-50,Changing Lane To The Right,Normal,Dry,Daylight,0,0,1,Serious
KAG_000468,Kaggle_road_csv,0,,Sunday,Unknown,Truck,Unknown,2,31-50,31-50,Moving Backward,Normal,Dry,Daylight,0,0,1,Fatal
KAG_000469,Kaggle_road_csv,0,,Monday,Unknown,Truck,Unknown,2,18-30,Unknown,No Distancing,Normal,Dry,Daylight,0,0,1,Minor
KAG_000470,Kaggle_road_csv,0,,Thursday,Unknown,Truck,Unknown,3,18-30,Unknown,Driving Carelessly,Normal,Dry,Daylight,0,0,1,Minor
KAG_000471,Kaggle_road_csv,0,,Thursday,Unknown,Truck,Unknown,1,Under 18,Unknown,No Priority To Pedestrian,Normal,Dry,Darkness - No Lighting,0,0,4,Serious
KAG_000472,Kaggle_road_csv,0,,Monday,Unknown,Truck,Unknown,3,31-50,Unknown,Moving Backward,Normal,Dry,Darkness - Lights Unlit,0,0,1,Minor
KAG_000473,Kaggle_road_csv,0,,Saturday,Unknown,Truck,Unknown,2,18-30,18-30,Changing Lane To The Right,Normal,Dry,Darkness - Lights Lit,0,0,3,Minor
KAG_000474,Kaggle_road_csv,0,,Friday,Unknown,Truck,Unknown,3,18-30,Over 51,No Priority To Vehicle,Normal,Dry,Daylight,0,0,1,Minor
KAG_000475,Kaggle_road_csv,0,,Tuesday,Unknown,Truck,Unknown,1,18-30,18-30,No Priority To Vehicle,Normal,Dry,Daylight,0,0,1,Serious
KAG_000476,Kaggle_road_csv,0,,Saturday,Unknown,Truck,Unknown,1,31-50,Under 18,Driving To The Left,Normal,Wet Or Damp,Daylight,0,0,1,Minor
KAG_000477,Kaggle_road_csv,0,,Saturday,Unknown,Truck,Unknown,2,18-30,31-50,Changing Lane To The Right,Raining,Wet Or Damp,Darkness - Lights Lit,0,0,1,Minor
KAG_000478,Kaggle_road_csv,0,,Friday,Unknown,Truck,Unknown,1,31-50,Over 51,Moving Backward,Normal,Wet Or Damp,Darkness - No Lighting,0,0,1,Serious
KAG_000479,Kaggle_road_csv,0,,Thursday,Unknown,Truck,Unknown,1,Under 18,Unknown,Changing Lane To The Right,Normal,Wet Or Damp,Darkness - Lights Lit,0,0,2,Serious
KAG_000480,Kaggle_road_csv,0,,Friday,Unknown,Truck,Unknown,1,18-30,31-50,Driving Carelessly,Raining,Wet Or Damp,Darkness - Lights Lit,0,0,4,Minor
KAG_000481,Kaggle_road_csv,0,,Friday,Unknown,Truck,Unknown,1,18-30,18-30,Overtaking,Raining,Wet Or Damp,Darkness - Lights Lit,0,0,4,Minor
KAG_000482,Kaggle_road_csv,0,,Sunday,Unknown,Truck,Unknown,2,31-50,18-30,Changing Lane To The Right,Normal,Dry,Darkness - Lights Lit,0,0,2,Minor
KAG_000483,Kaggle_road_csv,0,,Sunday,Unknown,Truck,Unknown,2,18-30,31-50,Driving To The Left,Raining And Windy,Wet Or Damp,Darkness - Lights Lit,0,0,1,Minor
KAG_000484,Kaggle_road_csv,0,,Saturday,Unknown,Truck,Unknown,2,Unknown,Over 51,Overtaking,Cloudy,Dry,Daylight,0,0,2,Minor
KAG_000485,Kaggle_road_csv,0,,Saturday,Unknown,Truck,Unknown,2,31-50,Over 51,No Priority To Vehicle,Cloudy,Dry,Daylight,0,0,2,Minor
KAG_000486,Kaggle_road_csv,0,,Sunday,Unknown,Truck,Unknown,2,31-50,18-30,Other,Normal,Dry,Darkness - Lights Lit,0,0,1,Minor
KAG_000487,Kaggle_road_csv,0,,Monday,Unknown,Truck,Unknown,2,18-30,Unknown,Other,Normal,Dry,Daylight,0,0,2,Minor
KAG_000488,Kaggle_road_csv,0,,Wednesday,Unknown,Truck,Unknown,1,31-50,31-50,No Priority To Pedestrian,Other,Wet Or Damp,Daylight,0,0,1,Minor
KAG_000489,Kaggle_road_csv,0,,Friday,Unknown,Truck,Unknown,3,31-50,Unknown,No Priority To Pedestrian,Normal,Wet Or Damp,Darkness - Lights Lit,0,0,1,Minor
KAG_000490,Kaggle_road_csv,0,,Wednesday,Unknown,Truck,Unknown,1,Over 51,Unknown,Changing Lane To The Left,Normal,Dry,Daylight,0,0,1,Minor
KAG_000491,Kaggle_road_csv,0,,Tuesday,Unknown,Truck,Unknown,1,Unknown,18-30,Changing Lane To The Right,Normal,Wet Or Damp,Darkness - No Lighting,0,0,1,Minor
KAG_000492,Kaggle_road_csv,0,,Friday,Unknown,Truck,Unknown,2,18-30,Under 18,Changing Lane To The Left,Raining,Wet Or Damp,Darkness - Lights Lit,0,0,1,Minor
KAG_000493,Kaggle_road_csv,0,,Wednesday,Unknown,Truck,Unknown,2,18-30,Over 51,No Priority To Vehicle,Raining,Wet Or Damp,Darkness - No Lighting,0,0,1,Minor
KAG_000494,Kaggle_road_csv,0,,Wednesday,Unknown,Truck,Unknown,2,18-30,Under 18,Moving Backward,Raining,Wet Or Damp,Darkness - No Lighting,0,0,1,Minor
KAG_000495,Kaggle_road_csv,0,,Friday,Unknown,Truck,Unknown,2,31-50,Unknown,Turnover,Normal,Wet Or Damp,Daylight,0,0,1,Serious
KAG_000496,Kaggle_road_csv,0,,Thursday,Unknown,Truck,Unknown,2,31-50,18-30,Changing Lane To The Left,Windy,Wet Or Damp,Darkness - Lights Lit,0,0,1,Minor
KAG_000497,Kaggle_road_csv,0,,Thursday,Unknown,Truck,Unknown,2,31-50,31-50,Changing Lane To The Left,Raining,Wet Or Damp,Darkness - Lights Lit,0,0,1,Minor
KAG_000498,Kaggle_road_csv,0,,Tuesday,Unknown,Truck,Unknown,1,Over 51,18-30,Changing Lane To The Left,Normal,Wet Or Damp,Daylight,0,0,1,Serious
KAG_000499,Kaggle_road_csv,0,,Friday,Unknown,Truck,Unknown,2,18-30,31-50,Moving Backward,Raining,Wet Or Damp,Darkness - Lights Lit,0,0,3,Serious
KAG_000500,Kaggle_road_csv,0,,Friday,Unknown,Truck,Unknown,2,18-30,18-30,No Distancing,Raining,Wet Or Damp,Darkness - Lights Lit,0,0,3,Serious
KAG_000501,Kaggle_road_csv,0,,Thursday,Unknown,Truck,Unknown,2,18-30,Unknown,No Distancing,Raining,Wet Or Damp,Daylight,0,0,2,Minor
KAG_000502,Kaggle_road_csv,0,,Saturday,Unknown,Truck,Unknown,2,18-30,Unknown,Driving Carelessly,Normal,Wet Or Damp,Daylight,0,0,2,Minor
KAG_000503,Kaggle_road_csv,0,,Thursday,Unknown,Truck,Unknown,2,18-30,Over 51,Changing Lane To The Left,Raining,Wet Or Damp,Daylight,0,0,3,Minor
KAG_000504,Kaggle_road_csv,0,,Thursday,Unknown,Truck,Unknown,2,31-50,31-50,No Distancing,Normal,Wet Or Damp,Daylight,0,0,2,Minor
KAG_000505,Kaggle_road_csv,0,,Thursday,Unknown,Truck,Unknown,2,31-50,Under 18,Getting Off The Vehicle Improperly,Normal,Wet Or Damp,Daylight,0,0,2,Minor
KAG_000506,Kaggle_road_csv,0,,Monday,Unknown,Truck,Unknown,2,18-30,31-50,Moving Backward,Raining And Windy,Wet Or Damp,Darkness - Lights Lit,0,0,2,Minor
KAG_000507,Kaggle_road_csv,0,,Monday,Unknown,Truck,Unknown,2,18-30,Unknown,Turnover,Raining And Windy,Wet Or Damp,Darkness - Lights Lit,0,0,2,Minor
KAG_000508,Kaggle_road_csv,0,,Thursday,Unknown,Truck,Unknown,1,18-30,Under 18,No Distancing,Normal,Dry,Darkness - Lights Lit,0,0,1,Minor
KAG_000509,Kaggle_road_csv,0,,Wednesday,Unknown,Truck,Unknown,1,18-30,Over 51,Changing Lane To The Left,Normal,Dry,Darkness - Lights Lit,0,0,1,Minor
KAG_000510,Kaggle_road_csv,0,,Wednesday,Unknown,Truck,Unknown,1,31-50,Unknown,No Distancing,Normal,Dry,Daylight,0,0,1,Minor
KAG_000511,Kaggle_road_csv,0,,Friday,Unknown,Truck,Unknown,2,18-30,Unknown,No Distancing,Raining,Wet Or Damp,Darkness - Lights Lit,0,0,2,Minor
KAG_000512,Kaggle_road_csv,0,,Thursday,Unknown,Truck,Unknown,1,31-50,18-30,Changing Lane To The Right,Normal,Wet Or Damp,Daylight,0,0,1,Minor
KAG_000513,Kaggle_road_csv,0,,Friday,Unknown,Truck,Unknown,2,31-50,Unknown,Other,Normal,Wet Or Damp,Darkness - No Lighting,0,0,2,Serious
KAG_000514,Kaggle_road_csv,0,,Monday,Unknown,Truck,Unknown,3,31-50,Unknown,Changing Lane To The Left,Normal,Dry,Daylight,0,0,1,Minor
KAG_000515,Kaggle_road_csv,0,,Saturday,Unknown,Truck,Unknown,1,18-30,Unknown,No Priority To Vehicle,Normal,Dry,Daylight,0,0,1,Minor
KAG_000516,Kaggle_road_csv,0,,Wednesday,Unknown,Truck,Unknown,1,18-30,Unknown,Changing Lane To The Left,Normal,Wet Or Damp,Darkness - Lights Lit,0,0,1,Minor
KAG_000517,Kaggle_road_csv,0,,Sunday,Unknown,Truck,Unknown,2,31-50,Over 51,No Priority To Vehicle,Raining,Wet Or Damp,Darkness - Lights Lit,0,0,2,Minor
KAG_000518,Kaggle_road_csv,0,,Saturday,Unknown,Truck,Unknown,3,31-50,Unknown,Driving Under The Influence Of Drugs,Snow,Snow,Daylight,0,0,2,Minor
KAG_000519,Kaggle_road_csv,0,,Sunday,Unknown,Truck,Unknown,2,31-50,18-30,Changing Lane To The Left,Normal,Wet Or Damp,Darkness - Lights Lit,0,0,6,Minor
KAG_000520,Kaggle_road_csv,0,,Sunday,Unknown,Truck,Unknown,2,18-30,31-50,Changing Lane To The Right,Snow,Wet Or Damp,Daylight,0,0,1,Minor
KAG_000521,Kaggle_road_csv,0,,Friday,Unknown,Truck,Unknown,2,18-30,18-30,Driving To The Left,Normal,Dry,Darkness - Lights Lit,0,0,1,Minor
KAG_000522,Kaggle_road_csv,0,,Thursday,Unknown,Truck,Unknown,1,31-50,Over 51,No Distancing,Normal,Dry,Daylight,0,0,1,Minor
KAG_000523,Kaggle_road_csv,0,,Friday,Unknown,Truck,Unknown,2,Over 51,Unknown,Overtaking,Cloudy,Wet Or Damp,Darkness - Lights Lit,0,0,2,Minor
KAG_000524,Kaggle_road_csv,0,,Sunday,Unknown,Truck,Unknown,2,18-30,Unknown,No Priority To Vehicle,Normal,Dry,Daylight,0,0,1,Minor
KAG_000525,Kaggle_road_csv,0,,Wednesday,Unknown,Truck,Unknown,1,31-50,Unknown,Changing Lane To The Left,Raining,Wet Or Damp,Darkness - Lights Lit,0,0,1,Minor
KAG_000526,Kaggle_road_csv,0,,Wednesday,Unknown,Truck,Unknown,2,18-30,Under 18,Changing Lane To The Right,Windy,Wet Or Damp,Daylight,0,0,1,Minor
KAG_000527,Kaggle_road_csv,0,,Tuesday,Unknown,Truck,Unknown,1,18-30,31-50,Changing Lane To The Left,Normal,Dry,Darkness - Lights Lit,0,0,1,Minor
KAG_000528,Kaggle_road_csv,0,,Wednesday,Unknown,Truck,Unknown,2,18-30,18-30,Changing Lane To The Left,Normal,Dry,Daylight,0,0,1,Minor
KAG_000529,Kaggle_road_csv,0,,Saturday,Unknown,Truck,Unknown,1,31-50,31-50,No Distancing,Normal,Dry,Daylight,0,0,1,Minor
KAG_000530,Kaggle_road_csv,0,,Monday,Unknown,Truck,Unknown,2,18-30,Under 18,Changing Lane To The Right,Normal,Dry,Darkness - No Lighting,0,0,2,Minor
KAG_000531,Kaggle_road_csv,0,,Tuesday,Unknown,Truck,Unknown,1,31-50,Under 18,Changing Lane To The Left,Normal,Dry,Daylight,0,0,1,Minor
KAG_000532,Kaggle_road_csv,0,,Thursday,Unknown,Truck,Unknown,2,31-50,Unknown,Driving Carelessly,Normal,Wet Or Damp,Darkness - Lights Lit,0,0,1,Minor
KAG_000533,Kaggle_road_csv,0,,Sunday,Unknown,Truck,Unknown,2,31-50,18-30,Moving Backward,Raining,Wet Or Damp,Daylight,0,0,2,Minor
KAG_000534,Kaggle_road_csv,0,,Friday,Unknown,Truck,Unknown,2,18-30,31-50,Driving Carelessly,Normal,Dry,Daylight,0,0,1,Minor
KAG_000535,Kaggle_road_csv,0,,Monday,Unknown,Truck,Unknown,3,18-30,Unknown,Overturning,Unknown,Dry,Daylight,0,0,4,Serious
KAG_000536,Kaggle_road_csv,0,,Monday,Unknown,Truck,Unknown,3,Over 51,31-50,Driving Under The Influence Of Drugs,Unknown,Dry,Daylight,0,0,4,Serious
KAG_000537,Kaggle_road_csv,0,,Wednesday,Unknown,Truck,Unknown,2,18-30,31-50,No Priority To Vehicle,Raining,Wet Or Damp,Darkness - Lights Lit,0,0,1,Minor
KAG_000538,Kaggle_road_csv,0,,Wednesday,Unknown,Truck,Unknown,2,31-50,Over 51,Changing Lane To The Left,Raining,Wet Or Damp,Darkness - Lights Lit,0,0,1,Minor
KAG_000539,Kaggle_road_csv,0,,Friday,Unknown,Truck,Unknown,2,18-30,Unknown,No Priority To Vehicle,Normal,Dry,Daylight,0,0,1,Minor
KAG_000540,Kaggle_road_csv,0,,Friday,Unknown,Truck,Unknown,2,18-30,Under 18,Driving Carelessly,Raining,Wet Or Damp,Daylight,0,0,1,Minor
KAG_000541,Kaggle_road_csv,0,,Sunday,Unknown,Truck,Unknown,1,Unknown,31-50,No Priority To Vehicle,Normal,Dry,Darkness - Lights Lit,0,0,1,Minor
KAG_000542,Kaggle_road_csv,0,,Sunday,Unknown,Truck,Unknown,2,31-50,31-50,Changing Lane To The Right,Normal,Dry,Darkness - Lights Lit,0,0,2,Minor
KAG_000543,Kaggle_road_csv,0,,Sunday,Unknown,Truck,Unknown,2,31-50,Under 18,Driving Carelessly,Normal,Dry,Darkness - Lights Lit,0,0,2,Minor
KAG_000544,Kaggle_road_csv,0,,Tuesday,Unknown,Truck,Unknown,2,18-30,Under 18,Driving To The Left,Other,Wet Or Damp,Daylight,0,0,1,Minor
KAG_000545,Kaggle_road_csv,0,,Thursday,Unknown,Truck,Unknown,2,18-30,18-30,No Distancing,Normal,Dry,Daylight,0,0,1,Minor
KAG_000546,Kaggle_road_csv,0,,Wednesday,Unknown,Truck,Unknown,1,Over 51,Unknown,Moving Backward,Raining,Wet Or Damp,Darkness - Lights Lit,0,0,1,Fatal
KAG_000547,Kaggle_road_csv,0,,Tuesday,Unknown,Truck,Unknown,4,18-30,Unknown,Changing Lane To The Left,Normal,Wet Or Damp,Daylight,0,0,6,Serious
KAG_000548,Kaggle_road_csv,0,,Tuesday,Unknown,Truck,Unknown,4,18-30,18-30,No Distancing,Normal,Wet Or Damp,Daylight,0,0,6,Serious
KAG_000549,Kaggle_road_csv,0,,Tuesday,Unknown,Truck,Unknown,4,18-30,31-50,Getting Off The Vehicle Improperly,Normal,Wet Or Damp,Daylight,0,0,6,Serious
KAG_000550,Kaggle_road_csv,0,,Saturday,Unknown,Truck,Unknown,2,31-50,Unknown,No Priority To Pedestrian,Normal,Dry,Daylight,0,0,1,Minor
KAG_000551,Kaggle_road_csv,0,,Friday,Unknown,Truck,Unknown,3,Over 51,Unknown,Driving Carelessly,Normal,Dry,Darkness - Lights Lit,0,0,5,Serious
KAG_000552,Kaggle_road_csv,0,,Friday,Unknown,Truck,Unknown,2,18-30,Unknown,No Distancing,Normal,Dry,Darkness - Lights Lit,0,0,2,Minor
KAG_000553,Kaggle_road_csv,0,,Monday,Unknown,Truck,Unknown,2,Over 51,Unknown,Driving Carelessly,Normal,Dry,Daylight,0,0,1,Minor
KAG_000554,Kaggle_road_csv,0,,Sunday,Unknown,Truck,Unknown,2,31-50,Unknown,Driving Carelessly,Normal,Wet Or Damp,Daylight,0,0,1,Minor
KAG_000555,Kaggle_road_csv,0,,Sunday,Unknown,Truck,Unknown,2,Unknown,31-50,Driving To The Left,Normal,Wet Or Damp,Daylight,0,0,1,Minor
KAG_000556,Kaggle_road_csv,0,,Monday,Unknown,Truck,Unknown,2,Under 18,Unknown,Changing Lane To The Left,Normal,Dry,Daylight,0,0,1,Minor
KAG_000557,Kaggle_road_csv,0,,Saturday,Unknown,Truck,Unknown,2,18-30,Under 18,Driving Under The Influence Of Drugs,Normal,Dry,Daylight,0,0,1,Minor
KAG_000558,Kaggle_road_csv,0,,Sunday,Unknown,Truck,Unknown,2,Over 51,18-30,Driving To The Left,Normal,Dry,Daylight,0,0,3,Minor
KAG_000559,Kaggle_road_csv,0,,Tuesday,Unknown,Truck,Unknown,2,Over 51,Under 18,Moving Backward,Normal,Dry,Daylight,0,0,1,Minor
KAG_000560,Kaggle_road_csv,0,,Tuesday,Unknown,Truck,Unknown,2,31-50,31-50,Overtaking,Normal,Dry,Daylight,0,0,1,Minor
KAG_000561,Kaggle_road_csv,0,,Saturday,Unknown,Truck,Unknown,2,18-30,31-50,Changing Lane To The Left,Normal,Wet Or Damp,Daylight,0,0,3,Minor
KAG_000562,Kaggle_road_csv,0,,Sunday,Unknown,Truck,Unknown,4,Unknown,31-50,Turnover,Normal,Dry,Daylight,0,0,1,Minor
KAG_000563,Kaggle_road_csv,0,,Sunday,Unknown,Truck,Unknown,2,18-30,Unknown,No Distancing,Normal,Dry,Daylight,0,0,1,Serious
KAG_000564,Kaggle_road_csv,0,,Sunday,Unknown,Truck,Unknown,2,31-50,Unknown,Changing Lane To The Right,Normal,Dry,Daylight,0,0,1,Serious
KAG_000565,Kaggle_road_csv,0,,Thursday,Unknown,Truck,Unknown,4,31-50,Unknown,Changing Lane To The Left,Normal,Dry,Daylight,0,0,2,Minor
KAG_000566,Kaggle_road_csv,0,,Thursday,Unknown,Truck,Unknown,4,18-30,Over 51,Driving Carelessly,Normal,Dry,Daylight,0,0,2,Minor
KAG_000567,Kaggle_road_csv,0,,Thursday,Unknown,Truck,Unknown,4,31-50,31-50,No Priority To Vehicle,Normal,Dry,Daylight,0,0,2,Minor
KAG_000568,Kaggle_road_csv,0,,Wednesday,Unknown,Truck,Unknown,3,31-50,31-50,No Priority To Pedestrian,Raining,Wet Or Damp,Daylight,0,0,1,Minor
KAG_000569,Kaggle_road_csv,0,,Monday,Unknown,Truck,Unknown,2,31-50,Unknown,Changing Lane To The Left,Normal,Dry,Daylight,0,0,1,Minor
KAG_000570,Kaggle_road_csv,0,,Saturday,Unknown,Truck,Unknown,1,Under 18,Unknown,Driving Carelessly,Normal,Dry,Daylight,0,0,1,Serious
KAG_000571,Kaggle_road_csv,0,,Tuesday,Unknown,Truck,Unknown,2,Under 18,18-30,Changing Lane To The Right,Raining,Wet Or Damp,Daylight,0,0,2,Serious
KAG_000572,Kaggle_road_csv,0,,Friday,Unknown,Truck,Unknown,1,Over 51,18-30,No Distancing,Normal,Dry,Daylight,0,0,1,Minor
KAG_000573,Kaggle_road_csv,0,,Wednesday,Unknown,Truck,Unknown,2,18-30,18-30,No Distancing,Normal,Dry,Daylight,0,0,1,Minor
KAG_000574,Kaggle_road_csv,0,,Thursday,Unknown,Truck,Unknown,2,Under 18,18-30,No Distancing,Normal,Dry,Daylight,0,0,1,Minor
KAG_000575,Kaggle_road_csv,0,,Thursday,Unknown,Truck,Unknown,2,Over 51,Unknown,Overturning,Normal,Dry,Daylight,0,0,1,Minor
KAG_000576,Kaggle_road_csv,0,,Sunday,Unknown,Truck,Unknown,1,18-30,Under 18,Drunk Driving,Normal,Dry,Darkness - Lights Lit,0,0,2,Serious
KAG_000577,Kaggle_road_csv,0,,Monday,Unknown,Truck,Unknown,4,31-50,31-50,Moving Backward,Normal,Dry,Daylight,0,0,1,Minor
KAG_000578,Kaggle_road_csv,0,,Monday,Unknown,Truck,Unknown,4,31-50,Under 18,Driving At High Speed,Normal,Dry,Daylight,0,0,1,Minor
KAG_000579,Kaggle_road_csv,0,,Friday,Unknown,Truck,Unknown,3,31-50,Under 18,Changing Lane To The Left,Normal,Dry,Daylight,0,0,4,Minor
KAG_000580,Kaggle_road_csv,0,,Saturday,Unknown,Truck,Unknown,1,18-30,18-30,Changing Lane To The Right,Normal,Dry,Darkness - Lights Lit,0,0,2,Serious
KAG_000581,Kaggle_road_csv,0,,Tuesday,Unknown,Truck,Unknown,2,31-50,18-30,Overturning,Normal,Dry,Daylight,0,0,1,Minor
KAG_000582,Kaggle_road_csv,0,,Tuesday,Unknown,Truck,Unknown,2,Under 18,Unknown,Changing Lane To The Right,Normal,Dry,Daylight,0,0,1,Minor
KAG_000583,Kaggle_road_csv,0,,Wednesday,Unknown,Truck,Unknown,2,Over 51,Under 18,Moving Backward,Normal,Dry,Daylight,0,0,2,Minor
KAG_000584,Kaggle_road_csv,0,,Sunday,Unknown,Truck,Unknown,2,18-30,Unknown,Changing Lane To The Right,Raining,Wet Or Damp,Daylight,0,0,4,Minor
KAG_000585,Kaggle_road_csv,0,,Sunday,Unknown,Truck,Unknown,2,18-30,Over 51,Driving To The Left,Raining,Wet Or Damp,Daylight,0,0,4,Minor
KAG_000586,Kaggle_road_csv,0,,Wednesday,Unknown,Truck,Unknown,2,18-30,Over 51,Changing Lane To The Left,Normal,Dry,Daylight,0,0,1,Minor
KAG_000587,Kaggle_road_csv,0,,Monday,Unknown,Truck,Unknown,2,Under 18,18-30,No Distancing,Raining,Wet Or Damp,Daylight,0,0,1,Minor
KAG_000588,Kaggle_road_csv,0,,Monday,Unknown,Truck,Unknown,2,Unknown,Over 51,Changing Lane To The Left,Raining,Wet Or Damp,Daylight,0,0,1,Minor
KAG_000589,Kaggle_road_csv,0,,Friday,Unknown,Truck,Unknown,2,Over 51,31-50,No Distancing,Raining,Wet Or Damp,Daylight,0,0,2,Minor
KAG_000590,Kaggle_road_csv,0,,Sunday,Unknown,Truck,Unknown,2,31-50,Unknown,Moving Backward,Normal,Dry,Darkness - Lights Lit,0,0,4,Fatal
KAG_000591,Kaggle_road_csv,0,,Friday,Unknown,Truck,Unknown,1,Over 51,31-50,Changing Lane To The Right,Normal,Wet Or Damp,Daylight,0,0,1,Minor
KAG_000592,Kaggle_road_csv,0,,Monday,Unknown,Truck,Unknown,2,18-30,Unknown,No Distancing,Normal,Dry,Daylight,0,0,1,Minor
KAG_000593,Kaggle_road_csv,0,,Tuesday,Unknown,Truck,Unknown,2,31-50,18-30,No Priority To Pedestrian,Normal,Dry,Daylight,0,0,1,Serious
KAG_000594,Kaggle_road_csv,0,,Sunday,Unknown,Truck,Unknown,2,18-30,18-30,Changing Lane To The Right,Normal,Dry,Daylight,0,0,1,Minor
KAG_000595,Kaggle_road_csv,0,,Thursday,Unknown,Truck,Unknown,2,18-30,Over 51,No Distancing,Normal,Dry,Daylight,0,0,1,Serious
KAG_000596,Kaggle_road_csv,0,,Friday,Unknown,Truck,Unknown,2,31-50,Under 18,Changing Lane To The Right,Normal,Dry,Daylight,0,0,1,Minor
KAG_000597,Kaggle_road_csv,0,,Monday,Unknown,Truck,Unknown,2,Over 51,Under 18,Moving Backward,Normal,Dry,Daylight,0,0,1,Minor
KAG_000598,Kaggle_road_csv,0,,Monday,Unknown,Truck,Unknown,2,31-50,Unknown,No Distancing,Normal,Dry,Daylight,0,0,1,Minor
KAG_000599,Kaggle_road_csv,0,,Wednesday,Unknown,Truck,Unknown,2,Under 18,Unknown,No Priority To Vehicle,Raining,Wet Or Damp,Darkness - No Lighting,0,0,1,Minor
KAG_000600,Kaggle_road_csv,0,,Friday,Unknown,Truck,Unknown,3,Over 51,18-30,No Priority To Vehicle,Normal,Dry,Daylight,0,0,2,Minor
KAG_000601,Kaggle_road_csv,0,,Tuesday,Unknown,Truck,Unknown,2,31-50,18-30,Driving At High Speed,Normal,Dry,Daylight,0,0,1,Serious
KAG_000602,Kaggle_road_csv,0,,Tuesday,Unknown,Truck,Unknown,2,Over 51,Over 51,No Distancing,Normal,Dry,Daylight,0,0,1,Serious
KAG_000603,Kaggle_road_csv,0,,Tuesday,Unknown,Truck,Unknown,3,Unknown,Unknown,No Distancing,Normal,Dry,Daylight,0,0,1,Minor
KAG_000604,Kaggle_road_csv,0,,Tuesday,Unknown,Truck,Unknown,2,Over 51,Unknown,Changing Lane To The Right,Normal,Dry,Darkness - Lights Lit,0,0,1,Minor
KAG_000605,Kaggle_road_csv,0,,Tuesday,Unknown,Truck,Unknown,2,Under 18,31-50,No Priority To Vehicle,Normal,Dry,Daylight,0,0,1,Minor
KAG_000606,Kaggle_road_csv,0,,Tuesday,Unknown,Truck,Unknown,2,18-30,Under 18,Changing Lane To The Left,Normal,Dry,Darkness - Lights Lit,0,0,1,Minor
KAG_000607,Kaggle_road_csv,0,,Friday,Unknown,Truck,Unknown,1,31-50,Unknown,Changing Lane To The Right,Normal,Dry,Daylight,0,0,1,Minor
KAG_000608,Kaggle_road_csv,0,,Monday,Unknown,Truck,Unknown,2,18-30,Over 51,Changing Lane To The Right,Normal,Wet Or Damp,Darkness - Lights Lit,0,0,2,Minor
KAG_000609,Kaggle_road_csv,0,,Thursday,Unknown,Truck,Unknown,2,31-50,18-30,Driving Carelessly,Raining,Wet Or Damp,Darkness - Lights Lit,0,0,1,Minor
KAG_000610,Kaggle_road_csv,0,,Friday,Unknown,Truck,Unknown,2,Over 51,Unknown,Changing Lane To The Left,Normal,Wet Or Damp,Darkness - Lights Lit,0,0,1,Minor
KAG_000611,Kaggle_road_csv,0,,Thursday,Unknown,Truck,Unknown,2,18-30,18-30,Moving Backward,Normal,Wet Or Damp,Daylight,0,0,1,Serious