accident_id,source,year,month,day_of_week,state,vehicle_1,vehicle_2,vehicles_involved,party_age_group,victim_age_group,cause_of_accident,weather_condition,road_condition,lighting_condition,fatalities,injuries,casualties,severity
KAG_000612,Kaggle_road_csv,0,,Monday,Unknown,Truck,Unknown,2,Unknown,31-50,No Priority To Vehicle,Normal,Dry,Daylight,0,0,2,Minor
KAG_000613,Kaggle_road_csv,0,,Thursday,Unknown,Truck,Unknown,1,Over 51,Unknown,Moving Backward,Other,Wet Or Damp,Daylight,0,0,1,Minor
KAG_000614,Kaggle_road_csv,0,,Wednesday,Unknown,Truck,Unknown,2,18-30,31-50,Changing Lane To The Left,Normal,Wet Or Damp,Darkness - Lights Lit,0,0,1,Minor
KAG_000615,Kaggle_road_csv,0,,Wednesday,Unknown,Truck,Unknown,2,Under 18,Unknown,Moving Backward,Cloudy,Wet Or Damp,Darkness - Lights Lit,0,0,1,Minor
KAG_000616,Kaggle_road_csv,0,,Sunday,Unknown,Truck,Unknown,2,31-50,18-30,No Priority To Pedestrian,Normal,Dry,Darkness - Lights Lit,0,0,1,Minor
KAG_000617,Kaggle_road_csv,0,,Wednesday,Unknown,Truck,Unknown,1,31-50,31-50,No Distancing,Raining,Wet Or Damp,Darkness - Lights Lit,0,0,1,Minor
KAG_000618,Kaggle_road_csv,0,,Tuesday,Unknown,Truck,Unknown,2,18-30,Under 18,Changing Lane To The Left,Raining,Wet Or Damp,Darkness - Lights Lit,0,0,1,Serious
KAG_000619,Kaggle_road_csv,0,,Wednesday,Unknown,Truck,Unknown,2,Under 18,Over 51,No Distancing,Raining,Wet Or Damp,Darkness - Lights Lit,0,0,2,Minor
KAG_000620,Kaggle_road_csv,0,,Wednesday,Unknown,Truck,Unknown,2,18-30,Unknown,Changing Lane To The Right,Raining,Wet Or Damp,Darkness - Lights Lit,0,0,2,Minor
KAG_000621,Kaggle_road_csv,0,,Monday,Unknown,Truck,Unknown,2,18-30,Unknown,No Distancing,Normal,Dry,Darkness - Lights Lit,0,0,1,Minor
KAG_000622,Kaggle_road_csv,0,,Wednesday,Unknown,Truck,Unknown,1,18-30,18-30,Changing Lane To The Left,Normal,Wet Or Damp,Darkness - Lights Lit,0,0,1,Serious
KAG_000623,Kaggle_road_csv,0,,Wednesday,Unknown,Truck,Unknown,2,31-50,Under 18,Changing Lane To The Right,Normal,Dry,Darkness - Lights Lit,0,0,1,Minor
KAG_000624,Kaggle_road_csv,0,,Thursday,Unknown,Truck,Unknown,2,18-30,Over 51,Driving Carelessly,Normal,Wet Or Damp,Daylight,0,0,1,Serious
KAG_000625,Kaggle_road_csv,0,,Monday,Unknown,Truck,Unknown,2,Over 51,Under 18,No Distancing,Raining,Wet Or Damp,Daylight,0,0,2,Minor
KAG_000626,Kaggle_road_csv,0,,Monday,Unknown,Truck,Unknown,2,31-50,Unknown,No Priority To Vehicle,Raining,Wet Or Damp,Daylight,0,0,1,Minor
KAG_000627,Kaggle_road_csv,0,,Friday,Unknown,Truck,Unknown,1,18-30,31-50,No Priority To Pedestrian,Raining,Wet Or Damp,Darkness - Lights Lit,0,0,1,Serious
KAG_000628,Kaggle_road_csv,0,,Monday,Unknown,Truck,Unknown,2,31-50,Unknown,Driving Under The Influence Of Drugs,Normal,Dry,Darkness - Lights Lit,0,0,2,Minor
KAG_000629,Kaggle_road_csv,0,,Thursday,Unknown,Truck,Unknown,1,31-50,18-30,Moving Backward,Normal,Dry,Darkness - Lights Lit,0,0,1,Serious
KAG_000630,Kaggle_road_csv,0,,Sunday,Unknown,Truck,Unknown,2,31-50,18-30,No Priority To Vehicle,Normal,Dry,Daylight,0,0,1,Minor
KAG_000631,Kaggle_road_csv,0,,Wednesday,Unknown,Truck,Unknown,3,18-30,Under 18,No Distancing,Normal,Dry,Daylight,0,0,1,Serious
KAG_000632,Kaggle_road_csv,0,,Wednesday,Unknown,Truck,Unknown,3,Over 51,Unknown,Moving Backward,Normal,Dry,Daylight,0,0,1,Serious
KAG_000633,Kaggle_road_csv,0,,Sunday,Unknown,Truck,Unknown,3,Under 18,31-50,Driving Under The Influence Of Drugs,Normal,Wet Or Damp,Daylight,0,0,4,Minor
KAG_000634,Kaggle_road_csv,0,,Sunday,Unknown,Truck,Unknown,3,31-50,31-50,No Priority To Vehicle,Normal,Wet Or Damp,Daylight,0,0,4,Minor
KAG_000635,Kaggle_road_csv,0,,Thursday,Unknown,Truck,Unknown,2,31-50,Under 18,No Priority To Pedestrian,Cloudy,Dry,Darkness - No Lighting,0,0,1,Minor
KAG_000636,Kaggle_road_csv,0,,Friday,Unknown,Truck,Unknown,2,31-50,Unknown,Drunk Driving,Normal,Wet Or Damp,Darkness - Lights Lit,0,0,2,Minor
KAG_000637,Kaggle_road_csv,0,,Wednesday,Unknown,Truck,Unknown,1,Unknown,18-30,Changing Lane To The Left,Normal,Dry,Darkness - Lights Lit,0,0,1,Minor
KAG_000638,Kaggle_road_csv,0,,Friday,Unknown,Truck,Unknown,2,Unknown,Under 18,No Priority To Vehicle,Normal,Dry,Darkness - Lights Lit,0,0,1,Serious
KAG_000639,Kaggle_road_csv,0,,Tuesday,Unknown,Truck,Unknown,2,31-50,31-50,Overtaking,Other,Wet Or Damp,Darkness - Lights Lit,0,0,3,Minor
KAG_000640,Kaggle_road_csv,0,,Tuesday,Unknown,Truck,Unknown,2,31-50,Over 51,Changing Lane To The Right,Other,Wet Or Damp,Darkness - Lights Lit,0,0,3,Minor
KAG_000641,Kaggle_road_csv,0,,Friday,Unknown,Truck,Unknown,2,31-50,18-30,Overtaking,Normal,Dry,Daylight,0,0,2,Serious
KAG_000642,Kaggle_road_csv,0,,Monday,Unknown,Truck,Unknown,2,31-50,Unknown,Changing Lane To The Right,Normal,Wet Or Damp,Darkness - Lights Unlit,0,0,2,Minor
KAG_000643,Kaggle_road_csv,0,,Monday,Unknown,Truck,Unknown,2,31-50,Unknown,Moving Backward,Normal,Wet Or Damp,Darkness - Lights Unlit,0,0,2,Minor
KAG_000644,Kaggle_road_csv,0,,Wednesday,Unknown,Truck,Unknown,2,Over 51,Unknown,No Distancing,Windy,Wet Or Damp,Darkness - Lights Lit,0,0,1,Minor
KAG_000645,Kaggle_road_csv,0,,Saturday,Unknown,Truck,Unknown,2,18-30,Unknown,Getting Off The Vehicle Improperly,Unknown,Dry,Daylight,0,0,1,Minor
KAG_000646,Kaggle_road_csv,0,,Saturday,Unknown,Truck,Unknown,2,Over 51,Unknown,Changing Lane To The Left,Normal,Dry,Daylight,0,0,3,Minor
KAG_000647,Kaggle_road_csv,0,,Sunday,Unknown,Truck,Unknown,2,Over 51,Under 18,Changing Lane To The Right,Normal,Dry,Daylight,0,0,2,Minor
KAG_000648,Kaggle_road_csv,0,,Sunday,Unknown,Truck,Unknown,2,31-50,31-50,Overspeed,Normal,Dry,Daylight,0,0,2,Minor
KAG_000649,Kaggle_road_csv,0,,Wednesday,Unknown,Truck,Unknown,2,Over 51,31-50,Changing Lane To The Right,Normal,Dry,Daylight,0,0,2,Minor
KAG_000650,Kaggle_road_csv,0,,Wednesday,Unknown,Truck,Unknown,2,31-50,Unknown,No Priority To Pedestrian,Normal,Dry,Daylight,0,0,2,Minor
KAG_000651,Kaggle_road_csv,0,,Thursday,Unknown,Truck,Unknown,2,18-30,31-50,No Distancing,Normal,Dry,Darkness - Lights Lit,0,0,1,Minor
KAG_000652,Kaggle_road_csv,0,,Thursday,Unknown,Truck,Unknown,2,31-50,Under 18,Changing Lane To The Right,Normal,Dry,Darkness - Lights Lit,0,0,1,Minor
KAG_000653,Kaggle_road_csv,0,,Friday,Unknown,Truck,Unknown,2,31-50,Unknown,Changing Lane To The Right,Normal,Dry,Darkness - Lights Lit,0,0,1,Minor
KAG_000654,Kaggle_road_csv,0,,Saturday,Unknown,Truck,Unknown,2,31-50,Unknown,No Priority To Vehicle,Normal,Wet Or Damp,Darkness - Lights Lit,0,0,1,Serious
KAG_000655,Kaggle_road_csv,0,,Wednesday,Unknown,Truck,Unknown,2,31-50,18-30,Overtaking,Normal,Dry,Darkness - Lights Lit,0,0,1,Minor
KAG_000656,Kaggle_road_csv,0,,Wednesday,Unknown,Truck,Unknown,2,Under 18,Under 18,No Priority To Pedestrian,Normal,Dry,Darkness - Lights Lit,0,0,1,Minor
KAG_000657,Kaggle_road_csv,0,,Wednesday,Unknown,Truck,Unknown,2,31-50,18-30,Changing Lane To The Right,Normal,Dry,Daylight,0,0,1,Serious
KAG_000658,Kaggle_road_csv,0,,Friday,Unknown,Truck,Unknown,2,Over 51,Unknown,Overtaking,Normal,Dry,Daylight,0,0,1,Serious
KAG_000659,Kaggle_road_csv,0,,Friday,Unknown,Truck,Unknown,4,Over 51,Unknown,No Priority To Vehicle,Normal,Dry,Daylight,0,0,5,Minor
KAG_000660,Kaggle_road_csv,0,,Friday,Unknown,Truck,Unknown,4,31-50,18-30,Changing Lane To The Right,Normal,Dry,Daylight,0,0,5,Minor
KAG_000661,Kaggle_road_csv,0,,Wednesday,Unknown,Truck,Unknown,2,18-30,Unknown,Driving Carelessly,Normal,Dry,Daylight,0,0,1,Minor
KAG_000662,Kaggle_road_csv,0,,Saturday,Unknown,Truck,Unknown,3,18-30,18-30,Changing Lane To The Left,Normal,Wet Or Damp,Daylight,0,0,1,Minor
KAG_000663,Kaggle_road_csv,0,,Thursday,Unknown,Truck,Unknown,2,18-30,Unknown,Changing Lane To The Right,Normal,Dry,Darkness - Lights Lit,0,0,1,Minor
KAG_000664,Kaggle_road_csv,0,,Tuesday,Unknown,Truck,Unknown,2,18-30,18-30,Changing Lane To The Right,Normal,Dry,Darkness - Lights Lit,0,0,1,Minor
KAG_000665,Kaggle_road_csv,0,,Tuesday,Unknown,Truck,Unknown,1,18-30,Unknown,Moving Backward,Normal,Dry,Daylight,0,0,1,Minor
KAG_000666,Kaggle_road_csv,0,,Friday,Unknown,Truck,Unknown,3,18-30,Unknown,Driving Carelessly,Normal,Wet Or Damp,Daylight,0,0,2,Minor
KAG_000667,Kaggle_road_csv,0,,Friday,Unknown,Truck,Unknown,3,18-30,Unknown,No Distancing,Normal,Wet Or Damp,Daylight,0,0,2,Minor
KAG_000668,Kaggle_road_csv,0,,Sunday,Unknown,Truck,Unknown,3,Over 51,Over 51,Driving Carelessly,Normal,Dry,Daylight,0,0,1,Serious
KAG_000669,Kaggle_road_csv,0,,Friday,Unknown,Truck,Unknown,1,Unknown,31-50,Driving Carelessly,Normal,Dry,Daylight,0,0,3,Serious
KAG_000670,Kaggle_road_csv,0,,Friday,Unknown,Truck,Unknown,1,Unknown,Under 18,Changing Lane To The Right,Normal,Dry,Daylight,0,0,3,Serious
KAG_000671,Kaggle_road_csv,0,,Friday,Unknown,Truck,Unknown,2,18-30,31-50,Driving Carelessly,Normal,Dry,Daylight,0,0,4,Minor
KAG_000672,Kaggle_road_csv,0,,Friday,Unknown,Truck,Unknown,2,18-30,Unknown,Driving Carelessly,Normal,Dry,Daylight,0,0,4,Minor
KAG_000673,Kaggle_road_csv,0,,Monday,Unknown,Truck,Unknown,2,Over 51,Unknown,Other,Normal,Dry,Daylight,0,0,2,Minor
KAG_000674,Kaggle_road_csv,0,,Sunday,Unknown,Truck,Unknown,2,31-50,Unknown,No Priority To Vehicle,Normal,Dry,Daylight,0,0,1,Minor
KAG_000675,Kaggle_road_csv,0,,Sunday,Unknown,Truck,Unknown,2,31-50,Under 18,Moving Backward,Normal,Dry,Daylight,0,0,3,Serious
KAG_000676,Kaggle_road_csv,0,,Sunday,Unknown,Truck,Unknown,2,31-50,Over 51,Other,Normal,Dry,Daylight,0,0,3,Serious
KAG_000677,Kaggle_road_csv,0,,Friday,Unknown,Truck,Unknown,2,18-30,31-50,No Priority To Vehicle,Normal,Dry,Daylight,0,0,1,Minor
KAG_000678,Kaggle_road_csv,0,,Saturday,Unknown,Truck,Unknown,2,18-30,18-30,Moving Backward,Normal,Dry,Daylight,0,0,1,Minor
KAG_000679,Kaggle_road_csv,0,,Thursday,Unknown,Truck,Unknown,1,18-30,18-30,No Distancing,Normal,Dry,Daylight,0,0,1,Minor
KAG_000680,Kaggle_road_csv,0,,Sunday,Unknown,Truck,Unknown,2,31-50,Under 18,No Distancing,Normal,Dry,Daylight,0,0,1,Serious
KAG_000681,Kaggle_road_csv,0,,Saturday,Unknown,Truck,Unknown,2,18-30,18-30,No Priority To Pedestrian,Normal,Dry,Darkness - Lights Lit,0,0,2,Minor
KAG_000682,Kaggle_road_csv,0,,Saturday,Unknown,Truck,Unknown,2,18-30,Unknown,Moving Backward,Normal,Dry,Darkness - Lights Lit,0,0,2,Minor
KAG_000683,Kaggle_road_csv,0,,Friday,Unknown,Truck,Unknown,2,Over 51,Unknown,Overtaking,Raining,Wet Or Damp,Daylight,0,0,1,Minor
KAG_000684,Kaggle_road_csv,0,,Sunday,Unknown,Truck,Unknown,2,31-50,Unknown,Changing Lane To The Right,Normal,Dry,Daylight,0,0,4,Minor
KAG_000685,Kaggle_road_csv,0,,Saturday,Unknown,Truck,Unknown,1,18-30,Unknown,No Priority To Pedestrian,Normal,Dry,Daylight,0,0,1,Minor
KAG_000686,Kaggle_road_csv,0,,Thursday,Unknown,Truck,Unknown,2,18-30,Unknown,Improper Parking,Normal,Dry,Daylight,0,0,1,Fatal
KAG_000687,Kaggle_road_csv,0,,Thursday,Unknown,Truck,Unknown,2,31-50,18-30,Driving Carelessly,Normal,Dry,Daylight,0,0,4,Minor
KAG_000688,Kaggle_road_csv,0,,Sunday,Unknown,Truck,Unknown,3,Over 51,Over 51,No Distancing,Normal,Dry,Darkness - Lights Lit,0,0,4,Minor
KAG_000689,Kaggle_road_csv,0,,Sunday,Unknown,Truck,Unknown,3,Under 18,Under 18,Changing Lane To The Left,Normal,Dry,Darkness - Lights Lit,0,0,4,Minor
KAG_000690,Kaggle_road_csv,0,,Wednesday,Unknown,Truck,Unknown,2,Over 51,31-50,Overtaking,Normal,Dry,Daylight,0,0,2,Minor
KAG_000691,Kaggle_road_csv,0,,Tuesday,Unknown,Truck,Unknown,2,18-30,Under 18,Driving Carelessly,Normal,Dry,Daylight,0,0,1,Minor
KAG_000692,Kaggle_road_csv,0,,Monday,Unknown,Truck,Unknown,2,18-30,Under 18,Changing Lane To The Right,Normal,Dry,Daylight,0,0,1,Minor
KAG_000693,Kaggle_road_csv,0,,Monday,Unknown,Truck,Unknown,2,31-50,Over 51,Other,Normal,Dry,Daylight,0,0,1,Serious
KAG_000694,Kaggle_road_csv,0,,Saturday,Unknown,Truck,Unknown,3,18-30,18-30,Changing Lane To The Right,Normal,Dry,Daylight,0,0,2,Minor
KAG_000695,Kaggle_road_csv,0,,Friday,Unknown,Truck,Unknown,2,31-50,31-50,No Priority To Vehicle,Normal,Dry,Daylight,0,0,1,Serious
KAG_000696,Kaggle_road_csv,0,,Friday,Unknown,Truck,Unknown,2,18-30,Unknown,No Priority To Pedestrian,Normal,Dry,Daylight,0,0,2,Minor
KAG_000697,Kaggle_road_csv,0,,Friday,Unknown,Truck,Unknown,2,Unknown,Unknown,No Priority To Vehicle,Normal,Dry,Darkness - Lights Lit,0,0,1,Minor
KAG_000698,Kaggle_road_csv,0,,Thursday,Unknown,Truck,Unknown,2,18-30,Over 51,No Priority To Pedestrian,Normal,Dry,Daylight,0,0,1,Minor
KAG_000699,Kaggle_road_csv,0,,Wednesday,Unknown,Truck,Unknown,1,18-30,31-50,No Distancing,Normal,Dry,Daylight,0,0,1,Serious
KAG_000700,Kaggle_road_csv,0,,Thursday,Unknown,Truck,Unknown,2,18-30,Unknown,Overloading,Normal,Dry,Daylight,0,0,4,Minor
KAG_000701,Kaggle_road_csv,0,,Wednesday,Unknown,Truck,Unknown,1,18-30,Over 51,Changing Lane To The Left,Normal,Dry,Daylight,0,0,1,Serious
KAG_000702,Kaggle_road_csv,0,,Friday,Unknown,Truck,Unknown,2,31-50,18-30,Overspeed,Normal,Dry,Daylight,0,0,6,Minor
KAG_000703,Kaggle_road_csv,0,,Friday,Unknown,Truck,Unknown,2,18-30,Under 18,Changing Lane To The Right,Normal,Dry,Daylight,0,0,6,Minor
KAG_000704,Kaggle_road_csv,0,,Wednesday,Unknown,Truck,Unknown,2,31-50,Under 18,Driving Carelessly,Normal,Dry,Daylight,0,0,1,Minor
KAG_000705,Kaggle_road_csv,0,,Friday,Unknown,Truck,Unknown,2,18-30,18-30,Changing Lane To The Left,Raining,Wet Or Damp,Daylight,0,0,1,Minor
KAG_000706,Kaggle_road_csv,0,,Thursday,Unknown,Truck,Unknown,3,18-30,Unknown,Changing Lane To The Right,Normal,Dry,Daylight,0,0,1,Minor
KAG_000707,Kaggle_road_csv,0,,Wednesday,Unknown,Truck,Unknown,2,Over 51,31-50,No Distancing,Normal,Dry,Daylight,0,0,1,Minor
KAG_000708,Kaggle_road_csv,0,,Thursday,Unknown,Truck,Unknown,2,Over 51,18-30,Changing Lane To The Right,Other,Dry,Daylight,0,0,4,Minor
KAG_000709,Kaggle_road_csv,0,,Wednesday,Unknown,Truck,Unknown,2,18-30,Unknown,No Distancing,Normal,Dry,Daylight,0,0,1,Minor
KAG_000710,Kaggle_road_csv,0,,Monday,Unknown,Truck,Unknown,2,Over 51,Unknown,No Priority To Pedestrian,Normal,Dry,Daylight,0,0,1,Serious
KAG_000711,Kaggle_road_csv,0,,Monday,Unknown,Truck,Unknown,2,Over 51,31-50,No Distancing,Normal,Dry,Daylight,0,0,1,Serious
KAG_000712,Kaggle_road_csv,0,,Saturday,Unknown,Truck,Unknown,2,31-50,Under 18,Changing Lane To The Right,Normal,Dry,Daylight,0,0,1,Minor
KAG_000713,Kaggle_road_csv,0,,Wednesday,Unknown,Truck,Unknown,3,18-30,31-50,Overtaking,Normal,Wet Or Damp,Daylight,0,0,2,Serious
KAG_000714,Kaggle_road_csv,0,,Tuesday,Unknown,Truck,Unknown,2,18-30,31-50,No Priority To Pedestrian,Normal,Dry,Daylight,0,0,1,Minor
KAG_000715,Kaggle_road_csv,0,,Saturday,Unknown,Truck,Unknown,2,18-30,Under 18,Driving Carelessly,Normal,Dry,Daylight,0,0,1,Minor
KAG_000716,Kaggle_road_csv,0,,Friday,Unknown,Truck,Unknown,2,18-30,Over 51,Moving Backward,Normal,Wet Or Damp,Daylight,0,0,2,Minor
KAG_000717,Kaggle_road_csv,0,,Thursday,Unknown,Truck,Unknown,2,31-50,Over 51,Other,Normal,Dry,Daylight,0,0,1,Minor
KAG_000718,Kaggle_road_csv,0,,Thursday,Unknown,Truck,Unknown,2,Over 51,Under 18,Changing Lane To The Right,Normal,Dry,Daylight,0,0,1,Minor
KAG_000719,Kaggle_road_csv,0,,Monday,Unknown,Truck,Unknown,2,18-30,18-30,No Distancing,Normal,Dry,Daylight,0,0,1,Serious
KAG_000720,Kaggle_road_csv,0,,Tuesday,Unknown,Truck,Unknown,1,31-50,Unknown,No Distancing,Normal,Dry,Daylight,0,0,1,Minor
KAG_000721,Kaggle_road_csv,0,,Thursday,Unknown,Truck,Unknown,2,18-30,31-50,Overturning,Normal,Dry,Daylight,0,0,3,Minor
KAG_000722,Kaggle_road_csv,0,,Thursday,Unknown,Truck,Unknown,2,18-30,Over 51,Driving At High Speed,Normal,Dry,Daylight,0,0,3,Minor
KAG_000723,Kaggle_road_csv,0,,Friday,Unknown,Truck,Unknown,2,31-50,Unknown,No Priority To Vehicle,Normal,Dry,Darkness - Lights Lit,0,0,1,Minor
KAG_000724,Kaggle_road_csv,0,,Tuesday,Unknown,Truck,Unknown,2,Over 51,Over 51,No Distancing,Normal,Dry,Darkness - Lights Lit,0,0,1,Minor
KAG_000725,Kaggle_road_csv,0,,Tuesday,Unknown,Truck,Unknown,2,31-50,Under 18,No Distancing,Normal,Dry,Daylight,0,0,1,Minor
KAG_000726,Kaggle_road_csv,0,,Monday,Unknown,Truck,Unknown,2,Under 18,18-30,No Priority To Vehicle,Normal,Dry,Daylight,0,0,1,Minor
KAG_000727,Kaggle_road_csv,0,,Thursday,Unknown,Truck,Unknown,2,31-50,Unknown,Changing Lane To The Right,Normal,Dry,Daylight,0,0,1,Minor
KAG_000728,Kaggle_road_csv,0,,Saturday,Unknown,Truck,Unknown,2,Over 51,Over 51,No Priority To Pedestrian,Normal,Dry,Daylight,0,0,1,Minor
KAG_000729,Kaggle_road_csv,0,,Friday,Unknown,Truck,Unknown,2,31-50,31-50,Driving Carelessly,Normal,Dry,Daylight,0,0,2,Minor
KAG_000730,Kaggle_road_csv,0,,Thursday,Unknown,Truck,Unknown,2,Unknown,Under 18,Other,Normal,Dry,Daylight,0,0,1,Minor
KAG_000731,Kaggle_road_csv,0,,Monday,Unknown,Truck,Unknown,2,18-30,Under 18,Overtaking,Normal,Dry,Daylight,0,0,1,Serious
KAG_000732,Kaggle_road_csv,0,,Monday,Unknown,Truck,Unknown,2,31-50,18-30,Other,Normal,Dry,Daylight,0,0,1,Serious
KAG_000733,Kaggle_road_csv,0,,Tuesday,Unknown,Truck,Unknown,1,Over 51,18-30,Moving Backward,Normal,Dry,Daylight,0,0,1,Minor
KAG_000734,Kaggle_road_csv,0,,Sunday,Unknown,Truck,Unknown,2,18-30,Unknown,Other,Normal,Dry,Daylight,0,0,2,Minor
KAG_000735,Kaggle_road_csv,0,,Wednesday,Unknown,Truck,Unknown,2,31-50,Unknown,No Priority To Vehicle,Normal,Wet Or Damp,Daylight,0,0,1,Serious
KAG_000736,Kaggle_road_csv,0,,Thursday,Unknown,Truck,Unknown,2,31-50,18-30,Changing Lane To The Right,Raining,Wet Or Damp,Darkness - Lights Lit,0,0,1,Minor
KAG_000737,Kaggle_road_csv,0,,Thursday,Unknown,Truck,Unknown,2,31-50,Unknown,Other,Raining,Wet Or Damp,Darkness - Lights Lit,0,0,1,Minor
KAG_000738,Kaggle_road_csv,0,,Sunday,Unknown,Truck,Unknown,2,31-50,18-30,Driving Carelessly,Normal,Dry,Daylight,0,0,1,Minor
KAG_000739,Kaggle_road_csv,0,,Thursday,Unknown,Truck,Unknown,3,18-30,Unknown,Changing Lane To The Left,Normal,Dry,Daylight,0,0,1,Minor
KAG_000740,Kaggle_road_csv,0,,Wednesday,Unknown,Truck,Unknown,2,31-50,18-30,No Priority To Pedestrian,Normal,Dry,Darkness - Lights Lit,0,0,1,Minor
KAG_000741,Kaggle_road_csv,0,,Sunday,Unknown,Truck,Unknown,2,31-50,31-50,No Priority To Pedestrian,Normal,Dry,Daylight,0,0,1,Minor
KAG_000742,Kaggle_road_csv,0,,Friday,Unknown,Truck,Unknown,4,31-50,Over 51,Changing Lane To The Left,Normal,Dry,Darkness - Lights Lit,0,0,3,Minor
KAG_000743,Kaggle_road_csv,0,,Friday,Unknown,Truck,Unknown,4,31-50,Over 51,Changing Lane To The Right,Normal,Dry,Darkness - Lights Lit,0,0,3,Minor
KAG_000744,Kaggle_road_csv,0,,Tuesday,Unknown,Truck,Unknown,2,18-30,18-30,No Distancing,Normal,Dry,Darkness - Lights Lit,0,0,1,Minor
KAG_000745,Kaggle_road_csv,0,,Tuesday,Unknown,Truck,Unknown,1,31-50,Unknown,Overtaking,Normal,Dry,Darkness - Lights Lit,0,0,1,Minor
KAG_000746,Kaggle_road_csv,0,,Thursday,Unknown,Truck,Unknown,2,Under 18,Over 51,No Priority To Pedestrian,Normal,Wet Or Damp,Darkness - Lights Lit,0,0,1,Minor
KAG_000747,Kaggle_road_csv,0,,Thursday,Unknown,Truck,Unknown,4,Unknown,18-30,No Distancing,Normal,Wet Or Damp,Darkness - Lights Lit,0,0,3,Minor
KAG_000748,Kaggle_road_csv,0,,Tuesday,Unknown,Truck,Unknown,3,31-50,Unknown,No Priority To Vehicle,Normal,Dry,Darkness - Lights Lit,0,0,1,Minor
KAG_000749,Kaggle_road_csv,0,,Tuesday,Unknown,Truck,Unknown,3,31-50,31-50,No Distancing,Normal,Dry,Darkness - Lights Lit,0,0,1,Minor
KAG_000750,Kaggle_road_csv,0,,Monday,Unknown,Truck,Unknown,1,31-50,Unknown,No Priority To Pedestrian,Normal,Wet Or Damp,Daylight,0,0,1,Minor
KAG_000751,Kaggle_road_csv,0,,Sunday,Unknown,Truck,Unknown,2,18-30,31-50,Driving To The Left,Normal,Dry,Daylight,0,0,1,Minor
KAG_000752,Kaggle_road_csv,0,,Sunday,Unknown,Truck,Unknown,1,31-50,Under 18,No Priority To Pedestrian,Normal,Wet Or Damp,Darkness - Lights Lit,0,0,1,Serious
KAG_000753,Kaggle_road_csv,0,,Friday,Unknown,Truck,Unknown,2,18-30,Unknown,Changing Lane To The Right,Cloudy,Dry,Darkness - Lights Lit,0,0,1,Minor
KAG_000754,Kaggle_road_csv,0,,Thursday,Unknown,Truck,Unknown,2,31-50,Unknown,No Distancing,Normal,Dry,Darkness - Lights Lit,0,0,1,Minor
KAG_000755,Kaggle_road_csv,0,,Monday,Unknown,Truck,Unknown,2,18-30,Over 51,Changing Lane To The Right,Cloudy,Wet Or Damp,Darkness - Lights Lit,0,0,1,Minor
KAG_000756,Kaggle_road_csv,0,,Monday,Unknown,Truck,Unknown,2,Over 51,18-30,Changing Lane To The Right,Normal,Dry,Daylight,0,0,1,Serious
KAG_000757,Kaggle_road_csv,0,,Wednesday,Unknown,Truck,Unknown,2,31-50,Unknown,No Distancing,Raining,Wet Or Damp,Darkness - Lights Lit,0,0,6,Minor
KAG_000758,Kaggle_road_csv,0,,Wednesday,Unknown,Truck,Unknown,2,31-50,Under 18,Changing Lane To The Left,Raining,Wet Or Damp,Darkness - Lights Lit,0,0,6,Minor
KAG_000759,Kaggle_road_csv,0,,Wednesday,Unknown,Truck,Unknown,2,31-50,Under 18,No Distancing,Raining,Wet Or Damp,Darkness - Lights Lit,0,0,6,Minor
KAG_000760,Kaggle_road_csv,0,,Wednesday,Unknown,Truck,Unknown,2,31-50,31-50,No Distancing,Raining,Wet Or Damp,Darkness - Lights Lit,0,0,6,Minor
KAG_000761,Kaggle_road_csv,0,,Tuesday,Unknown,Truck,Unknown,3,18-30,Unknown,No Priority To Vehicle,Normal,Dry,Darkness - Lights Lit,0,0,2,Minor
KAG_000762,Kaggle_road_csv,0,,Thursday,Unknown,Truck,Unknown,2,18-30,Over 51,Overtaking,Fog Or Mist,Snow,Darkness - Lights Lit,0,0,1,Minor
KAG_000763,Kaggle_road_csv,0,,Sunday,Unknown,Truck,Unknown,2,31-50,Unknown,No Distancing,Normal,Dry,Daylight,0,0,1,Minor
KAG_000764,Kaggle_road_csv,0,,Monday,Unknown,Truck,Unknown,2,Over 51,18-30,No Priority To Vehicle,Normal,Wet Or Damp,Darkness - Lights Lit,0,0,2,Minor
KAG_000765,Kaggle_road_csv,0,,Monday,Unknown,Truck,Unknown,2,18-30,Under 18,Driving Carelessly,Normal,Wet Or Damp,Darkness - Lights Lit,0,0,2,Minor
KAG_000766,Kaggle_road_csv,0,,Friday,Unknown,Truck,Unknown,2,31-50,18-30,Changing Lane To The Left,Normal,Dry,Daylight,0,0,1,Minor
KAG_000767,Kaggle_road_csv,0,,Monday,Unknown,Truck,Unknown,1,Unknown,31-50,Changing Lane To The Left,Normal,Dry,Daylight,0,0,1,Minor
KAG_000768,Kaggle_road_csv,0,,Tuesday,Unknown,Truck,Unknown,1,Unknown,Unknown,Changing Lane To The Left,Normal,Wet Or Damp,Daylight,0,0,1,Minor