accident_id,source,year,month,day_of_week,state,vehicle_1,vehicle_2,vehicles_involved,party_age_group,victim_age_group,cause_of_accident,weather_condition,road_condition,lighting_condition,fatalities,injuries,casualties,severity
KAG_001088,Kaggle_road_csv,0,,Tuesday,Unknown,Truck,Unknown,1,Unknown,18-30,No Distancing,Normal,Dry,Darkness - Lights Lit,0,0,1,Serious
KAG_001089,Kaggle_road_csv,0,,Saturday,Unknown,Truck,Unknown,2,31-50,18-30,No Priority To Pedestrian,Normal,Dry,Daylight,0,0,1,Minor
KAG_001090,Kaggle_road_csv,0,,Saturday,Unknown,Truck,Unknown,2,Unknown,18-30,Moving Backward,Normal,Dry,Daylight,0,0,1,Minor
KAG_001091,Kaggle_road_csv,0,,Monday,Unknown,Truck,Unknown,2,Unknown,Unknown,Changing Lane To The Right,Normal,Dry,Daylight,0,0,1,Minor
KAG_001092,Kaggle_road_csv,0,,Monday,Unknown,Truck,Unknown,2,31-50,31-50,Changing Lane To The Right,Normal,Dry,Daylight,0,0,1,Minor
KAG_001093,Kaggle_road_csv,0,,Friday,Unknown,Truck,Unknown,2,Unknown,Unknown,No Distancing,Normal,Dry,Daylight,0,0,1,Minor
KAG_001094,Kaggle_road_csv,0,,Sunday,Unknown,Truck,Unknown,1,18-30,Unknown,No Distancing,Normal,Dry,Daylight,0,0,3,Minor
KAG_001095,Kaggle_road_csv,0,,Friday,Unknown,Truck,Unknown,2,18-30,Unknown,Changing Lane To The Left,Normal,Dry,Daylight,0,0,1,Minor
KAG_001096,Kaggle_road_csv,0,,Thursday,Unknown,Truck,Unknown,2,31-50,Under 18,Overtaking,Normal,Dry,Daylight,0,0,1,Minor
KAG_001097,Kaggle_road_csv,0,,Tuesday,Unknown,Truck,Unknown,1,18-30,Over 51,Changing Lane To The Right,Normal,Dry,Daylight,0,0,1,Minor
KAG_001098,Kaggle_road_csv,0,,Tuesday,Unknown,Truck,Unknown,2,31-50,18-30,No Distancing,Normal,Dry,Darkness - Lights Lit,0,0,1,Serious
KAG_001099,Kaggle_road_csv,0,,Thursday,Unknown,Truck,Unknown,1,31-50,Unknown,No Distancing,Normal,Dry,Daylight,0,0,1,Minor
KAG_001100,Kaggle_road_csv,0,,Saturday,Unknown,Truck,Unknown,2,31-50,Unknown,Changing Lane To The Right,Normal,Dry,Daylight,0,0,1,Minor
KAG_001101,Kaggle_road_csv,0,,Saturday,Unknown,Truck,Unknown,2,18-30,Unknown,No Distancing,Normal,Dry,Daylight,0,0,1,Minor
KAG_001102,Kaggle_road_csv,0,,Sunday,Unknown,Truck,Unknown,1,31-50,Unknown,Changing Lane To The Right,Normal,Dry,Daylight,0,0,1,Minor
KAG_001103,Kaggle_road_csv,0,,Thursday,Unknown,Truck,Unknown,2,Over 51,Over 51,No Distancing,Normal,Dry,Daylight,0,0,1,Minor
KAG_001104,Kaggle_road_csv,0,,Monday,Unknown,Truck,Unknown,1,31-50,Unknown,Changing Lane To The Right,Normal,Dry,Daylight,0,0,2,Minor
KAG_001105,Kaggle_road_csv,0,,Saturday,Unknown,Truck,Unknown,2,Over 51,Unknown,Overtaking,Raining,Wet Or Damp,Darkness - Lights Lit,0,0,3,Minor
KAG_001106,Kaggle_road_csv,0,,Saturday,Unknown,Truck,Unknown,2,18-30,18-30,Other,Normal,Dry,Daylight,0,0,1,Minor
KAG_001107,Kaggle_road_csv,0,,Monday,Unknown,Truck,Unknown,1,Over 51,18-30,No Priority To Vehicle,Normal,Dry,Daylight,0,0,1,Minor
KAG_001108,Kaggle_road_csv,0,,Saturday,Unknown,Truck,Unknown,2,18-30,Over 51,No Priority To Pedestrian,Normal,Dry,Daylight,0,0,1,Minor
KAG_001109,Kaggle_road_csv,0,,Thursday,Unknown,Truck,Unknown,2,Over 51,Unknown,Overtaking,Normal,Dry,Daylight,0,0,1,Minor
KAG_001110,Kaggle_road_csv,0,,Sunday,Unknown,Truck,Unknown,1,18-30,31-50,No Distancing,Normal,Dry,Daylight,0,0,1,Minor
KAG_001111,Kaggle_road_csv,0,,Monday,Unknown,Truck,Unknown,1,Unknown,18-30,No Priority To Vehicle,Normal,Dry,Daylight,0,0,1,Minor
KAG_001112,Kaggle_road_csv,0,,Tuesday,Unknown,Truck,Unknown,2,31-50,18-30,Changing Lane To The Right,Raining,Wet Or Damp,Daylight,0,0,1,Minor
KAG_001113,Kaggle_road_csv,0,,Tuesday,Unknown,Truck,Unknown,2,31-50,Under 18,No Distancing,Raining,Wet Or Damp,Daylight,0,0,1,Minor
KAG_001114,Kaggle_road_csv,0,,Monday,Unknown,Truck,Unknown,2,18-30,Unknown,No Distancing,Raining,Wet Or Damp,Darkness - Lights Lit,0,0,1,Minor
KAG_001115,Kaggle_road_csv,0,,Friday,Unknown,Truck,Unknown,2,Unknown,18-30,Other,Normal,Dry,Daylight,0,0,1,Minor
KAG_001116,Kaggle_road_csv,0,,Wednesday,Unknown,Truck,Unknown,2,Unknown,Over 51,No Distancing,Normal,Dry,Daylight,0,0,1,Minor
KAG_001117,Kaggle_road_csv,0,,Tuesday,Unknown,Truck,Unknown,2,31-50,Under 18,Changing Lane To The Left,Normal,Dry,Daylight,0,0,1,Serious
KAG_001118,Kaggle_road_csv,0,,Saturday,Unknown,Truck,Unknown,2,31-50,Unknown,Turnover,Normal,Dry,Darkness - Lights Lit,0,0,1,Minor
KAG_001119,Kaggle_road_csv,0,,Saturday,Unknown,Truck,Unknown,2,18-30,Over 51,Driving To The Left,Normal,Dry,Darkness - Lights Lit,0,0,1,Minor
KAG_001120,Kaggle_road_csv,0,,Tuesday,Unknown,Truck,Unknown,1,18-30,18-30,Changing Lane To The Right,Normal,Dry,Darkness - Lights Lit,0,0,1,Minor
KAG_001121,Kaggle_road_csv,0,,Tuesday,Unknown,Truck,Unknown,2,18-30,31-50,Driving Carelessly,Normal,Dry,Daylight,0,0,1,Minor
KAG_001122,Kaggle_road_csv,0,,Tuesday,Unknown,Truck,Unknown,2,31-50,Unknown,Driving Carelessly,Normal,Dry,Daylight,0,0,1,Minor
KAG_001123,Kaggle_road_csv,0,,Wednesday,Unknown,Truck,Unknown,2,31-50,Unknown,No Distancing,Normal,Dry,Darkness - Lights Lit,0,0,1,Minor
KAG_001124,Kaggle_road_csv,0,,Wednesday,Unknown,Truck,Unknown,1,31-50,Over 51,Changing Lane To The Right,Normal,Dry,Daylight,0,0,1,Minor
KAG_001125,Kaggle_road_csv,0,,Wednesday,Unknown,Truck,Unknown,3,18-30,18-30,Other,Normal,Dry,Daylight,0,0,2,Serious
KAG_001126,Kaggle_road_csv,0,,Tuesday,Unknown,Truck,Unknown,2,18-30,18-30,No Priority To Vehicle,Raining,Wet Or Damp,Daylight,0,0,1,Minor
KAG_001127,Kaggle_road_csv,0,,Sunday,Unknown,Truck,Unknown,2,31-50,31-50,Changing Lane To The Right,Normal,Dry,Darkness - Lights Lit,0,0,1,Minor
KAG_001128,Kaggle_road_csv,0,,Sunday,Unknown,Truck,Unknown,2,18-30,31-50,Moving Backward,Normal,Wet Or Damp,Darkness - Lights Lit,0,0,2,Minor
KAG_001129,Kaggle_road_csv,0,,Thursday,Unknown,Truck,Unknown,1,Unknown,Unknown,Changing Lane To The Right,Raining,Wet Or Damp,Daylight,0,0,1,Minor
KAG_001130,Kaggle_road_csv,0,,Monday,Unknown,Truck,Unknown,2,31-50,31-50,Moving Backward,Normal,Dry,Daylight,0,0,1,Minor
KAG_001131,Kaggle_road_csv,0,,Monday,Unknown,Truck,Unknown,1,Unknown,Under 18,Moving Backward,Normal,Wet Or Damp,Daylight,0,0,1,Minor
KAG_001132,Kaggle_road_csv,0,,Tuesday,Unknown,Truck,Unknown,2,18-30,Unknown,No Distancing,Normal,Wet Or Damp,Darkness - Lights Lit,0,0,1,Minor
KAG_001133,Kaggle_road_csv,0,,Tuesday,Unknown,Truck,Unknown,2,18-30,Over 51,No Priority To Pedestrian,Normal,Wet Or Damp,Darkness - Lights Lit,0,0,1,Minor
KAG_001134,Kaggle_road_csv,0,,Friday,Unknown,Truck,Unknown,1,Unknown,31-50,Moving Backward,Normal,Dry,Daylight,0,0,1,Minor
KAG_001135,Kaggle_road_csv,0,,Thursday,Unknown,Truck,Unknown,1,31-50,18-30,Changing Lane To The Left,Normal,Dry,Darkness - Lights Lit,0,0,2,Minor
KAG_001136,Kaggle_road_csv,0,,Friday,Unknown,Truck,Unknown,2,18-30,18-30,Changing Lane To The Right,Normal,Dry,Darkness - Lights Lit,0,0,1,Minor
KAG_001137,Kaggle_road_csv,0,,Saturday,Unknown,Truck,Unknown,1,31-50,Under 18,Changing Lane To The Left,Normal,Dry,Darkness - Lights Lit,0,0,1,Minor
KAG_001138,Kaggle_road_csv,0,,Monday,Unknown,Truck,Unknown,2,31-50,18-30,No Distancing,Normal,Dry,Darkness - Lights Lit,0,0,1,Minor
KAG_001139,Kaggle_road_csv,0,,Wednesday,Unknown,Truck,Unknown,1,31-50,Unknown,No Distancing,Normal,Dry,Darkness - Lights Lit,0,0,1,Serious
KAG_001140,Kaggle_road_csv,0,,Wednesday,Unknown,Truck,Unknown,2,18-30,Unknown,No Priority To Vehicle,Normal,Dry,Darkness - Lights Lit,0,0,1,Minor
KAG_001141,Kaggle_road_csv,0,,Thursday,Unknown,Truck,Unknown,2,31-50,Unknown,Changing Lane To The Right,Raining,Wet Or Damp,Darkness - Lights Lit,0,0,1,Minor
KAG_001142,Kaggle_road_csv,0,,Thursday,Unknown,Truck,Unknown,2,31-50,Over 51,Driving To The Left,Normal,Dry,Daylight,0,0,1,Minor
KAG_001143,Kaggle_road_csv,0,,Friday,Unknown,Truck,Unknown,2,31-50,Unknown,Driving To The Left,Raining,Wet Or Damp,Darkness - Lights Lit,0,0,1,Minor
KAG_001144,Kaggle_road_csv,0,,Saturday,Unknown,Truck,Unknown,2,31-50,18-30,Changing Lane To The Left,Raining,Wet Or Damp,Daylight,0,0,2,Minor
KAG_001145,Kaggle_road_csv,0,,Friday,Unknown,Truck,Unknown,2,18-30,31-50,Getting Off The Vehicle Improperly,Normal,Dry,Daylight,0,0,1,Serious
KAG_001146,Kaggle_road_csv,0,,Saturday,Unknown,Truck,Unknown,1,31-50,31-50,Driving Carelessly,Normal,Dry,Darkness - Lights Lit,0,0,1,Minor
KAG_001147,Kaggle_road_csv,0,,Saturday,Unknown,Truck,Unknown,2,31-50,18-30,Turnover,Normal,Dry,Daylight,0,0,3,Minor
KAG_001148,Kaggle_road_csv,0,,Saturday,Unknown,Truck,Unknown,2,18-30,Under 18,No Priority To Vehicle,Normal,Dry,Daylight,0,0,3,Minor
KAG_001149,Kaggle_road_csv,0,,Monday,Unknown,Truck,Unknown,2,31-50,Over 51,No Priority To Pedestrian,Normal,Dry,Darkness - Lights Lit,0,0,1,Minor
KAG_001150,Kaggle_road_csv,0,,Friday,Unknown,Truck,Unknown,2,18-30,18-30,No Distancing,Normal,Dry,Darkness - Lights Lit,0,0,1,Minor
KAG_001151,Kaggle_road_csv,0,,Wednesday,Unknown,Truck,Unknown,1,Over 51,Unknown,Overloading,Normal,Dry,Daylight,0,0,1,Minor
KAG_001152,Kaggle_road_csv,0,,Friday,Unknown,Truck,Unknown,3,Unknown,Unknown,Changing Lane To The Left,Normal,Dry,Daylight,0,0,1,Minor
KAG_001153,Kaggle_road_csv,0,,Monday,Unknown,Truck,Unknown,2,31-50,18-30,Overspeed,Normal,Wet Or Damp,Daylight,0,0,1,Minor
KAG_001154,Kaggle_road_csv,0,,Thursday,Unknown,Truck,Unknown,2,31-50,18-30,Changing Lane To The Right,Normal,Dry,Darkness - Lights Lit,0,0,1,Minor
KAG_001155,Kaggle_road_csv,0,,Saturday,Unknown,Truck,Unknown,2,18-30,31-50,Driving Carelessly,Normal,Wet Or Damp,Darkness - Lights Lit,0,0,1,Minor
KAG_001156,Kaggle_road_csv,0,,Saturday,Unknown,Truck,Unknown,2,18-30,31-50,Changing Lane To The Left,Normal,Dry,Daylight,0,0,1,Minor
KAG_001157,Kaggle_road_csv,0,,Tuesday,Unknown,Truck,Unknown,1,Unknown,18-30,Changing Lane To The Right,Normal,Dry,Daylight,0,0,1,Minor
KAG_001158,Kaggle_road_csv,0,,Monday,Unknown,Truck,Unknown,2,31-50,Unknown,No Distancing,Normal,Wet Or Damp,Daylight,0,0,1,Minor
KAG_001159,Kaggle_road_csv,0,,Monday,Unknown,Truck,Unknown,2,18-30,Unknown,Changing Lane To The Right,Normal,Dry,Darkness - Lights Lit,0,0,1,Minor
KAG_001160,Kaggle_road_csv,0,,Thursday,Unknown,Truck,Unknown,2,Unknown,Unknown,No Distancing,Normal,Dry,Daylight,0,0,1,Minor
KAG_001161,Kaggle_road_csv,0,,Tuesday,Unknown,Truck,Unknown,2,31-50,31-50,No Priority To Pedestrian,Normal,Dry,Daylight,0,0,2,Minor
KAG_001162,Kaggle_road_csv,0,,Tuesday,Unknown,Truck,Unknown,2,18-30,31-50,No Distancing,Normal,Dry,Daylight,0,0,2,Minor
KAG_001163,Kaggle_road_csv,0,,Tuesday,Unknown,Truck,Unknown,2,18-30,Unknown,Changing Lane To The Right,Normal,Dry,Daylight,0,0,2,Minor
KAG_001164,Kaggle_road_csv,0,,Thursday,Unknown,Truck,Unknown,1,Under 18,Unknown,Overtaking,Normal,Dry,Daylight,0,0,2,Minor
KAG_001165,Kaggle_road_csv,0,,Thursday,Unknown,Truck,Unknown,1,31-50,18-30,No Priority To Pedestrian,Normal,Dry,Daylight,0,0,1,Minor
KAG_001166,Kaggle_road_csv,0,,Saturday,Unknown,Truck,Unknown,2,18-30,31-50,Driving Carelessly,Normal,Wet Or Damp,Darkness - Lights Lit,0,0,1,Minor
KAG_001167,Kaggle_road_csv,0,,Friday,Unknown,Truck,Unknown,2,Unknown,31-50,Moving Backward,Raining,Wet Or Damp,Darkness - Lights Lit,0,0,1,Minor
KAG_001168,Kaggle_road_csv,0,,Wednesday,Unknown,Truck,Unknown,2,18-30,Unknown,Other,Normal,Dry,Daylight,0,0,1,Minor
KAG_001169,Kaggle_road_csv,0,,Wednesday,Unknown,Truck,Unknown,2,31-50,31-50,Changing Lane To The Right,Normal,Dry,Daylight,0,0,1,Minor
KAG_001170,Kaggle_road_csv,0,,Friday,Unknown,Truck,Unknown,2,31-50,18-30,No Distancing,Normal,Dry,Daylight,0,0,1,Minor
KAG_001171,Kaggle_road_csv,0,,Friday,Unknown,Truck,Unknown,2,Unknown,Unknown,No Distancing,Normal,Dry,Daylight,0,0,1,Minor
KAG_001172,Kaggle_road_csv,0,,Thursday,Unknown,Truck,Unknown,2,31-50,Over 51,Overturning,Normal,Dry,Daylight,0,0,1,Serious
KAG_001173,Kaggle_road_csv,0,,Thursday,Unknown,Truck,Unknown,2,31-50,Unknown,Driving At High Speed,Normal,Dry,Daylight,0,0,1,Serious
KAG_001174,Kaggle_road_csv,0,,Sunday,Unknown,Truck,Unknown,2,18-30,31-50,No Priority To Vehicle,Normal,Wet Or Damp,Daylight,0,0,3,Minor
KAG_001175,Kaggle_road_csv,0,,Sunday,Unknown,Truck,Unknown,2,Over 51,18-30,No Distancing,Normal,Wet Or Damp,Daylight,0,0,3,Minor
KAG_001176,Kaggle_road_csv,0,,Thursday,Unknown,Truck,Unknown,2,18-30,Unknown,No Distancing,Normal,Dry,Daylight,0,0,2,Minor
KAG_001177,Kaggle_road_csv,0,,Tuesday,Unknown,Truck,Unknown,1,18-30,18-30,No Priority To Vehicle,Normal,Dry,Darkness - Lights Lit,0,0,1,Minor
KAG_001178,Kaggle_road_csv,0,,Wednesday,Unknown,Truck,Unknown,2,Unknown,Under 18,Changing Lane To The Right,Raining,Wet Or Damp,Darkness - Lights Lit,0,0,1,Minor
KAG_001179,Kaggle_road_csv,0,,Tuesday,Unknown,Truck,Unknown,2,Under 18,Unknown,No Priority To Pedestrian,Normal,Dry,Darkness - Lights Lit,0,0,1,Minor
KAG_001180,Kaggle_road_csv,0,,Thursday,Unknown,Truck,Unknown,3,Unknown,Unknown,Driving Carelessly,Normal,Dry,Daylight,0,0,1,Minor
KAG_001181,Kaggle_road_csv,0,,Sunday,Unknown,Truck,Unknown,1,18-30,31-50,Other,Normal,Dry,Darkness - Lights Lit,0,0,1,Minor
KAG_001182,Kaggle_road_csv,0,,Friday,Unknown,Truck,Unknown,2,18-30,18-30,Overtaking,Normal,Dry,Daylight,0,0,1,Serious
KAG_001183,Kaggle_road_csv,0,,Friday,Unknown,Truck,Unknown,1,31-50,Unknown,Other,Normal,Dry,Daylight,0,0,1,Serious
KAG_001184,Kaggle_road_csv,0,,Thursday,Unknown,Truck,Unknown,2,18-30,31-50,Moving Backward,Normal,Wet Or Damp,Daylight,0,0,1,Minor
KAG_001185,Kaggle_road_csv,0,,Thursday,Unknown,Truck,Unknown,2,31-50,Under 18,Other,Normal,Wet Or Damp,Daylight,0,0,1,Minor
KAG_001186,Kaggle_road_csv,0,,Monday,Unknown,Truck,Unknown,1,Over 51,31-50,No Priority To Vehicle,Normal,Dry,Daylight,0,0,1,Minor
KAG_001187,Kaggle_road_csv,0,,Tuesday,Unknown,Truck,Unknown,1,Unknown,31-50,Changing Lane To The Right,Normal,Dry,Darkness - Lights Lit,0,0,1,Minor
KAG_001188,Kaggle_road_csv,0,,Tuesday,Unknown,Truck,Unknown,2,18-30,Under 18,Other,Normal,Dry,Daylight,0,0,1,Minor
KAG_001189,Kaggle_road_csv,0,,Tuesday,Unknown,Truck,Unknown,1,31-50,31-50,Driving Carelessly,Normal,Dry,Daylight,0,0,1,Minor
KAG_001190,Kaggle_road_csv,0,,Saturday,Unknown,Truck,Unknown,1,31-50,31-50,Changing Lane To The Left,Normal,Dry,Daylight,0,0,1,Serious
KAG_001191,Kaggle_road_csv,0,,Thursday,Unknown,Truck,Unknown,2,31-50,18-30,No Priority To Pedestrian,Normal,Dry,Daylight,0,0,1,Minor
KAG_001192,Kaggle_road_csv,0,,Friday,Unknown,Truck,Unknown,2,31-50,31-50,No Priority To Pedestrian,Normal,Wet Or Damp,Darkness - Lights Lit,0,0,2,Minor
KAG_001193,Kaggle_road_csv,0,,Friday,Unknown,Truck,Unknown,2,31-50,18-30,Changing Lane To The Left,Normal,Dry,Daylight,0,0,2,Minor
KAG_001194,Kaggle_road_csv,0,,Friday,Unknown,Truck,Unknown,2,31-50,31-50,Changing Lane To The Right,Normal,Dry,Darkness - Lights Lit,0,0,1,Minor
KAG_001195,Kaggle_road_csv,0,,Thursday,Unknown,Truck,Unknown,2,Unknown,18-30,No Distancing,Normal,Dry,Darkness - Lights Lit,0,0,1,Minor
KAG_001196,Kaggle_road_csv,0,,Monday,Unknown,Truck,Unknown,2,31-50,Over 51,Overtaking,Normal,Dry,Daylight,0,0,1,Minor
KAG_001197,Kaggle_road_csv,0,,Thursday,Unknown,Truck,Unknown,1,18-30,Unknown,No Priority To Pedestrian,Normal,Dry,Darkness - Lights Lit,0,0,1,Minor
KAG_001198,Kaggle_road_csv,0,,Thursday,Unknown,Truck,Unknown,2,18-30,Over 51,No Distancing,Normal,Dry,Daylight,0,0,1,Minor
KAG_001199,Kaggle_road_csv,0,,Wednesday,Unknown,Truck,Unknown,1,Unknown,18-30,No Priority To Vehicle,Normal,Dry,Daylight,0,0,1,Minor
KAG_001200,Kaggle_road_csv,0,,Saturday,Unknown,Truck,Unknown,2,31-50,Unknown,No Distancing,Normal,Dry,Daylight,0,0,1,Minor
KAG_001201,Kaggle_road_csv,0,,Saturday,Unknown,Truck,Unknown,2,18-30,Unknown,No Priority To Pedestrian,Normal,Dry,Daylight,0,0,1,Minor
KAG_001202,Kaggle_road_csv,0,,Friday,Unknown,Truck,Unknown,2,31-50,Unknown,Driving To The Left,Normal,Dry,Darkness - Lights Lit,0,0,1,Minor
KAG_001203,Kaggle_road_csv,0,,Saturday,Unknown,Truck,Unknown,2,31-50,Unknown,No Priority To Pedestrian,Normal,Dry,Daylight,0,0,1,Minor
KAG_001204,Kaggle_road_csv,0,,Saturday,Unknown,Truck,Unknown,3,Over 51,18-30,Changing Lane To The Right,Normal,Dry,Darkness - Lights Lit,0,0,1,Minor
KAG_001205,Kaggle_road_csv,0,,Saturday,Unknown,Truck,Unknown,3,31-50,Unknown,No Distancing,Normal,Dry,Darkness - Lights Lit,0,0,1,Minor
KAG_001206,Kaggle_road_csv,0,,Sunday,Unknown,Truck,Unknown,2,18-30,Over 51,Changing Lane To The Right,Normal,Dry,Darkness - Lights Lit,0,0,2,Minor
KAG_001207,Kaggle_road_csv,0,,Thursday,Unknown,Truck,Unknown,2,18-30,18-30,Changing Lane To The Right,Normal,Dry,Daylight,0,0,1,Minor
KAG_001208,Kaggle_road_csv,0,,Tuesday,Unknown,Truck,Unknown,3,Under 18,18-30,No Distancing,Normal,Dry,Daylight,0,0,1,Minor
KAG_001209,Kaggle_road_csv,0,,Tuesday,Unknown,Truck,Unknown,3,Unknown,Under 18,Changing Lane To The Left,Normal,Dry,Daylight,0,0,1,Minor
KAG_001210,Kaggle_road_csv,0,,Wednesday,Unknown,Truck,Unknown,1,Over 51,Unknown,No Distancing,Normal,Dry,Daylight,0,0,1,Minor
KAG_001211,Kaggle_road_csv,0,,Wednesday,Unknown,Truck,Unknown,1,Over 51,Unknown,No Distancing,Normal,Dry,Daylight,0,0,1,Minor
KAG_001212,Kaggle_road_csv,0,,Friday,Unknown,Truck,Unknown,2,31-50,18-30,No Priority To Vehicle,Normal,Dry,Daylight,0,0,1,Minor
KAG_001213,Kaggle_road_csv,0,,Friday,Unknown,Truck,Unknown,3,31-50,Over 51,Overtaking,Normal,Dry,Daylight,0,0,1,Minor
KAG_001214,Kaggle_road_csv,0,,Friday,Unknown,Truck,Unknown,3,Unknown,18-30,No Distancing,Normal,Dry,Daylight,0,0,1,Minor
KAG_001215,Kaggle_road_csv,0,,Saturday,Unknown,Truck,Unknown,2,Unknown,Unknown,No Priority To Vehicle,Normal,Dry,Daylight,0,0,1,Minor
KAG_001216,Kaggle_road_csv,0,,Tuesday,Unknown,Truck,Unknown,1,31-50,Unknown,Driving Carelessly,Normal,Dry,Daylight,0,0,1,Minor
KAG_001217,Kaggle_road_csv,0,,Wednesday,Unknown,Truck,Unknown,2,31-50,18-30,Changing Lane To The Left,Normal,Dry,Daylight,0,0,1,Minor
KAG_001218,Kaggle_road_csv,0,,Thursday,Unknown,Truck,Unknown,1,18-30,Unknown,Changing Lane To The Left,Raining,Wet Or Damp,Daylight,0,0,1,Minor
KAG_001219,Kaggle_road_csv,0,,Thursday,Unknown,Truck,Unknown,2,31-50,Unknown,Changing Lane To The Left,Raining,Wet Or Damp,Daylight,0,0,1,Minor
KAG_001220,Kaggle_road_csv,0,,Friday,Unknown,Truck,Unknown,2,31-50,Over 51,Driving To The Left,Normal,Dry,Daylight,0,0,1,Minor
KAG_001221,Kaggle_road_csv,0,,Friday,Unknown,Truck,Unknown,2,31-50,18-30,No Distancing,Normal,Dry,Daylight,0,0,1,Minor
KAG_001222,Kaggle_road_csv,0,,Sunday,Unknown,Truck,Unknown,2,18-30,Unknown,Driving Under The Influence Of Drugs,Normal,Wet Or Damp,Daylight,0,0,1,Minor
KAG_001223,Kaggle_road_csv,0,,Sunday,Unknown,Truck,Unknown,2,18-30,18-30,No Priority To Vehicle,Normal,Wet Or Damp,Darkness - Lights Lit,0,0,1,Minor
KAG_001224,Kaggle_road_csv,0,,Wednesday,Unknown,Truck,Unknown,2,31-50,18-30,No Distancing,Normal,Dry,Darkness - Lights Lit,0,0,1,Minor
KAG_001225,Kaggle_road_csv,0,,Wednesday,Unknown,Truck,Unknown,1,Unknown,18-30,No Priority To Vehicle,Normal,Dry,Daylight,0,0,1,Minor
KAG_001226,Kaggle_road_csv,0,,Wednesday,Unknown,Truck,Unknown,2,31-50,Unknown,Overturning,Normal,Dry,Daylight,0,0,2,Minor
KAG_001227,Kaggle_road_csv,0,,Saturday,Unknown,Truck,Unknown,1,Unknown,Unknown,No Priority To Vehicle,Normal,Dry,Darkness - Lights Lit,0,0,1,Minor
KAG_001228,Kaggle_road_csv,0,,Thursday,Unknown,Truck,Unknown,2,31-50,31-50,No Distancing,Normal,Wet Or Damp,Darkness - Lights Lit,0,0,1,Minor
KAG_001229,Kaggle_road_csv,0,,Saturday,Unknown,Truck,Unknown,2,31-50,18-30,Driving Under The Influence Of Drugs,Normal,Dry,Daylight,0,0,1,Minor
KAG_001230,Kaggle_road_csv,0,,Tuesday,Unknown,Truck,Unknown,2,Unknown,18-30,Changing Lane To The Right,Normal,Dry,Daylight,0,0,1,Minor
KAG_001231,Kaggle_road_csv,0,,Friday,Unknown,Truck,Unknown,2,31-50,18-30,Driving Under The Influence Of Drugs,Normal,Dry,Daylight,0,0,1,Minor
KAG_001232,Kaggle_road_csv,0,,Saturday,Unknown,Truck,Unknown,2,31-50,18-30,Driving Carelessly,Normal,Dry,Darkness - Lights Lit,0,0,1,Minor
KAG_001233,Kaggle_road_csv,0,,Saturday,Unknown,Truck,Unknown,2,Unknown,Unknown,No Distancing,Normal,Dry,Darkness - Lights Lit,0,0,1,Minor
KAG_001234,Kaggle_road_csv,0,,Wednesday,Unknown,Truck,Unknown,2,Under 18,18-30,Changing Lane To The Left,Normal,Dry,Daylight,0,0,1,Minor
KAG_001235,Kaggle_road_csv,0,,Tuesday,Unknown,Truck,Unknown,1,31-50,31-50,Overtaking,Normal,Dry,Daylight,0,0,1,Minor
KAG_001236,Kaggle_road_csv,0,,Monday,Unknown,Truck,Unknown,2,Unknown,Over 51,No Distancing,Normal,Dry,Daylight,0,0,1,Minor
KAG_001237,Kaggle_road_csv,0,,Thursday,Unknown,Truck,Unknown,2,31-50,18-30,No Priority To Vehicle,Normal,Dry,Daylight,0,0,1,Serious
KAG_001238,Kaggle_road_csv,0,,Friday,Unknown,Truck,Unknown,2,31-50,Unknown,Moving Backward,Normal,Dry,Daylight,0,0,1,Minor
KAG_001239,Kaggle_road_csv,0,,Friday,Unknown,Truck,Unknown,2,31-50,Unknown,Changing Lane To The Right,Normal,Dry,Darkness - Lights Lit,0,0,1,Minor
KAG_001240,Kaggle_road_csv,0,,Sunday,Unknown,Truck,Unknown,2,31-50,Unknown,No Priority To Vehicle,Normal,Dry,Daylight,0,0,2,Minor
KAG_001241,Kaggle_road_csv,0,,Friday,Unknown,Truck,Unknown,2,18-30,Unknown,No Priority To Vehicle,Normal,Dry,Daylight,0,0,1,Minor
KAG_001242,Kaggle_road_csv,0,,Friday,Unknown,Truck,Unknown,2,Unknown,31-50,No Priority To Vehicle,Normal,Dry,Daylight,0,0,1,Minor
KAG_001243,Kaggle_road_csv,0,,Friday,Unknown,Truck,Unknown,2,Unknown,31-50,Moving Backward,Normal,Dry,Daylight,0,0,1,Minor
KAG_001244,Kaggle_road_csv,0,,Saturday,Unknown,Truck,Unknown,2,18-30,18-30,Driving Carelessly,Normal,Dry,Daylight,0,0,1,Minor
KAG_001245,Kaggle_road_csv,0,,Thursday,Unknown,Truck,Unknown,1,Unknown,18-30,Changing Lane To The Right,Normal,Dry,Daylight,0,0,1,Minor
KAG_001246,Kaggle_road_csv,0,,Monday,Unknown,Truck,Unknown,3,18-30,Unknown,Driving To The Left,Normal,Dry,Daylight,0,0,1,Minor
KAG_001247,Kaggle_road_csv,0,,Tuesday,Unknown,Truck,Unknown,1,Over 51,Unknown,Driving To The Left,Normal,Dry,Daylight,0,0,1,Minor
KAG_001248,Kaggle_road_csv,0,,Wednesday,Unknown,Truck,Unknown,2,18-30,Unknown,No Distancing,Normal,Dry,Daylight,0,0,2,Minor