accident_id,source,year,month,day_of_week,state,vehicle_1,vehicle_2,vehicles_involved,party_age_group,victim_age_group,cause_of_accident,weather_condition,road_condition,lighting_condition,fatalities,injuries,casualties,severity
KAG_001249,Kaggle_road_csv,0,,Wednesday,Unknown,Truck,Unknown,2,Unknown,Unknown,Driving Carelessly,Normal,Dry,Darkness - Lights Lit,0,0,2,Minor
KAG_001250,Kaggle_road_csv,0,,Monday,Unknown,Truck,Unknown,1,Over 51,Unknown,No Distancing,Normal,Dry,Daylight,0,0,1,Serious
KAG_001251,Kaggle_road_csv,0,,Saturday,Unknown,Truck,Unknown,2,18-30,18-30,Changing Lane To The Left,Normal,Dry,Darkness - Lights Lit,0,0,1,Minor
KAG_001252,Kaggle_road_csv,0,,Saturday,Unknown,Truck,Unknown,2,Unknown,Unknown,No Distancing,Normal,Dry,Darkness - Lights Lit,0,0,1,Minor
KAG_001253,Kaggle_road_csv,0,,Thursday,Unknown,Truck,Unknown,1,18-30,18-30,Driving Carelessly,Normal,Dry,Daylight,0,0,1,Minor
KAG_001254,Kaggle_road_csv,0,,Thursday,Unknown,Truck,Unknown,2,18-30,Unknown,Changing Lane To The Right,Normal,Dry,Daylight,0,0,1,Minor
KAG_001255,Kaggle_road_csv,0,,Wednesday,Unknown,Truck,Unknown,2,Over 51,Unknown,Driving Carelessly,Normal,Dry,Daylight,0,0,1,Minor
KAG_001256,Kaggle_road_csv,0,,Saturday,Unknown,Truck,Unknown,2,Unknown,18-30,Driving To The Left,Normal,Wet Or Damp,Darkness - Lights Lit,0,0,1,Minor
KAG_001257,Kaggle_road_csv,0,,Saturday,Unknown,Truck,Unknown,2,18-30,31-50,Changing Lane To The Left,Normal,Wet Or Damp,Darkness - Lights Lit,0,0,1,Minor
KAG_001258,Kaggle_road_csv,0,,Saturday,Unknown,Truck,Unknown,2,31-50,31-50,Changing Lane To The Right,Normal,Dry,Daylight,0,0,8,Minor
KAG_001259,Kaggle_road_csv,0,,Saturday,Unknown,Truck,Unknown,2,31-50,18-30,Moving Backward,Normal,Dry,Daylight,0,0,8,Minor
KAG_001260,Kaggle_road_csv,0,,Saturday,Unknown,Truck,Unknown,2,31-50,Under 18,No Distancing,Normal,Dry,Daylight,0,0,8,Minor
KAG_001261,Kaggle_road_csv,0,,Thursday,Unknown,Truck,Unknown,2,18-30,18-30,Moving Backward,Normal,Dry,Darkness - Lights Lit,0,0,1,Minor
KAG_001262,Kaggle_road_csv,0,,Thursday,Unknown,Truck,Unknown,2,Over 51,18-30,No Priority To Vehicle,Normal,Dry,Daylight,0,0,2,Serious
KAG_001263,Kaggle_road_csv,0,,Monday,Unknown,Truck,Unknown,1,31-50,Unknown,Turnover,Normal,Dry,Daylight,0,0,1,Minor
KAG_001264,Kaggle_road_csv,0,,Saturday,Unknown,Truck,Unknown,2,18-30,Unknown,Changing Lane To The Left,Normal,Dry,Darkness - Lights Lit,0,0,1,Minor
KAG_001265,Kaggle_road_csv,0,,Wednesday,Unknown,Truck,Unknown,2,18-30,31-50,No Priority To Pedestrian,Raining,Wet Or Damp,Daylight,0,0,1,Minor
KAG_001266,Kaggle_road_csv,0,,Wednesday,Unknown,Truck,Unknown,2,18-30,31-50,No Priority To Vehicle,Raining,Wet Or Damp,Daylight,0,0,1,Minor
KAG_001267,Kaggle_road_csv,0,,Saturday,Unknown,Truck,Unknown,2,18-30,Unknown,Driving Under The Influence Of Drugs,Normal,Dry,Daylight,0,0,1,Serious
KAG_001268,Kaggle_road_csv,0,,Saturday,Unknown,Truck,Unknown,2,18-30,31-50,Driving Carelessly,Normal,Dry,Daylight,0,0,1,Serious
KAG_001269,Kaggle_road_csv,0,,Monday,Unknown,Truck,Unknown,1,31-50,Unknown,No Distancing,Normal,Dry,Darkness - Lights Lit,0,0,1,Minor
KAG_001270,Kaggle_road_csv,0,,Sunday,Unknown,Truck,Unknown,2,Under 18,Unknown,No Distancing,Raining,Wet Or Damp,Darkness - Lights Lit,0,0,1,Minor
KAG_001271,Kaggle_road_csv,0,,Sunday,Unknown,Truck,Unknown,2,18-30,31-50,No Distancing,Raining,Wet Or Damp,Darkness - Lights Lit,0,0,1,Minor
KAG_001272,Kaggle_road_csv,0,,Saturday,Unknown,Truck,Unknown,2,18-30,18-30,No Distancing,Normal,Dry,Darkness - Lights Lit,0,0,2,Minor
KAG_001273,Kaggle_road_csv,0,,Thursday,Unknown,Truck,Unknown,2,18-30,18-30,No Distancing,Raining,Wet Or Damp,Daylight,0,0,3,Minor
KAG_001274,Kaggle_road_csv,0,,Thursday,Unknown,Truck,Unknown,2,18-30,Unknown,Changing Lane To The Right,Raining,Wet Or Damp,Daylight,0,0,3,Minor
KAG_001275,Kaggle_road_csv,0,,Tuesday,Unknown,Truck,Unknown,1,31-50,Unknown,Moving Backward,Raining,Wet Or Damp,Darkness - Lights Lit,0,0,1,Serious
KAG_001276,Kaggle_road_csv,0,,Tuesday,Unknown,Truck,Unknown,3,Over 51,18-30,Driving At High Speed,Raining,Wet Or Damp,Daylight,0,0,1,Minor
KAG_001277,Kaggle_road_csv,0,,Monday,Unknown,Truck,Unknown,2,18-30,Unknown,Overturning,Normal,Dry,Darkness - Lights Lit,0,0,3,Minor
KAG_001278,Kaggle_road_csv,0,,Saturday,Unknown,Truck,Unknown,3,18-30,Unknown,No Distancing,Normal,Dry,Darkness - Lights Lit,0,0,3,Serious
KAG_001279,Kaggle_road_csv,0,,Saturday,Unknown,Truck,Unknown,3,18-30,18-30,Overturning,Normal,Dry,Darkness - Lights Lit,0,0,3,Serious
KAG_001280,Kaggle_road_csv,0,,Saturday,Unknown,Truck,Unknown,3,31-50,Unknown,Driving Carelessly,Normal,Dry,Darkness - Lights Lit,0,0,3,Serious
KAG_001281,Kaggle_road_csv,0,,Saturday,Unknown,Truck,Unknown,3,31-50,18-30,Changing Lane To The Right,Normal,Wet Or Damp,Daylight,0,0,5,Minor
KAG_001282,Kaggle_road_csv,0,,Thursday,Unknown,Truck,Unknown,2,18-30,Under 18,Driving Under The Influence Of Drugs,Normal,Dry,Daylight,0,0,1,Minor
KAG_001283,Kaggle_road_csv,0,,Wednesday,Unknown,Truck,Unknown,2,18-30,Unknown,No Distancing,Windy,Wet Or Damp,Darkness - Lights Lit,0,0,1,Minor
KAG_001284,Kaggle_road_csv,0,,Tuesday,Unknown,Truck,Unknown,2,18-30,Unknown,No Priority To Vehicle,Normal,Wet Or Damp,Daylight,0,0,1,Minor
KAG_001285,Kaggle_road_csv,0,,Tuesday,Unknown,Truck,Unknown,2,Unknown,18-30,No Priority To Vehicle,Normal,Wet Or Damp,Daylight,0,0,1,Minor
KAG_001286,Kaggle_road_csv,0,,Saturday,Unknown,Truck,Unknown,2,31-50,Unknown,No Distancing,Normal,Dry,Daylight,0,0,1,Minor
KAG_001287,Kaggle_road_csv,0,,Saturday,Unknown,Truck,Unknown,2,31-50,Unknown,Overturning,Raining,Wet Or Damp,Daylight,0,0,1,Minor
KAG_001288,Kaggle_road_csv,0,,Saturday,Unknown,Truck,Unknown,2,18-30,31-50,Changing Lane To The Right,Normal,Wet Or Damp,Darkness - Lights Lit,0,0,1,Serious
KAG_001289,Kaggle_road_csv,0,,Saturday,Unknown,Truck,Unknown,2,18-30,Unknown,No Priority To Vehicle,Other,Wet Or Damp,Darkness - Lights Lit,0,0,1,Minor
KAG_001290,Kaggle_road_csv,0,,Monday,Unknown,Truck,Unknown,1,Unknown,31-50,No Distancing,Unknown,Dry,Daylight,0,0,1,Minor
KAG_001291,Kaggle_road_csv,0,,Tuesday,Unknown,Truck,Unknown,2,31-50,18-30,Driving Carelessly,Normal,Dry,Daylight,0,0,2,Minor
KAG_001292,Kaggle_road_csv,0,,Wednesday,Unknown,Truck,Unknown,1,Over 51,31-50,No Priority To Vehicle,Normal,Dry,Daylight,0,0,1,Minor
KAG_001293,Kaggle_road_csv,0,,Wednesday,Unknown,Truck,Unknown,2,31-50,Unknown,No Priority To Vehicle,Normal,Dry,Daylight,0,0,2,Minor
KAG_001294,Kaggle_road_csv,0,,Sunday,Unknown,Truck,Unknown,2,Unknown,31-50,Changing Lane To The Left,Unknown,Dry,Daylight,0,0,1,Minor
KAG_001295,Kaggle_road_csv,0,,Monday,Unknown,Truck,Unknown,1,18-30,Unknown,Changing Lane To The Right,Normal,Dry,Daylight,0,0,1,Minor
KAG_001296,Kaggle_road_csv,0,,Saturday,Unknown,Truck,Unknown,2,Unknown,18-30,Moving Backward,Other,Wet Or Damp,Darkness - Lights Lit,0,0,1,Minor
KAG_001297,Kaggle_road_csv,0,,Tuesday,Unknown,Truck,Unknown,1,18-30,18-30,No Distancing,Normal,Dry,Daylight,0,0,1,Minor
KAG_001298,Kaggle_road_csv,0,,Tuesday,Unknown,Truck,Unknown,2,Over 51,18-30,Driving Carelessly,Normal,Wet Or Damp,Daylight,0,0,1,Minor
KAG_001299,Kaggle_road_csv,0,,Monday,Unknown,Truck,Unknown,2,Unknown,Under 18,Driving Carelessly,Normal,Dry,Darkness - Lights Lit,0,0,1,Minor
KAG_001300,Kaggle_road_csv,0,,Monday,Unknown,Truck,Unknown,2,18-30,18-30,Driving To The Left,Normal,Dry,Darkness - Lights Lit,0,0,1,Minor
KAG_001301,Kaggle_road_csv,0,,Saturday,Unknown,Truck,Unknown,2,Over 51,18-30,Changing Lane To The Right,Normal,Dry,Darkness - Lights Lit,0,0,1,Minor
KAG_001302,Kaggle_road_csv,0,,Wednesday,Unknown,Truck,Unknown,2,31-50,18-30,Driving Carelessly,Normal,Dry,Daylight,0,0,1,Minor
KAG_001303,Kaggle_road_csv,0,,Friday,Unknown,Truck,Unknown,2,Unknown,Unknown,No Distancing,Normal,Dry,Darkness - Lights Lit,0,0,2,Minor
KAG_001304,Kaggle_road_csv,0,,Friday,Unknown,Truck,Unknown,2,31-50,31-50,Overtaking,Normal,Dry,Darkness - Lights Lit,0,0,2,Minor
KAG_001305,Kaggle_road_csv,0,,Friday,Unknown,Truck,Unknown,1,Unknown,31-50,No Distancing,Raining,Wet Or Damp,Daylight,0,0,1,Minor
KAG_001306,Kaggle_road_csv,0,,Friday,Unknown,Truck,Unknown,2,31-50,Unknown,Driving Under The Influence Of Drugs,Normal,Wet Or Damp,Daylight,0,0,1,Minor
KAG_001307,Kaggle_road_csv,0,,Tuesday,Unknown,Truck,Unknown,2,31-50,Over 51,Moving Backward,Normal,Wet Or Damp,Daylight,0,0,2,Minor
KAG_001308,Kaggle_road_csv,0,,Friday,Unknown,Truck,Unknown,2,Unknown,Unknown,Changing Lane To The Left,Raining,Wet Or Damp,Daylight,0,0,1,Minor
KAG_001309,Kaggle_road_csv,0,,Wednesday,Unknown,Truck,Unknown,1,31-50,18-30,No Priority To Vehicle,Normal,Wet Or Damp,Darkness - Lights Lit,0,0,1,Minor
KAG_001310,Kaggle_road_csv,0,,Tuesday,Unknown,Truck,Unknown,3,Unknown,Unknown,Driving Under The Influence Of Drugs,Normal,Dry,Darkness - Lights Lit,0,0,1,Serious
KAG_001311,Kaggle_road_csv,0,,Monday,Unknown,Truck,Unknown,2,31-50,Unknown,Changing Lane To The Right,Raining,Wet Or Damp,Darkness - Lights Lit,0,0,1,Minor
KAG_001312,Kaggle_road_csv,0,,Monday,Unknown,Truck,Unknown,2,Under 18,Unknown,Moving Backward,Raining,Wet Or Damp,Darkness - Lights Lit,0,0,1,Minor
KAG_001313,Kaggle_road_csv,0,,Wednesday,Unknown,Truck,Unknown,2,31-50,Unknown,No Distancing,Normal,Dry,Daylight,0,0,2,Minor
KAG_001314,Kaggle_road_csv,0,,Friday,Unknown,Truck,Unknown,2,Over 51,Unknown,Changing Lane To The Right,Normal,Dry,Daylight,0,0,2,Serious
KAG_001315,Kaggle_road_csv,0,,Tuesday,Unknown,Truck,Unknown,2,Unknown,Unknown,Changing Lane To The Left,Normal,Dry,Daylight,0,0,2,Minor
KAG_001316,Kaggle_road_csv,0,,Sunday,Unknown,Truck,Unknown,2,31-50,Unknown,Changing Lane To The Right,Normal,Dry,Daylight,0,0,2,Minor
KAG_001317,Kaggle_road_csv,0,,Monday,Unknown,Truck,Unknown,3,31-50,Unknown,No Priority To Vehicle,Normal,Dry,Daylight,0,0,2,Minor
KAG_001318,Kaggle_road_csv,0,,Monday,Unknown,Truck,Unknown,3,31-50,Unknown,Changing Lane To The Left,Normal,Dry,Daylight,0,0,2,Minor
KAG_001319,Kaggle_road_csv,0,,Monday,Unknown,Truck,Unknown,1,31-50,18-30,Changing Lane To The Left,Normal,Dry,Darkness - Lights Lit,0,0,1,Fatal
KAG_001320,Kaggle_road_csv,0,,Thursday,Unknown,Truck,Unknown,2,18-30,31-50,Changing Lane To The Right,Unknown,Dry,Darkness - Lights Lit,0,0,1,Minor
KAG_001321,Kaggle_road_csv,0,,Wednesday,Unknown,Truck,Unknown,2,18-30,18-30,No Distancing,Unknown,Dry,Daylight,0,0,1,Serious
KAG_001322,Kaggle_road_csv,0,,Thursday,Unknown,Truck,Unknown,1,18-30,Over 51,No Priority To Vehicle,Normal,Dry,Daylight,0,0,1,Minor
KAG_001323,Kaggle_road_csv,0,,Tuesday,Unknown,Truck,Unknown,2,Over 51,Over 51,Moving Backward,Other,Wet Or Damp,Daylight,0,0,2,Minor
KAG_001324,Kaggle_road_csv,0,,Saturday,Unknown,Truck,Unknown,2,18-30,Unknown,No Distancing,Raining,Wet Or Damp,Darkness - Lights Lit,0,0,1,Minor
KAG_001325,Kaggle_road_csv,0,,Tuesday,Unknown,Truck,Unknown,2,31-50,Unknown,Changing Lane To The Left,Normal,Dry,Daylight,0,0,1,Minor
KAG_001326,Kaggle_road_csv,0,,Friday,Unknown,Truck,Unknown,2,Unknown,Unknown,Driving Carelessly,Unknown,Dry,Daylight,0,0,1,Minor
KAG_001327,Kaggle_road_csv,0,,Tuesday,Unknown,Truck,Unknown,2,18-30,Unknown,Changing Lane To The Right,Unknown,Dry,Daylight,0,0,1,Minor
KAG_001328,Kaggle_road_csv,0,,Tuesday,Unknown,Truck,Unknown,2,31-50,18-30,Driving Under The Influence Of Drugs,Normal,Dry,Daylight,0,0,1,Minor
KAG_001329,Kaggle_road_csv,0,,Sunday,Unknown,Truck,Unknown,2,31-50,18-30,No Priority To Pedestrian,Normal,Dry,Darkness - Lights Lit,0,0,1,Serious
KAG_001330,Kaggle_road_csv,0,,Sunday,Unknown,Truck,Unknown,2,Under 18,Unknown,No Distancing,Normal,Dry,Darkness - Lights Lit,0,0,1,Serious
KAG_001331,Kaggle_road_csv,0,,Friday,Unknown,Truck,Unknown,2,18-30,31-50,No Priority To Vehicle,Normal,Dry,Daylight,0,0,1,Minor
KAG_001332,Kaggle_road_csv,0,,Sunday,Unknown,Truck,Unknown,2,Unknown,Unknown,Driving Carelessly,Unknown,Dry,Daylight,0,0,2,Minor
KAG_001333,Kaggle_road_csv,0,,Thursday,Unknown,Truck,Unknown,1,18-30,Unknown,Driving Carelessly,Normal,Dry,Daylight,0,0,1,Minor
KAG_001334,Kaggle_road_csv,0,,Friday,Unknown,Truck,Unknown,2,18-30,Over 51,Changing Lane To The Right,Normal,Dry,Daylight,0,0,1,Minor
KAG_001335,Kaggle_road_csv,0,,Monday,Unknown,Truck,Unknown,1,31-50,18-30,Changing Lane To The Right,Normal,Dry,Daylight,0,0,1,Minor
KAG_001336,Kaggle_road_csv,0,,Sunday,Unknown,Truck,Unknown,2,Unknown,Unknown,Moving Backward,Normal,Dry,Darkness - Lights Lit,0,0,1,Minor
KAG_001337,Kaggle_road_csv,0,,Monday,Unknown,Truck,Unknown,4,18-30,31-50,No Distancing,Other,Wet Or Damp,Darkness - Lights Lit,0,0,1,Minor
KAG_001338,Kaggle_road_csv,0,,Sunday,Unknown,Truck,Unknown,1,18-30,Unknown,Driving Under The Influence Of Drugs,Normal,Dry,Daylight,0,0,1,Serious
KAG_001339,Kaggle_road_csv,0,,Tuesday,Unknown,Truck,Unknown,2,31-50,Unknown,No Priority To Pedestrian,Other,Dry,Daylight,0,0,1,Minor
KAG_001340,Kaggle_road_csv,0,,Tuesday,Unknown,Truck,Unknown,2,18-30,31-50,Changing Lane To The Right,Other,Dry,Daylight,0,0,1,Minor
KAG_001341,Kaggle_road_csv,0,,Friday,Unknown,Truck,Unknown,2,Under 18,31-50,Overtaking,Normal,Dry,Daylight,0,0,1,Minor
KAG_001342,Kaggle_road_csv,0,,Thursday,Unknown,Truck,Unknown,1,Over 51,31-50,Overloading,Raining,Wet Or Damp,Daylight,0,0,1,Minor
KAG_001343,Kaggle_road_csv,0,,Friday,Unknown,Truck,Unknown,2,31-50,Unknown,Changing Lane To The Right,Normal,Dry,Darkness - Lights Lit,0,0,4,Minor
KAG_001344,Kaggle_road_csv,0,,Friday,Unknown,Truck,Unknown,2,18-30,Unknown,Moving Backward,Normal,Dry,Darkness - Lights Lit,0,0,4,Minor
KAG_001345,Kaggle_road_csv,0,,Friday,Unknown,Truck,Unknown,2,18-30,31-50,Getting Off The Vehicle Improperly,Normal,Dry,Darkness - Lights Lit,0,0,4,Minor
KAG_001346,Kaggle_road_csv,0,,Sunday,Unknown,Truck,Unknown,2,18-30,18-30,No Distancing,Normal,Dry,Daylight,0,0,4,Minor
KAG_001347,Kaggle_road_csv,0,,Thursday,Unknown,Truck,Unknown,2,18-30,Under 18,Driving Carelessly,Raining,Wet Or Damp,Darkness - Lights Lit,0,0,5,Minor
KAG_001348,Kaggle_road_csv,0,,Friday,Unknown,Truck,Unknown,2,18-30,Unknown,Changing Lane To The Left,Unknown,Dry,Daylight,0,0,1,Minor
KAG_001349,Kaggle_road_csv,0,,Tuesday,Unknown,Truck,Unknown,4,Unknown,Under 18,No Distancing,Normal,Dry,Daylight,0,0,1,Minor
KAG_001350,Kaggle_road_csv,0,,Tuesday,Unknown,Truck,Unknown,4,Unknown,Unknown,Changing Lane To The Right,Normal,Dry,Daylight,0,0,1,Minor
KAG_001351,Kaggle_road_csv,0,,Friday,Unknown,Truck,Unknown,3,18-30,18-30,Overtaking,Raining,Wet Or Damp,Daylight,0,0,1,Minor
KAG_001352,Kaggle_road_csv,0,,Thursday,Unknown,Truck,Unknown,2,31-50,31-50,Changing Lane To The Right,Normal,Dry,Daylight,0,0,2,Minor
KAG_001353,Kaggle_road_csv,0,,Thursday,Unknown,Truck,Unknown,2,Under 18,Unknown,Driving Carelessly,Normal,Dry,Daylight,0,0,2,Minor
KAG_001354,Kaggle_road_csv,0,,Friday,Unknown,Truck,Unknown,3,Unknown,Under 18,Changing Lane To The Right,Normal,Dry,Daylight,0,0,1,Minor
KAG_001355,Kaggle_road_csv,0,,Saturday,Unknown,Truck,Unknown,3,18-30,Unknown,Driving Carelessly,Normal,Dry,Daylight,0,0,4,Minor
KAG_001356,Kaggle_road_csv,0,,Monday,Unknown,Truck,Unknown,2,Under 18,Unknown,Changing Lane To The Right,Normal,Dry,Daylight,0,0,1,Minor
KAG_001357,Kaggle_road_csv,0,,Saturday,Unknown,Truck,Unknown,2,Unknown,Over 51,Driving Carelessly,Normal,Dry,Daylight,0,0,2,Minor
KAG_001358,Kaggle_road_csv,0,,Sunday,Unknown,Truck,Unknown,2,18-30,18-30,No Priority To Vehicle,Normal,Dry,Daylight,0,0,1,Serious
KAG_001359,Kaggle_road_csv,0,,Saturday,Unknown,Truck,Unknown,2,18-30,18-30,No Distancing,Normal,Dry,Daylight,0,0,2,Minor
KAG_001360,Kaggle_road_csv,0,,Saturday,Unknown,Truck,Unknown,2,31-50,Unknown,No Distancing,Normal,Dry,Daylight,0,0,2,Minor
KAG_001361,Kaggle_road_csv,0,,Thursday,Unknown,Truck,Unknown,1,Under 18,18-30,No Distancing,Normal,Dry,Darkness - Lights Lit,0,0,2,Minor
KAG_001362,Kaggle_road_csv,0,,Monday,Unknown,Truck,Unknown,2,Under 18,Unknown,No Distancing,Unknown,Dry,Daylight,0,0,1,Minor
KAG_001363,Kaggle_road_csv,0,,Tuesday,Unknown,Truck,Unknown,2,Unknown,Unknown,Changing Lane To The Right,Normal,Dry,Daylight,0,0,1,Minor
KAG_001364,Kaggle_road_csv,0,,Sunday,Unknown,Truck,Unknown,2,Over 51,Unknown,No Priority To Vehicle,Normal,Dry,Daylight,0,0,1,Minor
KAG_001365,Kaggle_road_csv,0,,Saturday,Unknown,Truck,Unknown,2,18-30,18-30,Driving To The Left,Normal,Dry,Darkness - No Lighting,0,0,3,Minor
KAG_001366,Kaggle_road_csv,0,,Wednesday,Unknown,Truck,Unknown,1,31-50,18-30,Changing Lane To The Right,Normal,Dry,Daylight,0,0,1,Minor
KAG_001367,Kaggle_road_csv,0,,Tuesday,Unknown,Truck,Unknown,2,18-30,18-30,Driving Carelessly,Normal,Dry,Daylight,0,0,3,Minor
KAG_001368,Kaggle_road_csv,0,,Saturday,Unknown,Truck,Unknown,2,Unknown,Over 51,Changing Lane To The Right,Normal,Dry,Daylight,0,0,2,Minor
KAG_001369,Kaggle_road_csv,0,,Thursday,Unknown,Truck,Unknown,2,18-30,18-30,Changing Lane To The Right,Normal,Dry,Daylight,0,0,3,Serious
KAG_001370,Kaggle_road_csv,0,,Thursday,Unknown,Truck,Unknown,2,18-30,Unknown,Overtaking,Normal,Dry,Daylight,0,0,3,Serious
KAG_001371,Kaggle_road_csv,0,,Monday,Unknown,Truck,Unknown,2,31-50,Under 18,Driving To The Left,Normal,Dry,Daylight,0,0,1,Minor
KAG_001372,Kaggle_road_csv,0,,Monday,Unknown,Truck,Unknown,2,31-50,Unknown,Other,Normal,Dry,Daylight,0,0,1,Minor
KAG_001373,Kaggle_road_csv,0,,Friday,Unknown,Truck,Unknown,2,Over 51,Unknown,Changing Lane To The Right,Normal,Dry,Daylight,0,0,2,Serious
KAG_001374,Kaggle_road_csv,0,,Sunday,Unknown,Truck,Unknown,1,18-30,Unknown,Driving At High Speed,Raining,Wet Or Damp,Daylight,0,0,1,Serious
KAG_001375,Kaggle_road_csv,0,,Saturday,Unknown,Truck,Unknown,2,Over 51,Unknown,Changing Lane To The Right,Normal,Dry,Daylight,0,0,2,Minor
KAG_001376,Kaggle_road_csv,0,,Friday,Unknown,Truck,Unknown,2,Under 18,31-50,No Distancing,Normal,Dry,Daylight,0,0,2,Minor
KAG_001377,Kaggle_road_csv,0,,Tuesday,Unknown,Truck,Unknown,2,18-30,18-30,Moving Backward,Normal,Dry,Daylight,0,0,2,Serious
KAG_001378,Kaggle_road_csv,0,,Friday,Unknown,Truck,Unknown,2,31-50,Unknown,No Priority To Pedestrian,Normal,Dry,Darkness - Lights Lit,0,0,1,Minor
KAG_001379,Kaggle_road_csv,0,,Friday,Unknown,Truck,Unknown,2,18-30,31-50,Changing Lane To The Left,Normal,Dry,Darkness - Lights Lit,0,0,1,Minor
KAG_001380,Kaggle_road_csv,0,,Monday,Unknown,Truck,Unknown,2,Unknown,31-50,No Distancing,Unknown,Dry,Daylight,0,0,1,Minor
KAG_001381,Kaggle_road_csv,0,,Sunday,Unknown,Truck,Unknown,2,31-50,Unknown,Getting Off The Vehicle Improperly,Raining,Wet Or Damp,Daylight,0,0,1,Minor
KAG_001382,Kaggle_road_csv,0,,Friday,Unknown,Truck,Unknown,1,Under 18,Under 18,Moving Backward,Raining,Wet Or Damp,Darkness - Lights Lit,0,0,2,Minor
KAG_001383,Kaggle_road_csv,0,,Monday,Unknown,Truck,Unknown,2,31-50,18-30,Moving Backward,Unknown,Wet Or Damp,Daylight,0,0,1,Minor
KAG_001384,Kaggle_road_csv,0,,Friday,Unknown,Truck,Unknown,2,Unknown,Unknown,Changing Lane To The Left,Normal,Dry,Daylight,0,0,2,Minor
KAG_001385,Kaggle_road_csv,0,,Saturday,Unknown,Truck,Unknown,2,31-50,Unknown,Driving Carelessly,Normal,Dry,Daylight,0,0,2,Minor
KAG_001386,Kaggle_road_csv,0,,Wednesday,Unknown,Truck,Unknown,2,Unknown,Unknown,No Distancing,Raining,Wet Or Damp,Darkness - Lights Lit,0,0,4,Minor
KAG_001387,Kaggle_road_csv,0,,Wednesday,Unknown,Truck,Unknown,2,Under 18,Unknown,Driving Carelessly,Raining,Wet Or Damp,Darkness - Lights Lit,0,0,4,Minor
KAG_001388,Kaggle_road_csv,0,,Thursday,Unknown,Truck,Unknown,2,18-30,31-50,Changing Lane To The Right,Normal,Dry,Daylight,0,0,1,Minor
KAG_001389,Kaggle_road_csv,0,,Friday,Unknown,Truck,Unknown,4,18-30,18-30,Moving Backward,Normal,Dry,Darkness - Lights Lit,0,0,1,Minor
KAG_001390,Kaggle_road_csv,0,,Monday,Unknown,Truck,Unknown,2,Over 51,18-30,No Priority To Pedestrian,Normal,Dry,Daylight,0,0,1,Minor
KAG_001391,Kaggle_road_csv,0,,Wednesday,Unknown,Truck,Unknown,2,18-30,Unknown,Driving Carelessly,Normal,Dry,Daylight,0,0,1,Minor
KAG_001392,Kaggle_road_csv,0,,Friday,Unknown,Truck,Unknown,2,Unknown,Unknown,Getting Off The Vehicle Improperly,Raining,Wet Or Damp,Daylight,0,0,1,Minor
KAG_001393,Kaggle_road_csv,0,,Monday,Unknown,Truck,Unknown,2,18-30,18-30,Driving Carelessly,Normal,Dry,Daylight,0,0,2,Minor
KAG_001394,Kaggle_road_csv,0,,Wednesday,Unknown,Truck,Unknown,3,31-50,18-30,No Distancing,Raining,Wet Or Damp,Daylight,0,0,1,Minor
KAG_001395,Kaggle_road_csv,0,,Wednesday,Unknown,Truck,Unknown,2,18-30,31-50,Changing Lane To The Left,Normal,Dry,Daylight,0,0,4,Minor
KAG_001396,Kaggle_road_csv,0,,Wednesday,Unknown,Truck,Unknown,1,18-30,18-30,Changing Lane To The Right,Normal,Dry,Daylight,0,0,1,Serious
KAG_001397,Kaggle_road_csv,0,,Sunday,Unknown,Truck,Unknown,2,Over 51,Unknown,Other,Normal,Dry,Darkness - Lights Lit,0,0,2,Minor
KAG_001398,Kaggle_road_csv,0,,Sunday,Unknown,Truck,Unknown,1,Under 18,Unknown,No Priority To Vehicle,Normal,Wet Or Damp,Darkness - Lights Lit,0,0,1,Minor
KAG_001399,Kaggle_road_csv,0,,Saturday,Unknown,Truck,Unknown,3,Over 51,Unknown,Overtaking,Normal,Dry,Daylight,0,0,1,Minor
KAG_001400,Kaggle_road_csv,0,,Thursday,Unknown,Truck,Unknown,4,Unknown,31-50,Driving Carelessly,Normal,Wet Or Damp,Daylight,0,0,1,Minor
KAG_001401,Kaggle_road_csv,0,,Wednesday,Unknown,Truck,Unknown,2,Unknown,Unknown,No Priority To Pedestrian,Windy,Wet Or Damp,Daylight,0,0,1,Minor
KAG_001402,Kaggle_road_csv,0,,Wednesday,Unknown,Truck,Unknown,3,31-50,18-30,Changing Lane To The Left,Normal,Dry,Daylight,0,0,1,Minor
KAG_001403,Kaggle_road_csv,0,,Monday,Unknown,Truck,Unknown,2,Unknown,Over 51,Moving Backward,Normal,Dry,Darkness - Lights Lit,0,0,1,Minor
KAG_001404,Kaggle_road_csv,0,,Monday,Unknown,Truck,Unknown,2,Under 18,18-30,Changing Lane To The Right,Normal,Dry,Darkness - Lights Lit,0,0,1,Minor
KAG_001405,Kaggle_road_csv,0,,Sunday,Unknown,Truck,Unknown,2,Over 51,Unknown,Driving Under The Influence Of Drugs,Normal,Dry,Daylight,0,0,1,Minor