accident_id,source,year,month,day_of_week,state,vehicle_1,vehicle_2,vehicles_involved,party_age_group,victim_age_group,cause_of_accident,weather_condition,road_condition,lighting_condition,fatalities,injuries,casualties,severity
KAG_001406,Kaggle_road_csv,0,,Tuesday,Unknown,Truck,Unknown,3,Under 18,31-50,Driving Carelessly,Normal,Dry,Daylight,0,0,2,Minor
KAG_001407,Kaggle_road_csv,0,,Wednesday,Unknown,Truck,Unknown,1,Over 51,Unknown,Moving Backward,Raining,Dry,Daylight,0,0,1,Serious
KAG_001408,Kaggle_road_csv,0,,Tuesday,Unknown,Truck,Unknown,1,31-50,31-50,Driving Carelessly,Normal,Wet Or Damp,Darkness - Lights Lit,0,0,1,Serious
KAG_001409,Kaggle_road_csv,0,,Thursday,Unknown,Truck,Unknown,3,31-50,Over 51,No Distancing,Normal,Dry,Daylight,0,0,1,Minor
KAG_001410,Kaggle_road_csv,0,,Sunday,Unknown,Truck,Unknown,2,31-50,Unknown,Driving To The Left,Normal,Dry,Daylight,0,0,1,Minor
KAG_001411,Kaggle_road_csv,0,,Sunday,Unknown,Truck,Unknown,4,Unknown,18-30,Changing Lane To The Left,Normal,Dry,Darkness - Lights Lit,0,0,2,Minor
KAG_001412,Kaggle_road_csv,0,,Friday,Unknown,Truck,Unknown,2,18-30,Unknown,Changing Lane To The Right,Normal,Dry,Darkness - Lights Lit,0,0,2,Minor
KAG_001413,Kaggle_road_csv,0,,Sunday,Unknown,Truck,Unknown,2,Unknown,Unknown,Changing Lane To The Left,Normal,Dry,Daylight,0,0,1,Minor
KAG_001414,Kaggle_road_csv,0,,Sunday,Unknown,Truck,Unknown,1,Under 18,Under 18,No Distancing,Normal,Wet Or Damp,Daylight,0,0,4,Serious
KAG_001415,Kaggle_road_csv,0,,Sunday,Unknown,Truck,Unknown,1,Under 18,Unknown,No Priority To Vehicle,Normal,Wet Or Damp,Daylight,0,0,4,Serious
KAG_001416,Kaggle_road_csv,0,,Sunday,Unknown,Truck,Unknown,1,Under 18,Unknown,No Priority To Vehicle,Normal,Wet Or Damp,Daylight,0,0,4,Serious
KAG_001417,Kaggle_road_csv,0,,Friday,Unknown,Truck,Unknown,2,Unknown,18-30,No Distancing,Normal,Dry,Darkness - Lights Lit,0,0,1,Minor
KAG_001418,Kaggle_road_csv,0,,Friday,Unknown,Truck,Unknown,2,Unknown,31-50,No Distancing,Normal,Dry,Darkness - Lights Lit,0,0,1,Minor
KAG_001419,Kaggle_road_csv,0,,Thursday,Unknown,Truck,Unknown,2,Under 18,18-30,No Priority To Vehicle,Normal,Dry,Daylight,0,0,2,Minor
KAG_001420,Kaggle_road_csv,0,,Thursday,Unknown,Truck,Unknown,2,18-30,Unknown,Driving Under The Influence Of Drugs,Normal,Dry,Daylight,0,0,1,Minor
KAG_001421,Kaggle_road_csv,0,,Friday,Unknown,Truck,Unknown,2,Unknown,31-50,No Distancing,Unknown,Dry,Darkness - Lights Lit,0,0,2,Minor
KAG_001422,Kaggle_road_csv,0,,Thursday,Unknown,Truck,Unknown,1,31-50,Unknown,No Distancing,Normal,Dry,Daylight,0,0,1,Minor
KAG_001423,Kaggle_road_csv,0,,Tuesday,Unknown,Truck,Unknown,2,18-30,18-30,Getting Off The Vehicle Improperly,Normal,Dry,Darkness - Lights Lit,0,0,2,Serious
KAG_001424,Kaggle_road_csv,0,,Friday,Unknown,Truck,Unknown,2,31-50,Over 51,No Distancing,Normal,Dry,Daylight,0,0,3,Minor
KAG_001425,Kaggle_road_csv,0,,Saturday,Unknown,Truck,Unknown,1,18-30,18-30,Changing Lane To The Left,Normal,Dry,Darkness - Lights Lit,0,0,3,Serious
KAG_001426,Kaggle_road_csv,0,,Thursday,Unknown,Truck,Unknown,1,18-30,Unknown,Driving Carelessly,Normal,Dry,Darkness - Lights Lit,0,0,2,Serious
KAG_001427,Kaggle_road_csv,0,,Thursday,Unknown,Truck,Unknown,2,Unknown,31-50,No Priority To Vehicle,Normal,Wet Or Damp,Darkness - Lights Lit,0,0,1,Minor
KAG_001428,Kaggle_road_csv,0,,Thursday,Unknown,Truck,Unknown,2,31-50,Unknown,No Priority To Vehicle,Normal,Wet Or Damp,Darkness - Lights Lit,0,0,1,Minor
KAG_001429,Kaggle_road_csv,0,,Tuesday,Unknown,Truck,Unknown,1,18-30,31-50,Driving Under The Influence Of Drugs,Normal,Wet Or Damp,Daylight,0,0,1,Minor
KAG_001430,Kaggle_road_csv,0,,Saturday,Unknown,Truck,Unknown,2,31-50,31-50,Changing Lane To The Right,Normal,Dry,Daylight,0,0,1,Minor
KAG_001431,Kaggle_road_csv,0,,Friday,Unknown,Truck,Unknown,2,Unknown,31-50,Driving Carelessly,Unknown,Dry,Daylight,0,0,1,Minor
KAG_001432,Kaggle_road_csv,0,,Sunday,Unknown,Truck,Unknown,2,Under 18,Unknown,Driving Carelessly,Raining,Wet Or Damp,Darkness - Lights Lit,0,0,1,Minor
KAG_001433,Kaggle_road_csv,0,,Sunday,Unknown,Truck,Unknown,2,31-50,18-30,Changing Lane To The Right,Raining,Wet Or Damp,Darkness - Lights Lit,0,0,1,Minor
KAG_001434,Kaggle_road_csv,0,,Tuesday,Unknown,Truck,Unknown,2,18-30,Unknown,Changing Lane To The Left,Normal,Wet Or Damp,Darkness - Lights Lit,0,0,1,Minor
KAG_001435,Kaggle_road_csv,0,,Monday,Unknown,Truck,Unknown,2,31-50,Unknown,Driving Carelessly,Normal,Dry,Daylight,0,0,2,Minor
KAG_001436,Kaggle_road_csv,0,,Saturday,Unknown,Truck,Unknown,2,31-50,31-50,Driving Carelessly,Normal,Dry,Daylight,0,0,3,Minor
KAG_001437,Kaggle_road_csv,0,,Saturday,Unknown,Truck,Unknown,2,31-50,31-50,No Priority To Vehicle,Other,Wet Or Damp,Daylight,0,0,1,Minor
KAG_001438,Kaggle_road_csv,0,,Sunday,Unknown,Truck,Unknown,3,18-30,18-30,Changing Lane To The Left,Normal,Wet Or Damp,Darkness - Lights Lit,0,0,3,Serious
KAG_001439,Kaggle_road_csv,0,,Tuesday,Unknown,Truck,Unknown,2,31-50,Unknown,No Priority To Pedestrian,Normal,Dry,Daylight,0,0,1,Minor
KAG_001440,Kaggle_road_csv,0,,Tuesday,Unknown,Truck,Unknown,2,18-30,31-50,No Distancing,Normal,Dry,Daylight,0,0,1,Serious
KAG_001441,Kaggle_road_csv,0,,Monday,Unknown,Truck,Unknown,1,Unknown,31-50,Moving Backward,Raining,Wet Or Damp,Darkness - Lights Lit,0,0,1,Minor
KAG_001442,Kaggle_road_csv,0,,Monday,Unknown,Truck,Unknown,2,31-50,Unknown,Changing Lane To The Left,Raining,Wet Or Damp,Darkness - Lights Lit,0,0,3,Minor
KAG_001443,Kaggle_road_csv,0,,Tuesday,Unknown,Truck,Unknown,1,Over 51,Unknown,Driving To The Left,Snow,Wet Or Damp,Darkness - Lights Lit,0,0,1,Serious
KAG_001444,Kaggle_road_csv,0,,Sunday,Unknown,Truck,Unknown,2,31-50,Unknown,Moving Backward,Normal,Dry,Daylight,0,0,1,Minor
KAG_001445,Kaggle_road_csv,0,,Saturday,Unknown,Truck,Unknown,3,Over 51,18-30,Moving Backward,Normal,Wet Or Damp,Daylight,0,0,3,Minor
KAG_001446,Kaggle_road_csv,0,,Saturday,Unknown,Truck,Unknown,3,31-50,31-50,Overtaking,Normal,Wet Or Damp,Daylight,0,0,3,Minor
KAG_001447,Kaggle_road_csv,0,,Tuesday,Unknown,Truck,Unknown,3,Unknown,Over 51,No Distancing,Normal,Wet Or Damp,Darkness - No Lighting,0,0,1,Serious
KAG_001448,Kaggle_road_csv,0,,Tuesday,Unknown,Truck,Unknown,3,18-30,Unknown,Changing Lane To The Right,Normal,Wet Or Damp,Darkness - No Lighting,0,0,1,Serious
KAG_001449,Kaggle_road_csv,0,,Saturday,Unknown,Truck,Unknown,2,Over 51,18-30,No Distancing,Normal,Wet Or Damp,Darkness - Lights Lit,0,0,1,Minor
KAG_001450,Kaggle_road_csv,0,,Saturday,Unknown,Truck,Unknown,2,Unknown,18-30,No Distancing,Normal,Wet Or Damp,Darkness - Lights Lit,0,0,1,Minor
KAG_001451,Kaggle_road_csv,0,,Thursday,Unknown,Truck,Unknown,2,31-50,Unknown,Changing Lane To The Left,Normal,Dry,Daylight,0,0,1,Minor
KAG_001452,Kaggle_road_csv,0,,Tuesday,Unknown,Truck,Unknown,1,Unknown,Unknown,No Distancing,Raining,Wet Or Damp,Daylight,0,0,1,Minor
KAG_001453,Kaggle_road_csv,0,,Friday,Unknown,Truck,Unknown,2,18-30,31-50,No Distancing,Normal,Dry,Daylight,0,0,1,Minor
KAG_001454,Kaggle_road_csv,0,,Friday,Unknown,Truck,Unknown,2,31-50,Under 18,Overturning,Normal,Dry,Daylight,0,0,1,Minor
KAG_001455,Kaggle_road_csv,0,,Thursday,Unknown,Truck,Unknown,2,Over 51,18-30,No Priority To Vehicle,Normal,Dry,Daylight,0,0,1,Minor
KAG_001456,Kaggle_road_csv,0,,Wednesday,Unknown,Truck,Unknown,2,31-50,18-30,Driving Under The Influence Of Drugs,Normal,Dry,Daylight,0,0,2,Minor
KAG_001457,Kaggle_road_csv,0,,Saturday,Unknown,Truck,Unknown,2,18-30,18-30,Changing Lane To The Right,Unknown,Dry,Darkness - Lights Lit,0,0,1,Serious
KAG_001458,Kaggle_road_csv,0,,Wednesday,Unknown,Truck,Unknown,2,Over 51,Unknown,Overspeed,Normal,Dry,Darkness - Lights Lit,0,0,1,Serious
KAG_001459,Kaggle_road_csv,0,,Tuesday,Unknown,Truck,Unknown,2,Unknown,18-30,No Distancing,Normal,Dry,Daylight,0,0,1,Minor
KAG_001460,Kaggle_road_csv,0,,Saturday,Unknown,Truck,Unknown,1,Unknown,Under 18,Getting Off The Vehicle Improperly,Unknown,Dry,Darkness - Lights Lit,0,0,1,Minor
KAG_001461,Kaggle_road_csv,0,,Tuesday,Unknown,Truck,Unknown,2,18-30,Unknown,No Distancing,Normal,Dry,Darkness - Lights Lit,0,0,1,Minor
KAG_001462,Kaggle_road_csv,0,,Friday,Unknown,Truck,Unknown,2,18-30,31-50,Changing Lane To The Left,Normal,Wet Or Damp,Daylight,0,0,4,Minor
KAG_001463,Kaggle_road_csv,0,,Thursday,Unknown,Truck,Unknown,3,31-50,Unknown,Changing Lane To The Right,Other,Wet Or Damp,Darkness - Lights Lit,0,0,2,Serious
KAG_001464,Kaggle_road_csv,0,,Thursday,Unknown,Truck,Unknown,2,18-30,31-50,Driving Carelessly,Unknown,Dry,Darkness - Lights Lit,0,0,1,Minor
KAG_001465,Kaggle_road_csv,0,,Tuesday,Unknown,Truck,Unknown,2,31-50,18-30,Overturning,Normal,Dry,Daylight,0,0,1,Minor
KAG_001466,Kaggle_road_csv,0,,Thursday,Unknown,Truck,Unknown,2,Unknown,18-30,Driving Carelessly,Other,Dry,Daylight,0,0,1,Minor
KAG_001467,Kaggle_road_csv,0,,Tuesday,Unknown,Truck,Unknown,1,31-50,Under 18,Moving Backward,Snow,Snow,Darkness - Lights Lit,0,0,1,Minor
KAG_001468,Kaggle_road_csv,0,,Monday,Unknown,Truck,Unknown,1,18-30,Unknown,No Distancing,Normal,Dry,Daylight,0,0,1,Minor
KAG_001469,Kaggle_road_csv,0,,Thursday,Unknown,Truck,Unknown,1,31-50,18-30,Driving Carelessly,Normal,Dry,Darkness - Lights Lit,0,0,1,Minor
KAG_001470,Kaggle_road_csv,0,,Tuesday,Unknown,Truck,Unknown,2,31-50,Unknown,Driving Under The Influence Of Drugs,Normal,Dry,Darkness - Lights Lit,0,0,1,Minor
KAG_001471,Kaggle_road_csv,0,,Tuesday,Unknown,Truck,Unknown,2,31-50,18-30,No Distancing,Normal,Dry,Darkness - Lights Lit,0,0,1,Minor
KAG_001472,Kaggle_road_csv,0,,Monday,Unknown,Truck,Unknown,2,18-30,Unknown,No Distancing,Cloudy,Dry,Daylight,0,0,1,Serious
KAG_001473,Kaggle_road_csv,0,,Friday,Unknown,Truck,Unknown,2,Unknown,31-50,Changing Lane To The Right,Normal,Dry,Darkness - No Lighting,0,0,1,Minor
KAG_001474,Kaggle_road_csv,0,,Wednesday,Unknown,Truck,Unknown,2,31-50,31-50,Driving Carelessly,Unknown,Dry,Daylight,0,0,1,Minor
KAG_001475,Kaggle_road_csv,0,,Friday,Unknown,Truck,Unknown,4,18-30,Unknown,No Priority To Vehicle,Normal,Dry,Darkness - Lights Lit,0,0,1,Minor
KAG_001476,Kaggle_road_csv,0,,Saturday,Unknown,Truck,Unknown,1,Unknown,31-50,No Distancing,Normal,Dry,Daylight,0,0,1,Minor
KAG_001477,Kaggle_road_csv,0,,Wednesday,Unknown,Truck,Unknown,3,Over 51,Over 51,Changing Lane To The Right,Normal,Dry,Daylight,0,0,1,Minor
KAG_001478,Kaggle_road_csv,0,,Wednesday,Unknown,Truck,Unknown,3,18-30,Under 18,Driving Carelessly,Normal,Dry,Daylight,0,0,1,Minor
KAG_001479,Kaggle_road_csv,0,,Wednesday,Unknown,Truck,Unknown,3,Unknown,31-50,Changing Lane To The Left,Normal,Dry,Daylight,0,0,1,Minor
KAG_001480,Kaggle_road_csv,0,,Tuesday,Unknown,Truck,Unknown,2,18-30,31-50,No Distancing,Normal,Dry,Daylight,0,0,1,Minor
KAG_001481,Kaggle_road_csv,0,,Monday,Unknown,Truck,Unknown,3,18-30,18-30,No Priority To Pedestrian,Raining,Wet Or Damp,Daylight,0,0,1,Minor
KAG_001482,Kaggle_road_csv,0,,Tuesday,Unknown,Truck,Unknown,1,Unknown,31-50,No Distancing,Normal,Dry,Darkness - Lights Lit,0,0,2,Minor
KAG_001483,Kaggle_road_csv,0,,Saturday,Unknown,Truck,Unknown,2,31-50,18-30,Driving Carelessly,Normal,Dry,Daylight,0,0,1,Minor
KAG_001484,Kaggle_road_csv,0,,Sunday,Unknown,Truck,Unknown,2,31-50,Unknown,No Priority To Vehicle,Normal,Dry,Daylight,0,0,1,Minor
KAG_001485,Kaggle_road_csv,0,,Sunday,Unknown,Truck,Unknown,2,Unknown,Unknown,Changing Lane To The Left,Raining,Wet Or Damp,Daylight,0,0,1,Minor
KAG_001486,Kaggle_road_csv,0,,Monday,Unknown,Truck,Unknown,3,Unknown,18-30,Driving Under The Influence Of Drugs,Raining,Wet Or Damp,Darkness - Lights Lit,0,0,1,Minor
KAG_001487,Kaggle_road_csv,0,,Monday,Unknown,Truck,Unknown,3,31-50,Unknown,No Distancing,Raining,Wet Or Damp,Darkness - Lights Lit,0,0,1,Minor
KAG_001488,Kaggle_road_csv,0,,Tuesday,Unknown,Truck,Unknown,1,18-30,Over 51,Changing Lane To The Right,Normal,Dry,Daylight,0,0,1,Minor
KAG_001489,Kaggle_road_csv,0,,Friday,Unknown,Truck,Unknown,1,18-30,Over 51,Changing Lane To The Left,Normal,Dry,Darkness - Lights Lit,0,0,1,Serious
KAG_001490,Kaggle_road_csv,0,,Friday,Unknown,Truck,Unknown,1,Over 51,Under 18,No Distancing,Normal,Dry,Daylight,0,0,1,Minor
KAG_001491,Kaggle_road_csv,0,,Thursday,Unknown,Truck,Unknown,3,Unknown,Under 18,Moving Backward,Normal,Wet Or Damp,Darkness - Lights Lit,0,0,1,Fatal
KAG_001492,Kaggle_road_csv,0,,Sunday,Unknown,Truck,Unknown,2,18-30,31-50,Changing Lane To The Right,Normal,Dry,Darkness - Lights Lit,0,0,1,Serious
KAG_001493,Kaggle_road_csv,0,,Friday,Unknown,Truck,Unknown,2,Unknown,31-50,Changing Lane To The Right,Normal,Dry,Daylight,0,0,1,Minor
KAG_001494,Kaggle_road_csv,0,,Saturday,Unknown,Truck,Unknown,2,18-30,Unknown,No Distancing,Raining,Wet Or Damp,Darkness - Lights Lit,0,0,1,Serious
KAG_001495,Kaggle_road_csv,0,,Friday,Unknown,Truck,Unknown,1,Unknown,Unknown,Changing Lane To The Right,Normal,Dry,Daylight,0,0,1,Minor
KAG_001496,Kaggle_road_csv,0,,Sunday,Unknown,Truck,Unknown,1,18-30,Unknown,Changing Lane To The Right,Normal,Dry,Darkness - No Lighting,0,0,2,Serious
KAG_001497,Kaggle_road_csv,0,,Sunday,Unknown,Truck,Unknown,1,18-30,18-30,Changing Lane To The Left,Normal,Dry,Darkness - No Lighting,0,0,2,Serious
KAG_001498,Kaggle_road_csv,0,,Friday,Unknown,Truck,Unknown,2,Under 18,18-30,No Priority To Vehicle,Other,Dry,Darkness - Lights Lit,0,0,3,Minor
KAG_001499,Kaggle_road_csv,0,,Friday,Unknown,Truck,Unknown,2,18-30,Unknown,No Priority To Vehicle,Other,Dry,Darkness - Lights Lit,0,0,3,Minor
KAG_001500,Kaggle_road_csv,0,,Wednesday,Unknown,Truck,Unknown,2,31-50,18-30,Moving Backward,Normal,Dry,Daylight,0,0,1,Minor
KAG_001501,Kaggle_road_csv,0,,Wednesday,Unknown,Truck,Unknown,2,31-50,18-30,Changing Lane To The Left,Normal,Dry,Daylight,0,0,1,Minor
KAG_001502,Kaggle_road_csv,0,,Friday,Unknown,Truck,Unknown,2,Over 51,Under 18,No Priority To Pedestrian,Normal,Dry,Daylight,0,0,1,Serious
KAG_001503,Kaggle_road_csv,0,,Saturday,Unknown,Truck,Unknown,2,Under 18,Under 18,No Distancing,Normal,Dry,Daylight,0,0,1,Minor
KAG_001504,Kaggle_road_csv,0,,Saturday,Unknown,Truck,Unknown,2,Unknown,31-50,No Priority To Pedestrian,Normal,Dry,Daylight,0,0,1,Minor
KAG_001505,Kaggle_road_csv,0,,Monday,Unknown,Truck,Unknown,1,18-30,31-50,Changing Lane To The Left,Normal,Dry,Daylight,0,0,1,Minor
KAG_001506,Kaggle_road_csv,0,,Wednesday,Unknown,Truck,Unknown,2,Unknown,Unknown,Driving Under The Influence Of Drugs,Normal,Wet Or Damp,Daylight,0,0,1,Minor
KAG_001507,Kaggle_road_csv,0,,Tuesday,Unknown,Truck,Unknown,2,Unknown,18-30,No Distancing,Normal,Wet Or Damp,Darkness - Lights Lit,0,0,1,Minor
KAG_001508,Kaggle_road_csv,0,,Saturday,Unknown,Truck,Unknown,3,31-50,Unknown,No Priority To Pedestrian,Raining,Wet Or Damp,Darkness - Lights Lit,0,0,1,Minor
KAG_001509,Kaggle_road_csv,0,,Monday,Unknown,Truck,Unknown,3,Over 51,Over 51,No Distancing,Normal,Dry,Darkness - Lights Lit,0,0,1,Minor
KAG_001510,Kaggle_road_csv,0,,Monday,Unknown,Truck,Unknown,2,18-30,18-30,No Priority To Vehicle,Normal,Dry,Daylight,0,0,4,Serious
KAG_001511,Kaggle_road_csv,0,,Monday,Unknown,Truck,Unknown,2,Under 18,Unknown,Getting Off The Vehicle Improperly,Normal,Dry,Daylight,0,0,4,Serious
KAG_001512,Kaggle_road_csv,0,,Thursday,Unknown,Truck,Unknown,2,18-30,31-50,Overturning,Raining,Wet Or Damp,Daylight,0,0,1,Serious
KAG_001513,Kaggle_road_csv,0,,Thursday,Unknown,Truck,Unknown,2,Under 18,31-50,Driving Carelessly,Raining,Wet Or Damp,Daylight,0,0,1,Serious
KAG_001514,Kaggle_road_csv,0,,Thursday,Unknown,Truck,Unknown,2,18-30,Unknown,Driving Carelessly,Normal,Dry,Daylight,0,0,2,Minor
KAG_001515,Kaggle_road_csv,0,,Sunday,Unknown,Truck,Unknown,2,18-30,18-30,Changing Lane To The Right,Normal,Dry,Darkness - Lights Lit,0,0,1,Minor
KAG_001516,Kaggle_road_csv,0,,Sunday,Unknown,Truck,Unknown,2,31-50,Under 18,No Distancing,Normal,Dry,Darkness - Lights Lit,0,0,1,Minor
KAG_001517,Kaggle_road_csv,0,,Tuesday,Unknown,Truck,Unknown,2,Unknown,Unknown,Changing Lane To The Right,Normal,Dry,Daylight,0,0,1,Minor
KAG_001518,Kaggle_road_csv,0,,Wednesday,Unknown,Truck,Unknown,3,Unknown,Unknown,Moving Backward,Normal,Dry,Daylight,0,0,1,Minor
KAG_001519,Kaggle_road_csv,0,,Wednesday,Unknown,Truck,Unknown,2,18-30,Under 18,Driving Under The Influence Of Drugs,Normal,Dry,Daylight,0,0,4,Fatal
KAG_001520,Kaggle_road_csv,0,,Wednesday,Unknown,Truck,Unknown,2,31-50,31-50,No Priority To Vehicle,Normal,Dry,Daylight,0,0,4,Fatal
KAG_001521,Kaggle_road_csv,0,,Wednesday,Unknown,Truck,Unknown,2,31-50,Under 18,Changing Lane To The Left,Normal,Dry,Daylight,0,0,4,Fatal
KAG_001522,Kaggle_road_csv,0,,Monday,Unknown,Truck,Unknown,2,31-50,Under 18,No Priority To Pedestrian,Normal,Dry,Daylight,0,0,1,Minor
KAG_001523,Kaggle_road_csv,0,,Tuesday,Unknown,Truck,Unknown,2,18-30,18-30,No Distancing,Raining,Wet Or Damp,Darkness - Lights Lit,0,0,1,Minor
KAG_001524,Kaggle_road_csv,0,,Tuesday,Unknown,Truck,Unknown,2,Under 18,Unknown,Changing Lane To The Right,Raining,Wet Or Damp,Darkness - Lights Lit,0,0,1,Minor
KAG_001525,Kaggle_road_csv,0,,Monday,Unknown,Truck,Unknown,2,Unknown,Unknown,No Priority To Vehicle,Unknown,Dry,Darkness - Lights Lit,0,0,2,Minor
KAG_001526,Kaggle_road_csv,0,,Tuesday,Unknown,Truck,Unknown,2,18-30,31-50,No Distancing,Unknown,Dry,Daylight,0,0,3,Minor
KAG_001527,Kaggle_road_csv,0,,Wednesday,Unknown,Truck,Unknown,2,31-50,31-50,Overloading,Normal,Dry,Daylight,0,0,1,Minor
KAG_001528,Kaggle_road_csv,0,,Sunday,Unknown,Truck,Unknown,2,31-50,18-30,No Priority To Pedestrian,Normal,Dry,Daylight,0,0,2,Minor
KAG_001529,Kaggle_road_csv,0,,Tuesday,Unknown,Truck,Unknown,2,Unknown,Unknown,Changing Lane To The Left,Normal,Dry,Daylight,0,0,1,Serious
KAG_001530,Kaggle_road_csv,0,,Tuesday,Unknown,Truck,Unknown,2,Over 51,Under 18,Driving Carelessly,Normal,Dry,Daylight,0,0,1,Serious
KAG_001531,Kaggle_road_csv,0,,Wednesday,Unknown,Truck,Unknown,2,Unknown,31-50,Changing Lane To The Left,Unknown,Dry,Daylight,0,0,1,Minor
KAG_001532,Kaggle_road_csv,0,,Thursday,Unknown,Truck,Unknown,2,Over 51,Unknown,Getting Off The Vehicle Improperly,Normal,Dry,Daylight,0,0,1,Minor
KAG_001533,Kaggle_road_csv,0,,Tuesday,Unknown,Truck,Unknown,2,Unknown,Under 18,Other,Normal,Dry,Daylight,0,0,1,Minor
KAG_001534,Kaggle_road_csv,0,,Tuesday,Unknown,Truck,Unknown,2,31-50,31-50,No Distancing,Normal,Dry,Daylight,0,0,1,Minor
KAG_001535,Kaggle_road_csv,0,,Wednesday,Unknown,Truck,Unknown,4,Unknown,18-30,Driving Carelessly,Cloudy,Dry,Daylight,0,0,2,Minor
KAG_001536,Kaggle_road_csv,0,,Thursday,Unknown,Truck,Unknown,2,Unknown,18-30,Overtaking,Normal,Dry,Daylight,0,0,1,Minor
KAG_001537,Kaggle_road_csv,0,,Thursday,Unknown,Truck,Unknown,2,Under 18,18-30,Driving At High Speed,Normal,Dry,Daylight,0,0,1,Minor
KAG_001538,Kaggle_road_csv,0,,Tuesday,Unknown,Truck,Unknown,1,31-50,Over 51,No Distancing,Normal,Dry,Daylight,0,0,1,Minor
KAG_001539,Kaggle_road_csv,0,,Friday,Unknown,Truck,Unknown,2,Unknown,Unknown,No Priority To Vehicle,Normal,Dry,Daylight,0,0,1,Minor
KAG_001540,Kaggle_road_csv,0,,Thursday,Unknown,Truck,Unknown,2,18-30,Unknown,Changing Lane To The Right,Normal,Dry,Daylight,0,0,1,Minor
KAG_001541,Kaggle_road_csv,0,,Monday,Unknown,Truck,Unknown,2,18-30,18-30,Changing Lane To The Left,Normal,Dry,Daylight,0,0,1,Minor
KAG_001542,Kaggle_road_csv,0,,Friday,Unknown,Truck,Unknown,2,31-50,Over 51,Driving Carelessly,Normal,Dry,Daylight,0,0,1,Minor
KAG_001543,Kaggle_road_csv,0,,Tuesday,Unknown,Truck,Unknown,2,Unknown,Under 18,No Distancing,Unknown,Dry,Daylight,0,0,1,Minor
KAG_001544,Kaggle_road_csv,0,,Thursday,Unknown,Truck,Unknown,2,Under 18,31-50,Changing Lane To The Right,Normal,Dry,Daylight,0,0,1,Minor
KAG_001545,Kaggle_road_csv,0,,Thursday,Unknown,Truck,Unknown,2,31-50,18-30,No Distancing,Normal,Dry,Daylight,0,0,1,Minor
KAG_001546,Kaggle_road_csv,0,,Tuesday,Unknown,Truck,Unknown,2,Unknown,31-50,No Distancing,Normal,Dry,Daylight,0,0,1,Minor
KAG_001547,Kaggle_road_csv,0,,Tuesday,Unknown,Truck,Unknown,2,31-50,18-30,Driving Carelessly,Normal,Dry,Daylight,0,0,1,Minor
KAG_001548,Kaggle_road_csv,0,,Thursday,Unknown,Truck,Unknown,2,18-30,Unknown,No Distancing,Normal,Dry,Daylight,0,0,1,Serious
KAG_001549,Kaggle_road_csv,0,,Friday,Unknown,Truck,Unknown,2,18-30,18-30,Overturning,Normal,Dry,Daylight,0,0,1,Serious
KAG_001550,Kaggle_road_csv,0,,Saturday,Unknown,Truck,Unknown,2,18-30,Unknown,No Priority To Vehicle,Normal,Dry,Darkness - Lights Lit,0,0,1,Minor
KAG_001551,Kaggle_road_csv,0,,Thursday,Unknown,Truck,Unknown,2,31-50,Unknown,No Distancing,Unknown,Dry,Daylight,0,0,2,Minor
KAG_001552,Kaggle_road_csv,0,,Monday,Unknown,Truck,Unknown,2,Unknown,18-30,Driving Carelessly,Normal,Dry,Daylight,0,0,1,Minor
KAG_001553,Kaggle_road_csv,0,,Saturday,Unknown,Truck,Unknown,2,31-50,31-50,No Priority To Vehicle,Unknown,Dry,Daylight,0,0,2,Minor
KAG_001554,Kaggle_road_csv,0,,Monday,Unknown,Truck,Unknown,2,Under 18,Over 51,Driving To The Left,Normal,Dry,Daylight,0,0,1,Minor
KAG_001555,Kaggle_road_csv,0,,Thursday,Unknown,Truck,Unknown,2,31-50,18-30,Driving Carelessly,Normal,Dry,Daylight,0,0,1,Minor
KAG_001556,Kaggle_road_csv,0,,Wednesday,Unknown,Truck,Unknown,2,18-30,Unknown,Changing Lane To The Right,Raining,Wet Or Damp,Daylight,0,0,2,Minor
KAG_001557,Kaggle_road_csv,0,,Friday,Unknown,Truck,Unknown,2,Unknown,Unknown,Driving Carelessly,Normal,Wet Or Damp,Daylight,0,0,1,Minor
KAG_001558,Kaggle_road_csv,0,,Thursday,Unknown,Truck,Unknown,3,Under 18,Unknown,Changing Lane To The Right,Normal,Dry,Daylight,0,0,4,Serious
KAG_001559,Kaggle_road_csv,0,,Thursday,Unknown,Truck,Unknown,3,31-50,31-50,Changing Lane To The Right,Normal,Dry,Daylight,0,0,4,Serious
KAG_001560,Kaggle_road_csv,0,,Saturday,Unknown,Truck,Unknown,4,31-50,Unknown,Driving To The Left,Normal,Dry,Daylight,0,0,1,Minor
KAG_001561,Kaggle_road_csv,0,,Tuesday,Unknown,Truck,Unknown,2,18-30,Unknown,Other,Normal,Dry,Daylight,0,0,2,Minor
KAG_001562,Kaggle_road_csv,0,,Thursday,Unknown,Truck,Unknown,3,Unknown,Unknown,No Priority To Pedestrian,Normal,Dry,Daylight,0,0,1,Minor