accident_id,source,year,month,day_of_week,state,vehicle_1,vehicle_2,vehicles_involved,party_age_group,victim_age_group,cause_of_accident,weather_condition,road_condition,lighting_condition,fatalities,injuries,casualties,severity
KAG_001563,Kaggle_road_csv,0,,Sunday,Unknown,Truck,Unknown,2,31-50,18-30,Changing Lane To The Right,Normal,Dry,Darkness - Lights Lit,0,0,5,Minor
KAG_001564,Kaggle_road_csv,0,,Sunday,Unknown,Truck,Unknown,2,31-50,Unknown,Changing Lane To The Right,Normal,Dry,Darkness - Lights Lit,0,0,5,Minor
KAG_001565,Kaggle_road_csv,0,,Thursday,Unknown,Truck,Unknown,1,18-30,18-30,Driving At High Speed,Normal,Dry,Darkness - Lights Lit,0,0,1,Minor
KAG_001566,Kaggle_road_csv,0,,Thursday,Unknown,Truck,Unknown,2,Unknown,Over 51,Moving Backward,Normal,Dry,Darkness - Lights Lit,0,0,1,Serious
KAG_001567,Kaggle_road_csv,0,,Monday,Unknown,Truck,Unknown,1,31-50,Unknown,Other,Normal,Dry,Darkness - Lights Lit,0,0,1,Minor
KAG_001568,Kaggle_road_csv,0,,Thursday,Unknown,Truck,Unknown,2,18-30,Unknown,Moving Backward,Normal,Dry,Daylight,0,0,2,Minor
KAG_001569,Kaggle_road_csv,0,,Friday,Unknown,Truck,Unknown,4,18-30,18-30,No Priority To Pedestrian,Normal,Dry,Daylight,0,0,1,Minor
KAG_001570,Kaggle_road_csv,0,,Friday,Unknown,Truck,Unknown,4,18-30,Unknown,Moving Backward,Normal,Dry,Daylight,0,0,1,Minor
KAG_001571,Kaggle_road_csv,0,,Friday,Unknown,Truck,Unknown,4,18-30,Over 51,No Distancing,Normal,Dry,Daylight,0,0,1,Minor
KAG_001572,Kaggle_road_csv,0,,Sunday,Unknown,Truck,Unknown,2,31-50,Unknown,Getting Off The Vehicle Improperly,Normal,Dry,Daylight,0,0,1,Minor
KAG_001573,Kaggle_road_csv,0,,Wednesday,Unknown,Truck,Unknown,2,Unknown,Unknown,Changing Lane To The Left,Normal,Dry,Daylight,0,0,1,Minor
KAG_001574,Kaggle_road_csv,0,,Monday,Unknown,Truck,Unknown,2,31-50,18-30,Changing Lane To The Left,Normal,Dry,Daylight,0,0,6,Serious
KAG_001575,Kaggle_road_csv,0,,Monday,Unknown,Truck,Unknown,2,31-50,18-30,No Priority To Vehicle,Normal,Dry,Daylight,0,0,6,Serious
KAG_001576,Kaggle_road_csv,0,,Monday,Unknown,Truck,Unknown,2,31-50,Unknown,Moving Backward,Normal,Dry,Daylight,0,0,6,Serious
KAG_001577,Kaggle_road_csv,0,,Monday,Unknown,Truck,Unknown,2,Unknown,18-30,Other,Normal,Dry,Daylight,0,0,1,Minor
KAG_001578,Kaggle_road_csv,0,,Monday,Unknown,Truck,Unknown,1,Over 51,Unknown,Changing Lane To The Left,Normal,Dry,Daylight,0,0,1,Serious
KAG_001579,Kaggle_road_csv,0,,Monday,Unknown,Truck,Unknown,1,18-30,31-50,No Priority To Pedestrian,Normal,Dry,Darkness - Lights Lit,0,0,1,Minor
KAG_001580,Kaggle_road_csv,0,,Monday,Unknown,Truck,Unknown,1,Under 18,Unknown,Changing Lane To The Left,Raining,Wet Or Damp,Daylight,0,0,1,Minor
KAG_001581,Kaggle_road_csv,0,,Monday,Unknown,Truck,Unknown,2,Unknown,18-30,Getting Off The Vehicle Improperly,Normal,Dry,Daylight,0,0,1,Minor
KAG_001582,Kaggle_road_csv,0,,Sunday,Unknown,Truck,Unknown,2,Unknown,Over 51,Changing Lane To The Left,Normal,Dry,Daylight,0,0,1,Minor
KAG_001583,Kaggle_road_csv,0,,Monday,Unknown,Truck,Unknown,2,18-30,Unknown,No Priority To Pedestrian,Normal,Dry,Daylight,0,0,2,Minor
KAG_001584,Kaggle_road_csv,0,,Monday,Unknown,Truck,Unknown,1,31-50,Unknown,Driving Carelessly,Normal,Dry,Daylight,0,0,1,Serious
KAG_001585,Kaggle_road_csv,0,,Tuesday,Unknown,Truck,Unknown,1,18-30,31-50,Driving To The Left,Cloudy,Dry,Daylight,0,0,1,Serious
KAG_001586,Kaggle_road_csv,0,,Sunday,Unknown,Truck,Unknown,4,31-50,Unknown,Changing Lane To The Left,Normal,Dry,Daylight,0,0,3,Serious
KAG_001587,Kaggle_road_csv,0,,Sunday,Unknown,Truck,Unknown,4,31-50,Over 51,Overturning,Normal,Dry,Daylight,0,0,3,Serious
KAG_001588,Kaggle_road_csv,0,,Wednesday,Unknown,Truck,Unknown,1,Unknown,Unknown,No Distancing,Normal,Dry,Daylight,0,0,1,Minor
KAG_001589,Kaggle_road_csv,0,,Saturday,Unknown,Truck,Unknown,2,31-50,Over 51,Changing Lane To The Left,Normal,Dry,Daylight,0,0,1,Minor
KAG_001590,Kaggle_road_csv,0,,Wednesday,Unknown,Truck,Unknown,2,18-30,Unknown,Changing Lane To The Right,Raining,Wet Or Damp,Daylight,0,0,2,Minor
KAG_001591,Kaggle_road_csv,0,,Tuesday,Unknown,Truck,Unknown,2,18-30,18-30,No Distancing,Normal,Dry,Daylight,0,0,2,Minor
KAG_001592,Kaggle_road_csv,0,,Friday,Unknown,Truck,Unknown,2,18-30,18-30,Driving Carelessly,Normal,Dry,Daylight,0,0,1,Minor
KAG_001593,Kaggle_road_csv,0,,Thursday,Unknown,Truck,Unknown,1,Unknown,31-50,Moving Backward,Normal,Dry,Darkness - Lights Lit,0,0,1,Fatal
KAG_001594,Kaggle_road_csv,0,,Tuesday,Unknown,Truck,Unknown,2,Unknown,Under 18,No Distancing,Normal,Dry,Daylight,0,0,3,Minor
KAG_001595,Kaggle_road_csv,0,,Tuesday,Unknown,Truck,Unknown,2,18-30,31-50,No Distancing,Normal,Dry,Daylight,0,0,3,Minor
KAG_001596,Kaggle_road_csv,0,,Monday,Unknown,Truck,Unknown,1,18-30,31-50,Overloading,Normal,Dry,Daylight,0,0,1,Minor
KAG_001597,Kaggle_road_csv,0,,Sunday,Unknown,Truck,Unknown,2,Unknown,Unknown,Changing Lane To The Right,Normal,Dry,Darkness - Lights Lit,0,0,1,Serious
KAG_001598,Kaggle_road_csv,0,,Sunday,Unknown,Truck,Unknown,2,18-30,Over 51,Moving Backward,Normal,Dry,Darkness - Lights Lit,0,0,1,Serious
KAG_001599,Kaggle_road_csv,0,,Saturday,Unknown,Truck,Unknown,2,Unknown,Unknown,Changing Lane To The Left,Normal,Dry,Daylight,0,0,1,Serious
KAG_001600,Kaggle_road_csv,0,,Friday,Unknown,Truck,Unknown,2,31-50,31-50,Changing Lane To The Right,Raining,Wet Or Damp,Daylight,0,0,4,Minor
KAG_001601,Kaggle_road_csv,0,,Monday,Unknown,Truck,Unknown,2,31-50,18-30,Overspeed,Normal,Dry,Daylight,0,0,1,Minor
KAG_001602,Kaggle_road_csv,0,,Wednesday,Unknown,Truck,Unknown,1,Unknown,31-50,No Priority To Pedestrian,Normal,Dry,Daylight,0,0,1,Serious
KAG_001603,Kaggle_road_csv,0,,Friday,Unknown,Truck,Unknown,2,31-50,18-30,No Priority To Vehicle,Raining,Wet Or Damp,Daylight,0,0,3,Minor
KAG_001604,Kaggle_road_csv,0,,Sunday,Unknown,Truck,Unknown,3,18-30,31-50,Changing Lane To The Left,Raining,Wet Or Damp,Daylight,0,0,1,Minor
KAG_001605,Kaggle_road_csv,0,,Sunday,Unknown,Truck,Unknown,3,18-30,Unknown,No Priority To Vehicle,Raining,Wet Or Damp,Daylight,0,0,1,Minor
KAG_001606,Kaggle_road_csv,0,,Sunday,Unknown,Truck,Unknown,3,Over 51,31-50,No Distancing,Raining,Wet Or Damp,Daylight,0,0,1,Minor
KAG_001607,Kaggle_road_csv,0,,Friday,Unknown,Truck,Unknown,2,18-30,31-50,Getting Off The Vehicle Improperly,Normal,Dry,Daylight,0,0,2,Minor
KAG_001608,Kaggle_road_csv,0,,Thursday,Unknown,Truck,Unknown,2,Unknown,18-30,No Distancing,Normal,Dry,Daylight,0,0,1,Minor
KAG_001609,Kaggle_road_csv,0,,Wednesday,Unknown,Truck,Unknown,2,18-30,Unknown,Changing Lane To The Right,Normal,Dry,Daylight,0,0,2,Minor
KAG_001610,Kaggle_road_csv,0,,Tuesday,Unknown,Truck,Unknown,2,Over 51,18-30,Changing Lane To The Left,Normal,Dry,Daylight,0,0,1,Minor
KAG_001611,Kaggle_road_csv,0,,Monday,Unknown,Truck,Unknown,2,18-30,Under 18,Moving Backward,Raining,Wet Or Damp,Daylight,0,0,1,Minor
KAG_001612,Kaggle_road_csv,0,,Thursday,Unknown,Truck,Unknown,2,18-30,Unknown,No Distancing,Normal,Dry,Daylight,0,0,1,Minor
KAG_001613,Kaggle_road_csv,0,,Wednesday,Unknown,Truck,Unknown,2,18-30,31-50,Changing Lane To The Left,Normal,Dry,Darkness - Lights Lit,0,0,2,Minor
KAG_001614,Kaggle_road_csv,0,,Monday,Unknown,Truck,Unknown,2,18-30,31-50,Other,Raining,Wet Or Damp,Daylight,0,0,1,Minor
KAG_001615,Kaggle_road_csv,0,,Monday,Unknown,Truck,Unknown,2,31-50,Under 18,Changing Lane To The Right,Raining,Wet Or Damp,Daylight,0,0,1,Minor
KAG_001616,Kaggle_road_csv,0,,Friday,Unknown,Truck,Unknown,3,18-30,18-30,No Distancing,Normal,Dry,Daylight,0,0,2,Minor
KAG_001617,Kaggle_road_csv,0,,Friday,Unknown,Truck,Unknown,2,18-30,31-50,No Priority To Vehicle,Normal,Dry,Daylight,0,0,1,Minor
KAG_001618,Kaggle_road_csv,0,,Friday,Unknown,Truck,Unknown,2,31-50,31-50,Other,Normal,Dry,Daylight,0,0,1,Minor
KAG_001619,Kaggle_road_csv,0,,Friday,Unknown,Truck,Unknown,2,18-30,18-30,Moving Backward,Normal,Dry,Daylight,0,0,3,Minor
KAG_001620,Kaggle_road_csv,0,,Wednesday,Unknown,Truck,Unknown,1,Over 51,Unknown,No Priority To Vehicle,Normal,Dry,Daylight,0,0,1,Minor
KAG_001621,Kaggle_road_csv,0,,Monday,Unknown,Truck,Unknown,3,18-30,18-30,Driving To The Left,Other,Dry,Darkness - Lights Lit,0,0,3,Minor
KAG_001622,Kaggle_road_csv,0,,Monday,Unknown,Truck,Unknown,1,Unknown,Unknown,No Priority To Pedestrian,Unknown,Dry,Daylight,0,0,1,Serious
KAG_001623,Kaggle_road_csv,0,,Thursday,Unknown,Truck,Unknown,3,18-30,Unknown,Driving Carelessly,Normal,Dry,Darkness - Lights Lit,0,0,3,Minor
KAG_001624,Kaggle_road_csv,0,,Thursday,Unknown,Truck,Unknown,2,18-30,Unknown,Driving Carelessly,Normal,Dry,Daylight,0,0,1,Minor
KAG_001625,Kaggle_road_csv,0,,Thursday,Unknown,Truck,Unknown,2,18-30,Unknown,No Distancing,Normal,Dry,Daylight,0,0,2,Minor
KAG_001626,Kaggle_road_csv,0,,Thursday,Unknown,Truck,Unknown,2,31-50,Unknown,Changing Lane To The Right,Other,Dry,Daylight,0,0,1,Minor
KAG_001627,Kaggle_road_csv,0,,Wednesday,Unknown,Truck,Unknown,2,18-30,18-30,Moving Backward,Normal,Dry,Daylight,0,0,3,Minor
KAG_001628,Kaggle_road_csv,0,,Wednesday,Unknown,Truck,Unknown,2,31-50,Unknown,Other,Normal,Dry,Daylight,0,0,3,Minor
KAG_001629,Kaggle_road_csv,0,,Monday,Unknown,Truck,Unknown,1,18-30,Unknown,Driving To The Left,Normal,Dry,Daylight,0,0,2,Serious
KAG_001630,Kaggle_road_csv,0,,Tuesday,Unknown,Truck,Unknown,1,Over 51,Unknown,Moving Backward,Normal,Wet Or Damp,Daylight,0,0,1,Minor
KAG_001631,Kaggle_road_csv,0,,Sunday,Unknown,Truck,Unknown,2,Unknown,Under 18,Driving At High Speed,Normal,Dry,Darkness - Lights Lit,0,0,3,Minor
KAG_001632,Kaggle_road_csv,0,,Saturday,Unknown,Truck,Unknown,2,18-30,Unknown,Changing Lane To The Right,Normal,Dry,Daylight,0,0,1,Minor
KAG_001633,Kaggle_road_csv,0,,Wednesday,Unknown,Truck,Unknown,2,18-30,18-30,Driving Carelessly,Normal,Dry,Daylight,0,0,1,Minor
KAG_001634,Kaggle_road_csv,0,,Wednesday,Unknown,Truck,Unknown,2,Unknown,Unknown,No Distancing,Normal,Dry,Daylight,0,0,1,Minor
KAG_001635,Kaggle_road_csv,0,,Tuesday,Unknown,Truck,Unknown,1,Over 51,18-30,Moving Backward,Normal,Dry,Daylight,0,0,1,Minor
KAG_001636,Kaggle_road_csv,0,,Thursday,Unknown,Truck,Unknown,2,Under 18,31-50,Getting Off The Vehicle Improperly,Normal,Dry,Daylight,0,0,1,Minor
KAG_001637,Kaggle_road_csv,0,,Monday,Unknown,Truck,Unknown,2,31-50,18-30,No Priority To Vehicle,Unknown,Dry,Daylight,0,0,1,Minor
KAG_001638,Kaggle_road_csv,0,,Sunday,Unknown,Truck,Unknown,1,18-30,Under 18,No Priority To Vehicle,Normal,Dry,Darkness - Lights Lit,0,0,2,Minor
KAG_001639,Kaggle_road_csv,0,,Monday,Unknown,Truck,Unknown,2,Unknown,31-50,No Distancing,Normal,Dry,Daylight,0,0,1,Minor
KAG_001640,Kaggle_road_csv,0,,Saturday,Unknown,Truck,Unknown,2,18-30,Under 18,Other,Normal,Dry,Daylight,0,0,1,Minor
KAG_001641,Kaggle_road_csv,0,,Monday,Unknown,Truck,Unknown,2,18-30,31-50,No Distancing,Raining,Wet Or Damp,Daylight,0,0,1,Minor
KAG_001642,Kaggle_road_csv,0,,Sunday,Unknown,Truck,Unknown,2,18-30,Unknown,No Distancing,Normal,Dry,Daylight,0,0,2,Minor
KAG_001643,Kaggle_road_csv,0,,Sunday,Unknown,Truck,Unknown,2,18-30,31-50,Changing Lane To The Left,Normal,Dry,Daylight,0,0,2,Minor
KAG_001644,Kaggle_road_csv,0,,Tuesday,Unknown,Truck,Unknown,2,31-50,Under 18,Changing Lane To The Left,Normal,Dry,Daylight,0,0,5,Minor
KAG_001645,Kaggle_road_csv,0,,Tuesday,Unknown,Truck,Unknown,2,31-50,31-50,No Priority To Pedestrian,Normal,Dry,Daylight,0,0,5,Minor
KAG_001646,Kaggle_road_csv,0,,Friday,Unknown,Truck,Unknown,2,Over 51,18-30,No Distancing,Normal,Dry,Daylight,0,0,1,Minor
KAG_001647,Kaggle_road_csv,0,,Friday,Unknown,Truck,Unknown,2,18-30,Unknown,No Priority To Pedestrian,Normal,Dry,Daylight,0,0,1,Minor
KAG_001648,Kaggle_road_csv,0,,Saturday,Unknown,Truck,Unknown,2,Unknown,31-50,Changing Lane To The Right,Normal,Dry,Daylight,0,0,1,Serious
KAG_001649,Kaggle_road_csv,0,,Wednesday,Unknown,Truck,Unknown,2,31-50,Under 18,Driving Carelessly,Normal,Dry,Daylight,0,0,2,Minor
KAG_001650,Kaggle_road_csv,0,,Wednesday,Unknown,Truck,Unknown,2,18-30,Unknown,Driving To The Left,Normal,Dry,Daylight,0,0,2,Minor
KAG_001651,Kaggle_road_csv,0,,Tuesday,Unknown,Truck,Unknown,2,31-50,18-30,Changing Lane To The Right,Normal,Dry,Daylight,0,0,2,Minor
KAG_001652,Kaggle_road_csv,0,,Wednesday,Unknown,Truck,Unknown,2,31-50,31-50,Moving Backward,Normal,Dry,Daylight,0,0,2,Minor
KAG_001653,Kaggle_road_csv,0,,Wednesday,Unknown,Truck,Unknown,3,18-30,Unknown,No Distancing,Raining,Wet Or Damp,Daylight,0,0,4,Minor
KAG_001654,Kaggle_road_csv,0,,Wednesday,Unknown,Truck,Unknown,3,Unknown,18-30,No Distancing,Raining,Wet Or Damp,Daylight,0,0,4,Minor
KAG_001655,Kaggle_road_csv,0,,Wednesday,Unknown,Truck,Unknown,3,Unknown,18-30,Changing Lane To The Left,Raining,Wet Or Damp,Daylight,0,0,4,Minor
KAG_001656,Kaggle_road_csv,0,,Thursday,Unknown,Truck,Unknown,1,Over 51,Over 51,Changing Lane To The Left,Normal,Dry,Daylight,0,0,4,Minor
KAG_001657,Kaggle_road_csv,0,,Saturday,Unknown,Truck,Unknown,3,31-50,Unknown,Changing Lane To The Right,Normal,Dry,Daylight,0,0,2,Minor
KAG_001658,Kaggle_road_csv,0,,Sunday,Unknown,Truck,Unknown,3,18-30,Unknown,No Distancing,Normal,Dry,Darkness - Lights Lit,0,0,2,Minor
KAG_001659,Kaggle_road_csv,0,,Sunday,Unknown,Truck,Unknown,3,18-30,Under 18,No Priority To Vehicle,Normal,Dry,Darkness - Lights Lit,0,0,2,Minor
KAG_001660,Kaggle_road_csv,0,,Sunday,Unknown,Truck,Unknown,3,31-50,Over 51,Changing Lane To The Right,Normal,Dry,Darkness - Lights Lit,0,0,2,Minor
KAG_001661,Kaggle_road_csv,0,,Tuesday,Unknown,Truck,Unknown,2,Unknown,18-30,No Distancing,Normal,Dry,Daylight,0,0,1,Minor
KAG_001662,Kaggle_road_csv,0,,Friday,Unknown,Truck,Unknown,1,18-30,18-30,No Distancing,Raining,Wet Or Damp,Daylight,0,0,1,Minor
KAG_001663,Kaggle_road_csv,0,,Friday,Unknown,Truck,Unknown,4,18-30,Unknown,Moving Backward,Normal,Wet Or Damp,Darkness - Lights Lit,0,0,4,Minor
KAG_001664,Kaggle_road_csv,0,,Tuesday,Unknown,Truck,Unknown,2,31-50,Unknown,Driving Carelessly,Normal,Dry,Daylight,0,0,1,Minor
KAG_001665,Kaggle_road_csv,0,,Friday,Unknown,Truck,Unknown,3,31-50,Unknown,No Priority To Vehicle,Unknown,Dry,Daylight,0,0,3,Minor
KAG_001666,Kaggle_road_csv,0,,Wednesday,Unknown,Truck,Unknown,3,31-50,Over 51,Moving Backward,Raining,Wet Or Damp,Daylight,0,0,1,Minor
KAG_001667,Kaggle_road_csv,0,,Thursday,Unknown,Truck,Unknown,1,Over 51,18-30,Other,Normal,Dry,Daylight,0,0,1,Serious
KAG_001668,Kaggle_road_csv,0,,Monday,Unknown,Truck,Unknown,2,18-30,Under 18,Changing Lane To The Left,Raining,Wet Or Damp,Darkness - Lights Lit,0,0,2,Minor
KAG_001669,Kaggle_road_csv,0,,Thursday,Unknown,Truck,Unknown,2,31-50,18-30,Improper Parking,Normal,Dry,Daylight,0,0,2,Minor
KAG_001670,Kaggle_road_csv,0,,Tuesday,Unknown,Truck,Unknown,2,31-50,Unknown,Changing Lane To The Left,Other,Wet Or Damp,Darkness - Lights Lit,0,0,1,Serious
KAG_001671,Kaggle_road_csv,0,,Wednesday,Unknown,Truck,Unknown,2,Over 51,18-30,Changing Lane To The Right,Normal,Wet Or Damp,Darkness - Lights Lit,0,0,1,Fatal
KAG_001672,Kaggle_road_csv,0,,Wednesday,Unknown,Truck,Unknown,2,18-30,Unknown,No Distancing,Normal,Wet Or Damp,Darkness - Lights Lit,0,0,1,Fatal
KAG_001673,Kaggle_road_csv,0,,Tuesday,Unknown,Truck,Unknown,2,Over 51,18-30,No Priority To Pedestrian,Cloudy,Dry,Daylight,0,0,1,Minor
KAG_001674,Kaggle_road_csv,0,,Friday,Unknown,Truck,Unknown,1,18-30,Unknown,No Priority To Vehicle,Normal,Wet Or Damp,Darkness - Lights Lit,0,0,1,Minor
KAG_001675,Kaggle_road_csv,0,,Monday,Unknown,Truck,Unknown,3,31-50,31-50,Changing Lane To The Right,Normal,Dry,Daylight,0,0,1,Minor
KAG_001676,Kaggle_road_csv,0,,Monday,Unknown,Truck,Unknown,2,18-30,31-50,Driving At High Speed,Normal,Dry,Daylight,0,0,1,Minor
KAG_001677,Kaggle_road_csv,0,,Monday,Unknown,Truck,Unknown,2,31-50,18-30,Changing Lane To The Right,Unknown,Dry,Daylight,0,0,1,Minor
KAG_001678,Kaggle_road_csv,0,,Saturday,Unknown,Truck,Unknown,2,18-30,18-30,Other,Normal,Dry,Daylight,0,0,1,Minor
KAG_001679,Kaggle_road_csv,0,,Friday,Unknown,Truck,Unknown,2,Under 18,Over 51,Overtaking,Normal,Dry,Daylight,0,0,2,Minor
KAG_001680,Kaggle_road_csv,0,,Monday,Unknown,Truck,Unknown,2,18-30,18-30,No Distancing,Normal,Dry,Darkness - Lights Lit,0,0,1,Minor
KAG_001681,Kaggle_road_csv,0,,Monday,Unknown,Truck,Unknown,2,31-50,Under 18,Other,Normal,Dry,Darkness - Lights Lit,0,0,1,Minor
KAG_001682,Kaggle_road_csv,0,,Friday,Unknown,Truck,Unknown,1,Unknown,31-50,No Priority To Vehicle,Other,Wet Or Damp,Daylight,0,0,1,Minor
KAG_001683,Kaggle_road_csv,0,,Friday,Unknown,Truck,Unknown,2,Unknown,31-50,No Priority To Pedestrian,Normal,Dry,Darkness - Lights Lit,0,0,1,Minor
KAG_001684,Kaggle_road_csv,0,,Tuesday,Unknown,Truck,Unknown,2,Unknown,18-30,Driving Carelessly,Normal,Dry,Daylight,0,0,1,Minor
KAG_001685,Kaggle_road_csv,0,,Sunday,Unknown,Truck,Unknown,2,31-50,Unknown,Changing Lane To The Right,Normal,Dry,Daylight,0,0,1,Minor
KAG_001686,Kaggle_road_csv,0,,Monday,Unknown,Truck,Unknown,2,18-30,18-30,No Distancing,Other,Wet Or Damp,Daylight,0,0,1,Minor
KAG_001687,Kaggle_road_csv,0,,Tuesday,Unknown,Truck,Unknown,1,Unknown,Under 18,Overtaking,Normal,Dry,Daylight,0,0,1,Minor
KAG_001688,Kaggle_road_csv,0,,Monday,Unknown,Truck,Unknown,2,Over 51,31-50,Overloading,Normal,Dry,Darkness - Lights Lit,0,0,1,Minor
KAG_001689,Kaggle_road_csv,0,,Wednesday,Unknown,Truck,Unknown,2,18-30,Unknown,Changing Lane To The Right,Normal,Dry,Daylight,0,0,1,Serious
KAG_001690,Kaggle_road_csv,0,,Friday,Unknown,Truck,Unknown,2,Unknown,Over 51,No Distancing,Raining,Wet Or Damp,Daylight,0,0,1,Minor
KAG_001691,Kaggle_road_csv,0,,Sunday,Unknown,Truck,Unknown,2,31-50,Unknown,No Distancing,Normal,Dry,Darkness - Lights Lit,0,0,2,Minor
KAG_001692,Kaggle_road_csv,0,,Thursday,Unknown,Truck,Unknown,2,Over 51,31-50,Changing Lane To The Left,Normal,Dry,Daylight,0,0,1,Serious
KAG_001693,Kaggle_road_csv,0,,Sunday,Unknown,Truck,Unknown,3,31-50,Over 51,No Priority To Vehicle,Normal,Dry,Daylight,0,0,2,Minor
KAG_001694,Kaggle_road_csv,0,,Saturday,Unknown,Truck,Unknown,3,18-30,Unknown,Getting Off The Vehicle Improperly,Normal,Dry,Daylight,0,0,1,Minor
KAG_001695,Kaggle_road_csv,0,,Saturday,Unknown,Truck,Unknown,1,Unknown,18-30,Other,Unknown,Dry,Daylight,0,0,1,Serious
KAG_001696,Kaggle_road_csv,0,,Tuesday,Unknown,Truck,Unknown,2,18-30,31-50,Driving At High Speed,Normal,Dry,Daylight,0,0,1,Minor
KAG_001697,Kaggle_road_csv,0,,Tuesday,Unknown,Truck,Unknown,2,Over 51,18-30,Unknown,Normal,Dry,Daylight,0,0,1,Minor
KAG_001698,Kaggle_road_csv,0,,Monday,Unknown,Truck,Unknown,1,Under 18,Unknown,Changing Lane To The Right,Normal,Dry,Daylight,0,0,1,Minor
KAG_001699,Kaggle_road_csv,0,,Monday,Unknown,Truck,Unknown,2,Under 18,Unknown,No Priority To Pedestrian,Unknown,Dry,Daylight,0,0,2,Minor
KAG_001700,Kaggle_road_csv,0,,Monday,Unknown,Truck,Unknown,2,18-30,Under 18,Overtaking,Unknown,Dry,Daylight,0,0,2,Minor
KAG_001701,Kaggle_road_csv,0,,Thursday,Unknown,Truck,Unknown,2,Unknown,18-30,No Priority To Pedestrian,Unknown,Dry,Daylight,0,0,1,Minor
KAG_001702,Kaggle_road_csv,0,,Thursday,Unknown,Truck,Unknown,3,Over 51,31-50,Overturning,Normal,Dry,Daylight,0,0,2,Minor
KAG_001703,Kaggle_road_csv,0,,Thursday,Unknown,Truck,Unknown,2,Unknown,Unknown,Driving Carelessly,Normal,Dry,Daylight,0,0,5,Minor
KAG_001704,Kaggle_road_csv,0,,Thursday,Unknown,Truck,Unknown,2,31-50,Unknown,No Priority To Vehicle,Normal,Dry,Daylight,0,0,5,Minor
KAG_001705,Kaggle_road_csv,0,,Thursday,Unknown,Truck,Unknown,2,31-50,Unknown,Changing Lane To The Right,Normal,Dry,Daylight,0,0,5,Minor
KAG_001706,Kaggle_road_csv,0,,Thursday,Unknown,Truck,Unknown,2,31-50,18-30,No Distancing,Normal,Dry,Daylight,0,0,5,Minor
KAG_001707,Kaggle_road_csv,0,,Thursday,Unknown,Truck,Unknown,2,Unknown,31-50,No Distancing,Normal,Dry,Darkness - Lights Lit,0,0,1,Minor
KAG_001708,Kaggle_road_csv,0,,Tuesday,Unknown,Truck,Unknown,2,31-50,Unknown,No Distancing,Normal,Dry,Darkness - No Lighting,0,0,5,Minor
KAG_001709,Kaggle_road_csv,0,,Tuesday,Unknown,Truck,Unknown,2,18-30,18-30,Changing Lane To The Right,Normal,Dry,Darkness - No Lighting,0,0,5,Minor
KAG_001710,Kaggle_road_csv,0,,Wednesday,Unknown,Truck,Unknown,2,31-50,18-30,No Distancing,Normal,Dry,Daylight,0,0,1,Minor
KAG_001711,Kaggle_road_csv,0,,Wednesday,Unknown,Truck,Unknown,2,31-50,Over 51,No Priority To Vehicle,Normal,Dry,Daylight,0,0,1,Minor
KAG_001712,Kaggle_road_csv,0,,Saturday,Unknown,Truck,Unknown,2,18-30,Unknown,Driving Carelessly,Normal,Dry,Daylight,0,0,1,Minor
KAG_001713,Kaggle_road_csv,0,,Sunday,Unknown,Truck,Unknown,2,Under 18,Unknown,No Distancing,Normal,Wet Or Damp,Darkness - Lights Lit,0,0,3,Minor
KAG_001714,Kaggle_road_csv,0,,Sunday,Unknown,Truck,Unknown,2,Under 18,31-50,Other,Normal,Wet Or Damp,Darkness - Lights Lit,0,0,3,Minor
KAG_001715,Kaggle_road_csv,0,,Sunday,Unknown,Truck,Unknown,2,Unknown,Unknown,No Distancing,Normal,Wet Or Damp,Darkness - Lights Lit,0,0,3,Minor
KAG_001716,Kaggle_road_csv,0,,Thursday,Unknown,Truck,Unknown,1,31-50,31-50,Driving Carelessly,Normal,Dry,Daylight,0,0,1,Minor
KAG_001717,Kaggle_road_csv,0,,Friday,Unknown,Truck,Unknown,2,Unknown,31-50,No Priority To Vehicle,Normal,Dry,Daylight,0,0,1,Minor
KAG_001718,Kaggle_road_csv,0,,Saturday,Unknown,Truck,Unknown,2,18-30,31-50,No Priority To Vehicle,Normal,Dry,Daylight,0,0,1,Minor
KAG_001719,Kaggle_road_csv,0,,Wednesday,Unknown,Truck,Unknown,2,Unknown,Unknown,Changing Lane To The Right,Normal,Dry,Daylight,0,0,1,Minor
KAG_001720,Kaggle_road_csv,0,,Wednesday,Unknown,Truck,Unknown,2,Unknown,Under 18,Overtaking,Normal,Dry,Daylight,0,0,1,Minor
KAG_001721,Kaggle_road_csv,0,,Monday,Unknown,Truck,Unknown,4,31-50,31-50,Changing Lane To The Right,Normal,Dry,Daylight,0,0,1,Minor
KAG_001722,Kaggle_road_csv,0,,Tuesday,Unknown,Truck,Unknown,2,31-50,31-50,Driving To The Left,Unknown,Dry,Daylight,0,0,1,Minor
KAG_001723,Kaggle_road_csv,0,,Saturday,Unknown,Truck,Unknown,2,18-30,Unknown,No Priority To Vehicle,Raining,Wet Or Damp,Daylight,0,0,1,Serious