accident_id,source,year,month,day_of_week,state,vehicle_1,vehicle_2,vehicles_involved,party_age_group,victim_age_group,cause_of_accident,weather_condition,road_condition,lighting_condition,fatalities,injuries,casualties,severity
KAG_001724,Kaggle_road_csv,0,,Thursday,Unknown,Truck,Unknown,2,31-50,31-50,Changing Lane To The Right,Normal,Dry,Daylight,0,0,1,Minor
KAG_001725,Kaggle_road_csv,0,,Thursday,Unknown,Truck,Unknown,2,31-50,31-50,Other,Normal,Dry,Daylight,0,0,1,Minor
KAG_001726,Kaggle_road_csv,0,,Monday,Unknown,Truck,Unknown,2,Over 51,31-50,Driving Carelessly,Normal,Dry,Daylight,0,0,1,Minor
KAG_001727,Kaggle_road_csv,0,,Wednesday,Unknown,Truck,Unknown,2,18-30,Unknown,No Distancing,Normal,Dry,Daylight,0,0,1,Minor
KAG_001728,Kaggle_road_csv,0,,Wednesday,Unknown,Truck,Unknown,2,Unknown,Unknown,No Priority To Pedestrian,Normal,Dry,Daylight,0,0,1,Minor
KAG_001729,Kaggle_road_csv,0,,Friday,Unknown,Truck,Unknown,2,18-30,18-30,Moving Backward,Normal,Dry,Daylight,0,0,1,Serious
KAG_001730,Kaggle_road_csv,0,,Monday,Unknown,Truck,Unknown,1,31-50,31-50,Changing Lane To The Right,Normal,Dry,Daylight,0,0,1,Minor
KAG_001731,Kaggle_road_csv,0,,Saturday,Unknown,Truck,Unknown,2,18-30,Unknown,Changing Lane To The Right,Normal,Dry,Daylight,0,0,1,Minor
KAG_001732,Kaggle_road_csv,0,,Saturday,Unknown,Truck,Unknown,2,Over 51,31-50,No Distancing,Normal,Dry,Daylight,0,0,1,Minor
KAG_001733,Kaggle_road_csv,0,,Sunday,Unknown,Truck,Unknown,1,31-50,31-50,No Distancing,Raining,Wet Or Damp,Darkness - Lights Lit,0,0,1,Minor
KAG_001734,Kaggle_road_csv,0,,Tuesday,Unknown,Truck,Unknown,2,Over 51,18-30,Other,Raining,Wet Or Damp,Daylight,0,0,2,Minor
KAG_001735,Kaggle_road_csv,0,,Thursday,Unknown,Truck,Unknown,2,Under 18,18-30,No Priority To Pedestrian,Normal,Dry,Daylight,0,0,2,Serious
KAG_001736,Kaggle_road_csv,0,,Sunday,Unknown,Truck,Unknown,2,Over 51,Unknown,Changing Lane To The Left,Normal,Dry,Daylight,0,0,1,Minor
KAG_001737,Kaggle_road_csv,0,,Wednesday,Unknown,Truck,Unknown,3,Under 18,31-50,Changing Lane To The Left,Normal,Dry,Daylight,0,0,2,Minor
KAG_001738,Kaggle_road_csv,0,,Wednesday,Unknown,Truck,Unknown,3,Over 51,Unknown,No Priority To Pedestrian,Normal,Dry,Daylight,0,0,2,Minor
KAG_001739,Kaggle_road_csv,0,,Tuesday,Unknown,Truck,Unknown,2,18-30,18-30,Driving Carelessly,Normal,Dry,Daylight,0,0,1,Minor
KAG_001740,Kaggle_road_csv,0,,Tuesday,Unknown,Truck,Unknown,2,18-30,Unknown,Driving To The Left,Normal,Dry,Daylight,0,0,1,Minor
KAG_001741,Kaggle_road_csv,0,,Monday,Unknown,Truck,Unknown,2,Over 51,Unknown,Turnover,Normal,Dry,Daylight,0,0,1,Minor
KAG_001742,Kaggle_road_csv,0,,Wednesday,Unknown,Truck,Unknown,2,31-50,Unknown,Driving Carelessly,Normal,Dry,Daylight,0,0,1,Serious
KAG_001743,Kaggle_road_csv,0,,Wednesday,Unknown,Truck,Unknown,2,31-50,Unknown,No Priority To Vehicle,Normal,Dry,Daylight,0,0,1,Serious
KAG_001744,Kaggle_road_csv,0,,Saturday,Unknown,Truck,Unknown,2,Unknown,18-30,Changing Lane To The Left,Normal,Dry,Daylight,0,0,1,Minor
KAG_001745,Kaggle_road_csv,0,,Thursday,Unknown,Truck,Unknown,2,31-50,Unknown,Changing Lane To The Right,Normal,Dry,Daylight,0,0,2,Minor
KAG_001746,Kaggle_road_csv,0,,Saturday,Unknown,Truck,Unknown,2,Over 51,31-50,No Distancing,Normal,Dry,Daylight,0,0,2,Minor
KAG_001747,Kaggle_road_csv,0,,Saturday,Unknown,Truck,Unknown,2,31-50,31-50,Other,Normal,Dry,Daylight,0,0,2,Minor
KAG_001748,Kaggle_road_csv,0,,Thursday,Unknown,Truck,Unknown,1,18-30,Unknown,Other,Normal,Dry,Daylight,0,0,1,Minor
KAG_001749,Kaggle_road_csv,0,,Saturday,Unknown,Truck,Unknown,1,18-30,Over 51,No Distancing,Normal,Dry,Darkness - Lights Lit,0,0,1,Minor
KAG_001750,Kaggle_road_csv,0,,Saturday,Unknown,Truck,Unknown,2,18-30,31-50,Driving Carelessly,Normal,Dry,Daylight,0,0,1,Minor
KAG_001751,Kaggle_road_csv,0,,Saturday,Unknown,Truck,Unknown,2,31-50,31-50,Moving Backward,Normal,Dry,Daylight,0,0,1,Minor
KAG_001752,Kaggle_road_csv,0,,Sunday,Unknown,Truck,Unknown,2,31-50,Unknown,No Distancing,Normal,Dry,Daylight,0,0,1,Minor
KAG_001753,Kaggle_road_csv,0,,Sunday,Unknown,Truck,Unknown,2,31-50,Under 18,Driving Carelessly,Normal,Dry,Darkness - Lights Lit,0,0,2,Minor
KAG_001754,Kaggle_road_csv,0,,Monday,Unknown,Truck,Unknown,2,18-30,31-50,No Distancing,Raining,Wet Or Damp,Darkness - Lights Lit,0,0,1,Minor
KAG_001755,Kaggle_road_csv,0,,Thursday,Unknown,Truck,Unknown,2,Over 51,18-30,Overtaking,Normal,Dry,Daylight,0,0,1,Minor
KAG_001756,Kaggle_road_csv,0,,Friday,Unknown,Truck,Unknown,3,31-50,Unknown,Changing Lane To The Left,Normal,Dry,Daylight,0,0,2,Minor
KAG_001757,Kaggle_road_csv,0,,Friday,Unknown,Truck,Unknown,3,31-50,Unknown,Changing Lane To The Right,Normal,Dry,Daylight,0,0,2,Minor
KAG_001758,Kaggle_road_csv,0,,Friday,Unknown,Truck,Unknown,3,31-50,Unknown,Driving Under The Influence Of Drugs,Normal,Dry,Daylight,0,0,2,Minor
KAG_001759,Kaggle_road_csv,0,,Wednesday,Unknown,Truck,Unknown,2,31-50,Under 18,Overtaking,Normal,Dry,Daylight,0,0,1,Serious
KAG_001760,Kaggle_road_csv,0,,Wednesday,Unknown,Truck,Unknown,2,Over 51,31-50,Driving Under The Influence Of Drugs,Normal,Dry,Daylight,0,0,1,Minor
KAG_001761,Kaggle_road_csv,0,,Wednesday,Unknown,Truck,Unknown,2,Over 51,18-30,Driving Carelessly,Normal,Dry,Daylight,0,0,1,Minor
KAG_001762,Kaggle_road_csv,0,,Thursday,Unknown,Truck,Unknown,2,18-30,Unknown,No Distancing,Raining,Wet Or Damp,Daylight,0,0,2,Minor
KAG_001763,Kaggle_road_csv,0,,Sunday,Unknown,Truck,Unknown,2,18-30,18-30,No Priority To Vehicle,Normal,Dry,Daylight,0,0,1,Minor
KAG_001764,Kaggle_road_csv,0,,Wednesday,Unknown,Truck,Unknown,2,31-50,Over 51,No Distancing,Normal,Dry,Darkness - Lights Lit,0,0,1,Minor
KAG_001765,Kaggle_road_csv,0,,Monday,Unknown,Truck,Unknown,3,31-50,18-30,Changing Lane To The Right,Normal,Dry,Daylight,0,0,1,Serious
KAG_001766,Kaggle_road_csv,0,,Tuesday,Unknown,Truck,Unknown,2,Unknown,Under 18,Driving At High Speed,Normal,Dry,Daylight,0,0,1,Minor
KAG_001767,Kaggle_road_csv,0,,Tuesday,Unknown,Truck,Unknown,2,Under 18,Unknown,No Distancing,Cloudy,Wet Or Damp,Darkness - Lights Lit,0,0,1,Minor
KAG_001768,Kaggle_road_csv,0,,Friday,Unknown,Truck,Unknown,2,18-30,31-50,No Distancing,Normal,Wet Or Damp,Daylight,0,0,1,Minor
KAG_001769,Kaggle_road_csv,0,,Tuesday,Unknown,Truck,Unknown,4,18-30,31-50,Getting Off The Vehicle Improperly,Normal,Wet Or Damp,Darkness - Lights Lit,0,0,1,Minor
KAG_001770,Kaggle_road_csv,0,,Tuesday,Unknown,Truck,Unknown,4,31-50,Unknown,Overtaking,Normal,Wet Or Damp,Darkness - Lights Lit,0,0,1,Minor
KAG_001771,Kaggle_road_csv,0,,Wednesday,Unknown,Truck,Unknown,2,Under 18,Unknown,Overturning,Normal,Wet Or Damp,Daylight,0,0,1,Minor
KAG_001772,Kaggle_road_csv,0,,Wednesday,Unknown,Truck,Unknown,2,18-30,Under 18,Driving Under The Influence Of Drugs,Normal,Wet Or Damp,Daylight,0,0,1,Minor
KAG_001773,Kaggle_road_csv,0,,Sunday,Unknown,Truck,Unknown,2,18-30,Over 51,No Priority To Vehicle,Normal,Dry,Daylight,0,0,1,Serious
KAG_001774,Kaggle_road_csv,0,,Wednesday,Unknown,Truck,Unknown,2,31-50,18-30,No Priority To Vehicle,Normal,Dry,Daylight,0,0,3,Minor
KAG_001775,Kaggle_road_csv,0,,Saturday,Unknown,Truck,Unknown,2,18-30,Unknown,Driving Under The Influence Of Drugs,Raining,Wet Or Damp,Daylight,0,0,3,Minor
KAG_001776,Kaggle_road_csv,0,,Saturday,Unknown,Truck,Unknown,2,18-30,18-30,Driving Carelessly,Raining,Wet Or Damp,Daylight,0,0,3,Minor
KAG_001777,Kaggle_road_csv,0,,Tuesday,Unknown,Truck,Unknown,2,Unknown,Over 51,No Priority To Vehicle,Normal,Dry,Darkness - Lights Lit,0,0,5,Minor
KAG_001778,Kaggle_road_csv,0,,Friday,Unknown,Truck,Unknown,2,Unknown,Unknown,Driving Under The Influence Of Drugs,Normal,Dry,Daylight,0,0,1,Minor
KAG_001779,Kaggle_road_csv,0,,Tuesday,Unknown,Truck,Unknown,2,Unknown,31-50,Driving Carelessly,Normal,Dry,Darkness - Lights Lit,0,0,1,Minor
KAG_001780,Kaggle_road_csv,0,,Friday,Unknown,Truck,Unknown,2,31-50,18-30,No Priority To Vehicle,Normal,Dry,Daylight,0,0,2,Minor
KAG_001781,Kaggle_road_csv,0,,Tuesday,Unknown,Truck,Unknown,2,31-50,Unknown,Changing Lane To The Left,Normal,Dry,Darkness - Lights Lit,0,0,1,Minor
KAG_001782,Kaggle_road_csv,0,,Wednesday,Unknown,Truck,Unknown,2,Under 18,31-50,Driving Carelessly,Normal,Wet Or Damp,Daylight,0,0,1,Minor
KAG_001783,Kaggle_road_csv,0,,Sunday,Unknown,Truck,Unknown,2,18-30,Over 51,Driving To The Left,Windy,Wet Or Damp,Daylight,0,0,3,Serious
KAG_001784,Kaggle_road_csv,0,,Wednesday,Unknown,Truck,Unknown,2,18-30,18-30,No Distancing,Normal,Dry,Daylight,0,0,2,Serious
KAG_001785,Kaggle_road_csv,0,,Wednesday,Unknown,Truck,Unknown,2,31-50,31-50,No Priority To Vehicle,Normal,Dry,Daylight,0,0,1,Minor
KAG_001786,Kaggle_road_csv,0,,Monday,Unknown,Truck,Unknown,1,Unknown,31-50,No Distancing,Normal,Dry,Daylight,0,0,1,Minor
KAG_001787,Kaggle_road_csv,0,,Tuesday,Unknown,Truck,Unknown,2,18-30,31-50,Changing Lane To The Left,Normal,Dry,Darkness - Lights Lit,0,0,1,Minor
KAG_001788,Kaggle_road_csv,0,,Saturday,Unknown,Truck,Unknown,3,Unknown,Unknown,No Distancing,Normal,Dry,Daylight,0,0,2,Minor
KAG_001789,Kaggle_road_csv,0,,Tuesday,Unknown,Truck,Unknown,2,18-30,Unknown,Getting Off The Vehicle Improperly,Normal,Dry,Darkness - Lights Lit,0,0,1,Minor
KAG_001790,Kaggle_road_csv,0,,Tuesday,Unknown,Truck,Unknown,2,31-50,Over 51,Changing Lane To The Left,Normal,Wet Or Damp,Daylight,0,0,1,Serious
KAG_001791,Kaggle_road_csv,0,,Tuesday,Unknown,Truck,Unknown,2,18-30,Unknown,No Distancing,Normal,Wet Or Damp,Daylight,0,0,1,Serious
KAG_001792,Kaggle_road_csv,0,,Saturday,Unknown,Truck,Unknown,2,Unknown,18-30,Overtaking,Normal,Wet Or Damp,Daylight,0,0,1,Minor
KAG_001793,Kaggle_road_csv,0,,Thursday,Unknown,Truck,Unknown,1,Unknown,Unknown,Driving Carelessly,Normal,Dry,Darkness - Lights Lit,0,0,1,Minor
KAG_001794,Kaggle_road_csv,0,,Thursday,Unknown,Truck,Unknown,1,18-30,Unknown,Driving Carelessly,Other,Dry,Daylight,0,0,1,Minor
KAG_001795,Kaggle_road_csv,0,,Wednesday,Unknown,Truck,Unknown,2,18-30,Unknown,No Distancing,Windy,Wet Or Damp,Darkness - Lights Lit,0,0,1,Minor
KAG_001796,Kaggle_road_csv,0,,Friday,Unknown,Truck,Unknown,3,Under 18,Under 18,No Distancing,Normal,Wet Or Damp,Darkness - Lights Lit,0,0,3,Minor
KAG_001797,Kaggle_road_csv,0,,Friday,Unknown,Truck,Unknown,3,Over 51,Unknown,Changing Lane To The Right,Normal,Wet Or Damp,Darkness - Lights Lit,0,0,3,Minor
KAG_001798,Kaggle_road_csv,0,,Wednesday,Unknown,Truck,Unknown,3,18-30,Unknown,No Distancing,Normal,Wet Or Damp,Darkness - Lights Lit,0,0,1,Serious
KAG_001799,Kaggle_road_csv,0,,Thursday,Unknown,Truck,Unknown,1,31-50,Under 18,Moving Backward,Normal,Dry,Daylight,0,0,1,Minor
KAG_001800,Kaggle_road_csv,0,,Wednesday,Unknown,Truck,Unknown,2,31-50,Unknown,Overtaking,Normal,Dry,Darkness - Lights Lit,0,0,1,Minor
KAG_001801,Kaggle_road_csv,0,,Friday,Unknown,Truck,Unknown,2,Over 51,31-50,Driving At High Speed,Normal,Dry,Daylight,0,0,1,Minor
KAG_001802,Kaggle_road_csv,0,,Friday,Unknown,Truck,Unknown,2,18-30,18-30,Changing Lane To The Right,Normal,Dry,Daylight,0,0,1,Minor
KAG_001803,Kaggle_road_csv,0,,Friday,Unknown,Truck,Unknown,2,31-50,Unknown,No Priority To Vehicle,Normal,Dry,Daylight,0,0,1,Minor
KAG_001804,Kaggle_road_csv,0,,Saturday,Unknown,Truck,Unknown,3,31-50,18-30,No Priority To Vehicle,Normal,Dry,Daylight,0,0,3,Minor
KAG_001805,Kaggle_road_csv,0,,Saturday,Unknown,Truck,Unknown,3,31-50,Unknown,No Distancing,Normal,Dry,Daylight,0,0,3,Minor
KAG_001806,Kaggle_road_csv,0,,Saturday,Unknown,Truck,Unknown,2,Unknown,18-30,No Priority To Pedestrian,Unknown,Dry,Darkness - Lights Lit,0,0,1,Minor
KAG_001807,Kaggle_road_csv,0,,Monday,Unknown,Truck,Unknown,2,Unknown,18-30,Changing Lane To The Left,Normal,Dry,Daylight,0,0,1,Serious
KAG_001808,Kaggle_road_csv,0,,Tuesday,Unknown,Truck,Unknown,3,31-50,18-30,Moving Backward,Normal,Dry,Daylight,0,0,1,Minor
KAG_001809,Kaggle_road_csv,0,,Tuesday,Unknown,Truck,Unknown,3,Unknown,Unknown,Overspeed,Normal,Dry,Daylight,0,0,1,Minor
KAG_001810,Kaggle_road_csv,0,,Wednesday,Unknown,Truck,Unknown,2,Under 18,Unknown,No Priority To Vehicle,Normal,Dry,Daylight,0,0,1,Serious
KAG_001811,Kaggle_road_csv,0,,Monday,Unknown,Truck,Unknown,2,Under 18,Unknown,Changing Lane To The Right,Normal,Dry,Darkness - Lights Lit,0,0,2,Minor
KAG_001812,Kaggle_road_csv,0,,Monday,Unknown,Truck,Unknown,2,31-50,18-30,Moving Backward,Normal,Dry,Darkness - Lights Lit,0,0,2,Minor
KAG_001813,Kaggle_road_csv,0,,Monday,Unknown,Truck,Unknown,4,31-50,31-50,No Distancing,Normal,Dry,Daylight,0,0,1,Minor
KAG_001814,Kaggle_road_csv,0,,Thursday,Unknown,Truck,Unknown,1,Unknown,18-30,Overturning,Normal,Dry,Daylight,0,0,1,Minor
KAG_001815,Kaggle_road_csv,0,,Monday,Unknown,Truck,Unknown,2,31-50,Unknown,Driving At High Speed,Normal,Wet Or Damp,Darkness - Lights Lit,0,0,1,Minor
KAG_001816,Kaggle_road_csv,0,,Tuesday,Unknown,Truck,Unknown,1,Under 18,18-30,Changing Lane To The Right,Other,Dry,Darkness - Lights Lit,0,0,1,Minor
KAG_001817,Kaggle_road_csv,0,,Friday,Unknown,Truck,Unknown,2,Unknown,Unknown,No Distancing,Unknown,Dry,Darkness - Lights Lit,0,0,1,Minor
KAG_001818,Kaggle_road_csv,0,,Saturday,Unknown,Truck,Unknown,2,18-30,Over 51,Driving Carelessly,Normal,Wet Or Damp,Daylight,0,0,2,Minor
KAG_001819,Kaggle_road_csv,0,,Tuesday,Unknown,Truck,Unknown,2,31-50,Unknown,No Priority To Pedestrian,Normal,Dry,Daylight,0,0,1,Minor
KAG_001820,Kaggle_road_csv,0,,Tuesday,Unknown,Truck,Unknown,2,31-50,18-30,Moving Backward,Normal,Dry,Daylight,0,0,1,Minor
KAG_001821,Kaggle_road_csv,0,,Wednesday,Unknown,Truck,Unknown,2,Over 51,18-30,Overtaking,Raining,Wet Or Damp,Daylight,0,0,1,Minor
KAG_001822,Kaggle_road_csv,0,,Saturday,Unknown,Truck,Unknown,2,Unknown,Unknown,Changing Lane To The Left,Normal,Dry,Darkness - Lights Lit,0,0,1,Minor
KAG_001823,Kaggle_road_csv,0,,Monday,Unknown,Truck,Unknown,2,31-50,Unknown,No Priority To Vehicle,Normal,Dry,Daylight,0,0,5,Minor
KAG_001824,Kaggle_road_csv,0,,Thursday,Unknown,Truck,Unknown,2,18-30,Unknown,Moving Backward,Other,Wet Or Damp,Darkness - No Lighting,0,0,1,Minor
KAG_001825,Kaggle_road_csv,0,,Thursday,Unknown,Truck,Unknown,2,Over 51,31-50,Changing Lane To The Right,Other,Wet Or Damp,Darkness - No Lighting,0,0,1,Minor
KAG_001826,Kaggle_road_csv,0,,Wednesday,Unknown,Truck,Unknown,2,18-30,18-30,No Priority To Pedestrian,Normal,Dry,Daylight,0,0,1,Serious
KAG_001827,Kaggle_road_csv,0,,Saturday,Unknown,Truck,Unknown,3,Unknown,Under 18,Changing Lane To The Right,Normal,Dry,Darkness - Lights Lit,0,0,6,Minor
KAG_001828,Kaggle_road_csv,0,,Wednesday,Unknown,Truck,Unknown,2,Unknown,18-30,No Distancing,Normal,Dry,Daylight,0,0,1,Minor
KAG_001829,Kaggle_road_csv,0,,Monday,Unknown,Truck,Unknown,1,Unknown,Unknown,Driving Carelessly,Normal,Dry,Daylight,0,0,1,Minor
KAG_001830,Kaggle_road_csv,0,,Friday,Unknown,Truck,Unknown,2,31-50,31-50,Driving Carelessly,Normal,Dry,Daylight,0,0,1,Minor
KAG_001831,Kaggle_road_csv,0,,Wednesday,Unknown,Truck,Unknown,4,31-50,Unknown,Changing Lane To The Right,Normal,Dry,Daylight,0,0,2,Minor
KAG_001832,Kaggle_road_csv,0,,Wednesday,Unknown,Truck,Unknown,4,Under 18,31-50,Driving At High Speed,Normal,Dry,Daylight,0,0,2,Minor
KAG_001833,Kaggle_road_csv,0,,Wednesday,Unknown,Truck,Unknown,4,Over 51,Unknown,No Distancing,Normal,Dry,Daylight,0,0,2,Minor
KAG_001834,Kaggle_road_csv,0,,Thursday,Unknown,Truck,Unknown,2,18-30,31-50,No Priority To Vehicle,Normal,Dry,Darkness - Lights Lit,0,0,2,Minor
KAG_001835,Kaggle_road_csv,0,,Sunday,Unknown,Truck,Unknown,2,18-30,Unknown,No Distancing,Normal,Dry,Daylight,0,0,3,Minor
KAG_001836,Kaggle_road_csv,0,,Wednesday,Unknown,Truck,Unknown,1,31-50,18-30,Changing Lane To The Left,Normal,Dry,Daylight,0,0,1,Minor
KAG_001837,Kaggle_road_csv,0,,Sunday,Unknown,Truck,Unknown,1,18-30,Unknown,Driving Carelessly,Normal,Wet Or Damp,Darkness - Lights Lit,0,0,2,Serious
KAG_001838,Kaggle_road_csv,0,,Friday,Unknown,Truck,Unknown,2,18-30,18-30,No Distancing,Normal,Dry,Daylight,0,0,1,Minor
KAG_001839,Kaggle_road_csv,0,,Friday,Unknown,Truck,Unknown,2,Over 51,Unknown,Driving Carelessly,Normal,Wet Or Damp,Darkness - Lights Lit,0,0,1,Minor
KAG_001840,Kaggle_road_csv,0,,Thursday,Unknown,Truck,Unknown,2,Unknown,Unknown,Other,Normal,Dry,Daylight,0,0,1,Minor
KAG_001841,Kaggle_road_csv,0,,Monday,Unknown,Truck,Unknown,2,31-50,Unknown,No Distancing,Normal,Wet Or Damp,Daylight,0,0,3,Serious
KAG_001842,Kaggle_road_csv,0,,Thursday,Unknown,Truck,Unknown,1,31-50,18-30,Overturning,Normal,Dry,Daylight,0,0,1,Serious
KAG_001843,Kaggle_road_csv,0,,Friday,Unknown,Truck,Unknown,3,Over 51,18-30,No Priority To Vehicle,Normal,Wet Or Damp,Darkness - Lights Lit,0,0,1,Minor
KAG_001844,Kaggle_road_csv,0,,Thursday,Unknown,Truck,Unknown,2,Unknown,Over 51,Other,Raining,Wet Or Damp,Daylight,0,0,1,Minor
KAG_001845,Kaggle_road_csv,0,,Saturday,Unknown,Truck,Unknown,2,31-50,Under 18,Moving Backward,Normal,Dry,Darkness - Lights Lit,0,0,2,Minor
KAG_001846,Kaggle_road_csv,0,,Saturday,Unknown,Truck,Unknown,3,18-30,Unknown,Driving Carelessly,Normal,Dry,Daylight,0,0,5,Serious
KAG_001847,Kaggle_road_csv,0,,Saturday,Unknown,Truck,Unknown,3,18-30,Unknown,Changing Lane To The Right,Normal,Dry,Daylight,0,0,5,Serious
KAG_001848,Kaggle_road_csv,0,,Tuesday,Unknown,Truck,Unknown,2,Under 18,Unknown,No Priority To Pedestrian,Normal,Dry,Daylight,0,0,1,Minor
KAG_001849,Kaggle_road_csv,0,,Friday,Unknown,Truck,Unknown,2,Under 18,18-30,Driving Carelessly,Normal,Dry,Daylight,0,0,1,Serious
KAG_001850,Kaggle_road_csv,0,,Friday,Unknown,Truck,Unknown,2,Unknown,Unknown,Driving Carelessly,Normal,Wet Or Damp,Daylight,0,0,1,Minor
KAG_001851,Kaggle_road_csv,0,,Monday,Unknown,Truck,Unknown,3,Under 18,Under 18,Other,Normal,Dry,Daylight,0,0,3,Minor
KAG_001852,Kaggle_road_csv,0,,Friday,Unknown,Truck,Unknown,2,Over 51,18-30,Overtaking,Normal,Dry,Daylight,0,0,1,Minor
KAG_001853,Kaggle_road_csv,0,,Saturday,Unknown,Truck,Unknown,2,31-50,Unknown,Overtaking,Normal,Dry,Daylight,0,0,1,Minor
KAG_001854,Kaggle_road_csv,0,,Wednesday,Unknown,Truck,Unknown,2,18-30,Unknown,Changing Lane To The Right,Normal,Dry,Daylight,0,0,1,Minor
KAG_001855,Kaggle_road_csv,0,,Friday,Unknown,Truck,Unknown,1,Over 51,18-30,Changing Lane To The Right,Normal,Dry,Daylight,0,0,1,Minor
KAG_001856,Kaggle_road_csv,0,,Friday,Unknown,Truck,Unknown,3,31-50,Unknown,Moving Backward,Normal,Dry,Daylight,0,0,1,Minor
KAG_001857,Kaggle_road_csv,0,,Monday,Unknown,Truck,Unknown,2,31-50,Unknown,Other,Normal,Wet Or Damp,Darkness - Lights Lit,0,0,1,Minor
KAG_001858,Kaggle_road_csv,0,,Monday,Unknown,Truck,Unknown,2,31-50,Under 18,No Priority To Vehicle,Normal,Wet Or Damp,Darkness - Lights Lit,0,0,1,Minor
KAG_001859,Kaggle_road_csv,0,,Sunday,Unknown,Truck,Unknown,2,31-50,Under 18,No Distancing,Normal,Dry,Daylight,0,0,1,Minor
KAG_001860,Kaggle_road_csv,0,,Wednesday,Unknown,Truck,Unknown,1,Unknown,Under 18,Moving Backward,Normal,Dry,Daylight,0,0,1,Minor
KAG_001861,Kaggle_road_csv,0,,Saturday,Unknown,Truck,Unknown,1,18-30,Under 18,No Priority To Pedestrian,Normal,Dry,Darkness - Lights Lit,0,0,1,Minor
KAG_001862,Kaggle_road_csv,0,,Saturday,Unknown,Truck,Unknown,3,Unknown,Under 18,Changing Lane To The Left,Normal,Dry,Daylight,0,0,2,Minor
KAG_001863,Kaggle_road_csv,0,,Wednesday,Unknown,Truck,Unknown,3,18-30,31-50,Changing Lane To The Right,Normal,Dry,Daylight,0,0,2,Serious
KAG_001864,Kaggle_road_csv,0,,Monday,Unknown,Truck,Unknown,4,18-30,Unknown,No Distancing,Normal,Dry,Daylight,0,0,5,Minor
KAG_001865,Kaggle_road_csv,0,,Monday,Unknown,Truck,Unknown,2,Unknown,Unknown,Turnover,Normal,Dry,Daylight,0,0,1,Minor
KAG_001866,Kaggle_road_csv,0,,Friday,Unknown,Truck,Unknown,2,Unknown,31-50,Overtaking,Normal,Dry,Daylight,0,0,1,Minor
KAG_001867,Kaggle_road_csv,0,,Thursday,Unknown,Truck,Unknown,1,31-50,18-30,Changing Lane To The Left,Normal,Dry,Daylight,0,0,1,Minor
KAG_001868,Kaggle_road_csv,0,,Wednesday,Unknown,Truck,Unknown,2,Under 18,31-50,Changing Lane To The Left,Normal,Dry,Daylight,0,0,4,Minor
KAG_001869,Kaggle_road_csv,0,,Wednesday,Unknown,Truck,Unknown,2,Under 18,18-30,Changing Lane To The Left,Normal,Dry,Daylight,0,0,4,Minor
KAG_001870,Kaggle_road_csv,0,,Wednesday,Unknown,Truck,Unknown,2,18-30,Unknown,Driving Carelessly,Normal,Dry,Daylight,0,0,4,Minor
KAG_001871,Kaggle_road_csv,0,,Tuesday,Unknown,Truck,Unknown,2,18-30,18-30,Driving Carelessly,Cloudy,Wet Or Damp,Daylight,0,0,1,Minor
KAG_001872,Kaggle_road_csv,0,,Tuesday,Unknown,Truck,Unknown,2,Unknown,Unknown,No Priority To Pedestrian,Cloudy,Wet Or Damp,Daylight,0,0,1,Minor
KAG_001873,Kaggle_road_csv,0,,Thursday,Unknown,Truck,Unknown,2,Unknown,31-50,Driving Carelessly,Normal,Dry,Darkness - Lights Lit,0,0,4,Minor
KAG_001874,Kaggle_road_csv,0,,Thursday,Unknown,Truck,Unknown,2,18-30,18-30,Changing Lane To The Left,Normal,Dry,Darkness - Lights Lit,0,0,4,Minor
KAG_001875,Kaggle_road_csv,0,,Tuesday,Unknown,Truck,Unknown,3,Unknown,Unknown,Driving To The Left,Normal,Dry,Daylight,0,0,1,Minor
KAG_001876,Kaggle_road_csv,0,,Monday,Unknown,Truck,Unknown,2,31-50,31-50,Changing Lane To The Left,Raining,Wet Or Damp,Darkness - No Lighting,0,0,1,Minor
KAG_001877,Kaggle_road_csv,0,,Monday,Unknown,Truck,Unknown,2,31-50,Under 18,Changing Lane To The Right,Raining,Wet Or Damp,Darkness - No Lighting,0,0,1,Minor
KAG_001878,Kaggle_road_csv,0,,Thursday,Unknown,Truck,Unknown,2,31-50,31-50,Changing Lane To The Right,Normal,Dry,Daylight,0,0,1,Minor
KAG_001879,Kaggle_road_csv,0,,Thursday,Unknown,Truck,Unknown,2,18-30,31-50,Driving Carelessly,Normal,Dry,Daylight,0,0,1,Serious
KAG_001880,Kaggle_road_csv,0,,Wednesday,Unknown,Truck,Unknown,2,Under 18,31-50,Changing Lane To The Left,Normal,Dry,Daylight,0,0,1,Minor
KAG_001881,Kaggle_road_csv,0,,Friday,Unknown,Truck,Unknown,2,18-30,18-30,No Distancing,Normal,Dry,Darkness - Lights Lit,0,0,3,Minor
KAG_001882,Kaggle_road_csv,0,,Friday,Unknown,Truck,Unknown,2,18-30,Unknown,Changing Lane To The Left,Normal,Dry,Darkness - Lights Lit,0,0,3,Minor
KAG_001883,Kaggle_road_csv,0,,Wednesday,Unknown,Truck,Unknown,3,Unknown,Unknown,No Distancing,Normal,Dry,Daylight,0,0,1,Minor