accident_id,source,year,month,day_of_week,state,vehicle_1,vehicle_2,vehicles_involved,party_age_group,victim_age_group,cause_of_accident,weather_condition,road_condition,lighting_condition,fatalities,injuries,casualties,severity
KAG_001884,Kaggle_road_csv,0,,Wednesday,Unknown,Truck,Unknown,3,31-50,31-50,Overtaking,Normal,Dry,Daylight,0,0,1,Minor
KAG_001885,Kaggle_road_csv,0,,Saturday,Unknown,Truck,Unknown,3,Unknown,Unknown,No Distancing,Raining,Wet Or Damp,Darkness - Lights Lit,0,0,1,Minor
KAG_001886,Kaggle_road_csv,0,,Saturday,Unknown,Truck,Unknown,3,Unknown,Unknown,Driving Carelessly,Raining,Wet Or Damp,Darkness - Lights Lit,0,0,1,Minor
KAG_001887,Kaggle_road_csv,0,,Saturday,Unknown,Truck,Unknown,3,Unknown,18-30,No Priority To Pedestrian,Raining,Wet Or Damp,Darkness - Lights Lit,0,0,1,Minor
KAG_001888,Kaggle_road_csv,0,,Saturday,Unknown,Truck,Unknown,2,31-50,18-30,Moving Backward,Raining,Wet Or Damp,Darkness - Lights Lit,0,0,3,Minor
KAG_001889,Kaggle_road_csv,0,,Sunday,Unknown,Truck,Unknown,2,Unknown,Unknown,Moving Backward,Normal,Wet Or Damp,Daylight,0,0,2,Minor
KAG_001890,Kaggle_road_csv,0,,Wednesday,Unknown,Truck,Unknown,2,31-50,Under 18,Driving Carelessly,Normal,Dry,Daylight,0,0,1,Minor
KAG_001891,Kaggle_road_csv,0,,Tuesday,Unknown,Truck,Unknown,2,Unknown,31-50,No Priority To Vehicle,Normal,Dry,Daylight,0,0,1,Minor
KAG_001892,Kaggle_road_csv,0,,Thursday,Unknown,Truck,Unknown,2,31-50,18-30,No Priority To Vehicle,Raining,Wet Or Damp,Daylight,0,0,1,Minor
KAG_001893,Kaggle_road_csv,0,,Wednesday,Unknown,Truck,Unknown,2,31-50,Unknown,Changing Lane To The Left,Normal,Dry,Daylight,0,0,1,Minor
KAG_001894,Kaggle_road_csv,0,,Saturday,Unknown,Truck,Unknown,2,Unknown,18-30,No Distancing,Normal,Dry,Daylight,0,0,1,Minor
KAG_001895,Kaggle_road_csv,0,,Saturday,Unknown,Truck,Unknown,2,Over 51,18-30,Driving Under The Influence Of Drugs,Normal,Dry,Daylight,0,0,1,Minor
KAG_001896,Kaggle_road_csv,0,,Thursday,Unknown,Truck,Unknown,2,18-30,31-50,Getting Off The Vehicle Improperly,Normal,Dry,Daylight,0,0,1,Minor
KAG_001897,Kaggle_road_csv,0,,Thursday,Unknown,Truck,Unknown,3,18-30,Over 51,No Distancing,Normal,Dry,Daylight,0,0,4,Minor
KAG_001898,Kaggle_road_csv,0,,Monday,Unknown,Truck,Unknown,2,31-50,18-30,Overturning,Normal,Dry,Daylight,0,0,1,Minor
KAG_001899,Kaggle_road_csv,0,,Monday,Unknown,Truck,Unknown,2,Under 18,Under 18,Changing Lane To The Left,Normal,Dry,Daylight,0,0,1,Minor
KAG_001900,Kaggle_road_csv,0,,Monday,Unknown,Truck,Unknown,2,Over 51,Unknown,No Distancing,Normal,Dry,Daylight,0,0,2,Minor
KAG_001901,Kaggle_road_csv,0,,Saturday,Unknown,Truck,Unknown,3,Over 51,18-30,Changing Lane To The Right,Normal,Dry,Daylight,0,0,1,Minor
KAG_001902,Kaggle_road_csv,0,,Wednesday,Unknown,Truck,Unknown,2,18-30,Unknown,Driving Carelessly,Normal,Dry,Daylight,0,0,1,Minor
KAG_001903,Kaggle_road_csv,0,,Saturday,Unknown,Truck,Unknown,1,Under 18,18-30,Moving Backward,Normal,Wet Or Damp,Darkness - Lights Lit,0,0,2,Minor
KAG_001904,Kaggle_road_csv,0,,Thursday,Unknown,Truck,Unknown,2,Unknown,Unknown,No Priority To Vehicle,Unknown,Dry,Daylight,0,0,1,Minor
KAG_001905,Kaggle_road_csv,0,,Tuesday,Unknown,Truck,Unknown,2,18-30,Unknown,Changing Lane To The Right,Normal,Dry,Daylight,0,0,1,Minor
KAG_001906,Kaggle_road_csv,0,,Sunday,Unknown,Truck,Unknown,2,18-30,18-30,No Distancing,Normal,Dry,Daylight,0,0,3,Minor
KAG_001907,Kaggle_road_csv,0,,Thursday,Unknown,Truck,Unknown,2,31-50,18-30,No Distancing,Normal,Dry,Daylight,0,0,1,Minor
KAG_001908,Kaggle_road_csv,0,,Friday,Unknown,Truck,Unknown,2,Over 51,18-30,No Priority To Vehicle,Normal,Dry,Daylight,0,0,1,Minor
KAG_001909,Kaggle_road_csv,0,,Friday,Unknown,Truck,Unknown,2,31-50,31-50,Moving Backward,Normal,Dry,Daylight,0,0,1,Minor
KAG_001910,Kaggle_road_csv,0,,Friday,Unknown,Truck,Unknown,2,31-50,Unknown,Getting Off The Vehicle Improperly,Normal,Dry,Daylight,0,0,2,Minor
KAG_001911,Kaggle_road_csv,0,,Thursday,Unknown,Truck,Unknown,2,Unknown,Unknown,No Priority To Vehicle,Normal,Dry,Daylight,0,0,1,Minor
KAG_001912,Kaggle_road_csv,0,,Tuesday,Unknown,Truck,Unknown,2,18-30,Unknown,Moving Backward,Normal,Dry,Daylight,0,0,1,Minor
KAG_001913,Kaggle_road_csv,0,,Friday,Unknown,Truck,Unknown,2,Over 51,31-50,Driving Carelessly,Normal,Dry,Daylight,0,0,1,Minor
KAG_001914,Kaggle_road_csv,0,,Saturday,Unknown,Truck,Unknown,2,Unknown,Unknown,Driving Under The Influence Of Drugs,Normal,Dry,Daylight,0,0,2,Serious
KAG_001915,Kaggle_road_csv,0,,Saturday,Unknown,Truck,Unknown,2,18-30,Unknown,Driving Carelessly,Normal,Dry,Daylight,0,0,2,Serious
KAG_001916,Kaggle_road_csv,0,,Tuesday,Unknown,Truck,Unknown,3,Over 51,Under 18,No Distancing,Normal,Dry,Daylight,0,0,1,Minor
KAG_001917,Kaggle_road_csv,0,,Saturday,Unknown,Truck,Unknown,2,31-50,Over 51,No Distancing,Normal,Dry,Darkness - Lights Lit,0,0,1,Minor
KAG_001918,Kaggle_road_csv,0,,Friday,Unknown,Truck,Unknown,2,Under 18,Under 18,No Distancing,Normal,Dry,Daylight,0,0,1,Minor
KAG_001919,Kaggle_road_csv,0,,Sunday,Unknown,Truck,Unknown,2,Over 51,31-50,No Distancing,Normal,Dry,Darkness - Lights Lit,0,0,1,Minor
KAG_001920,Kaggle_road_csv,0,,Sunday,Unknown,Truck,Unknown,2,18-30,18-30,No Priority To Vehicle,Normal,Dry,Darkness - Lights Lit,0,0,1,Minor
KAG_001921,Kaggle_road_csv,0,,Thursday,Unknown,Truck,Unknown,2,31-50,Unknown,Driving Carelessly,Normal,Dry,Daylight,0,0,3,Minor
KAG_001922,Kaggle_road_csv,0,,Sunday,Unknown,Truck,Unknown,4,18-30,18-30,Changing Lane To The Right,Normal,Dry,Daylight,0,0,1,Minor
KAG_001923,Kaggle_road_csv,0,,Thursday,Unknown,Truck,Unknown,2,18-30,31-50,No Distancing,Normal,Dry,Daylight,0,0,1,Minor
KAG_001924,Kaggle_road_csv,0,,Thursday,Unknown,Truck,Unknown,2,18-30,Unknown,No Distancing,Normal,Dry,Daylight,0,0,1,Minor
KAG_001925,Kaggle_road_csv,0,,Saturday,Unknown,Truck,Unknown,4,18-30,Under 18,Changing Lane To The Right,Normal,Dry,Daylight,0,0,3,Serious
KAG_001926,Kaggle_road_csv,0,,Tuesday,Unknown,Truck,Unknown,2,18-30,Unknown,No Distancing,Other,Wet Or Damp,Daylight,0,0,1,Minor
KAG_001927,Kaggle_road_csv,0,,Tuesday,Unknown,Truck,Unknown,2,31-50,31-50,Changing Lane To The Right,Other,Wet Or Damp,Daylight,0,0,1,Minor
KAG_001928,Kaggle_road_csv,0,,Thursday,Unknown,Truck,Unknown,3,31-50,Unknown,Driving To The Left,Normal,Dry,Daylight,0,0,1,Minor
KAG_001929,Kaggle_road_csv,0,,Saturday,Unknown,Truck,Unknown,2,18-30,31-50,Changing Lane To The Left,Normal,Dry,Darkness - Lights Lit,0,0,4,Minor
KAG_001930,Kaggle_road_csv,0,,Friday,Unknown,Truck,Unknown,4,Unknown,18-30,Moving Backward,Normal,Dry,Darkness - Lights Lit,0,0,1,Minor
KAG_001931,Kaggle_road_csv,0,,Saturday,Unknown,Truck,Unknown,2,31-50,Over 51,Changing Lane To The Right,Normal,Dry,Daylight,0,0,1,Minor
KAG_001932,Kaggle_road_csv,0,,Saturday,Unknown,Truck,Unknown,2,Over 51,Unknown,No Distancing,Normal,Dry,Daylight,0,0,1,Minor
KAG_001933,Kaggle_road_csv,0,,Thursday,Unknown,Truck,Unknown,2,Under 18,Unknown,Driving At High Speed,Other,Dry,Darkness - Lights Lit,0,0,1,Minor
KAG_001934,Kaggle_road_csv,0,,Thursday,Unknown,Truck,Unknown,1,18-30,18-30,Turnover,Normal,Dry,Daylight,0,0,1,Minor
KAG_001935,Kaggle_road_csv,0,,Wednesday,Unknown,Truck,Unknown,2,18-30,31-50,No Distancing,Normal,Dry,Daylight,0,0,1,Minor
KAG_001936,Kaggle_road_csv,0,,Saturday,Unknown,Truck,Unknown,2,Unknown,31-50,No Priority To Pedestrian,Normal,Dry,Daylight,0,0,1,Minor
KAG_001937,Kaggle_road_csv,0,,Thursday,Unknown,Truck,Unknown,2,18-30,Unknown,Changing Lane To The Left,Normal,Dry,Daylight,0,0,2,Minor
KAG_001938,Kaggle_road_csv,0,,Tuesday,Unknown,Truck,Unknown,1,18-30,31-50,Changing Lane To The Right,Normal,Dry,Daylight,0,0,1,Minor
KAG_001939,Kaggle_road_csv,0,,Saturday,Unknown,Truck,Unknown,1,31-50,18-30,Moving Backward,Normal,Dry,Darkness - Lights Lit,0,0,1,Minor
KAG_001940,Kaggle_road_csv,0,,Friday,Unknown,Truck,Unknown,2,18-30,31-50,Changing Lane To The Right,Normal,Dry,Daylight,0,0,1,Minor
KAG_001941,Kaggle_road_csv,0,,Friday,Unknown,Truck,Unknown,2,18-30,31-50,Overspeed,Normal,Dry,Daylight,0,0,1,Minor
KAG_001942,Kaggle_road_csv,0,,Wednesday,Unknown,Truck,Unknown,2,31-50,Unknown,Driving Carelessly,Normal,Dry,Daylight,0,0,1,Minor
KAG_001943,Kaggle_road_csv,0,,Saturday,Unknown,Truck,Unknown,2,31-50,Unknown,No Distancing,Raining,Wet Or Damp,Daylight,0,0,4,Minor
KAG_001944,Kaggle_road_csv,0,,Saturday,Unknown,Truck,Unknown,2,18-30,18-30,Overspeed,Raining,Wet Or Damp,Daylight,0,0,4,Minor
KAG_001945,Kaggle_road_csv,0,,Sunday,Unknown,Truck,Unknown,2,Over 51,18-30,Changing Lane To The Right,Normal,Dry,Darkness - Lights Lit,0,0,1,Minor
KAG_001946,Kaggle_road_csv,0,,Sunday,Unknown,Truck,Unknown,2,31-50,31-50,No Distancing,Raining,Wet Or Damp,Daylight,0,0,1,Minor
KAG_001947,Kaggle_road_csv,0,,Saturday,Unknown,Truck,Unknown,2,18-30,Over 51,No Distancing,Normal,Dry,Daylight,0,0,1,Minor
KAG_001948,Kaggle_road_csv,0,,Friday,Unknown,Truck,Unknown,1,18-30,31-50,Moving Backward,Normal,Dry,Daylight,0,0,1,Minor
KAG_001949,Kaggle_road_csv,0,,Saturday,Unknown,Truck,Unknown,2,31-50,18-30,Changing Lane To The Right,Normal,Dry,Daylight,0,0,3,Fatal
KAG_001950,Kaggle_road_csv,0,,Saturday,Unknown,Truck,Unknown,2,31-50,Unknown,Overturning,Normal,Dry,Daylight,0,0,1,Minor
KAG_001951,Kaggle_road_csv,0,,Friday,Unknown,Truck,Unknown,2,18-30,18-30,Changing Lane To The Right,Normal,Dry,Daylight,0,0,1,Minor
KAG_001952,Kaggle_road_csv,0,,Friday,Unknown,Truck,Unknown,2,18-30,Unknown,Moving Backward,Normal,Dry,Daylight,0,0,1,Minor
KAG_001953,Kaggle_road_csv,0,,Sunday,Unknown,Truck,Unknown,2,Over 51,Unknown,Overturning,Normal,Dry,Daylight,0,0,3,Minor
KAG_001954,Kaggle_road_csv,0,,Wednesday,Unknown,Truck,Unknown,1,18-30,Unknown,Moving Backward,Normal,Dry,Daylight,0,0,1,Minor
KAG_001955,Kaggle_road_csv,0,,Monday,Unknown,Truck,Unknown,3,18-30,18-30,Changing Lane To The Right,Normal,Dry,Darkness - Lights Lit,0,0,2,Minor
KAG_001956,Kaggle_road_csv,0,,Monday,Unknown,Truck,Unknown,3,18-30,Under 18,No Distancing,Normal,Dry,Darkness - Lights Lit,0,0,2,Minor
KAG_001957,Kaggle_road_csv,0,,Wednesday,Unknown,Truck,Unknown,2,31-50,Unknown,No Priority To Vehicle,Normal,Dry,Daylight,0,0,1,Minor
KAG_001958,Kaggle_road_csv,0,,Wednesday,Unknown,Truck,Unknown,2,31-50,Unknown,Driving Carelessly,Normal,Dry,Daylight,0,0,1,Minor
KAG_001959,Kaggle_road_csv,0,,Wednesday,Unknown,Truck,Unknown,2,31-50,18-30,Changing Lane To The Right,Normal,Dry,Daylight,0,0,1,Minor
KAG_001960,Kaggle_road_csv,0,,Monday,Unknown,Truck,Unknown,2,31-50,Unknown,Changing Lane To The Right,Normal,Dry,Daylight,0,0,1,Minor
KAG_001961,Kaggle_road_csv,0,,Wednesday,Unknown,Truck,Unknown,2,18-30,Under 18,No Priority To Vehicle,Normal,Dry,Daylight,0,0,1,Minor
KAG_001962,Kaggle_road_csv,0,,Wednesday,Unknown,Truck,Unknown,2,18-30,Unknown,No Priority To Vehicle,Normal,Dry,Daylight,0,0,2,Minor
KAG_001963,Kaggle_road_csv,0,,Monday,Unknown,Truck,Unknown,1,18-30,Unknown,Moving Backward,Normal,Dry,Darkness - Lights Lit,0,0,1,Fatal
KAG_001964,Kaggle_road_csv,0,,Friday,Unknown,Truck,Unknown,4,31-50,18-30,Driving Under The Influence Of Drugs,Normal,Dry,Darkness - Lights Lit,0,0,1,Minor
KAG_001965,Kaggle_road_csv,0,,Friday,Unknown,Truck,Unknown,4,31-50,Unknown,No Distancing,Normal,Dry,Darkness - Lights Lit,0,0,1,Minor
KAG_001966,Kaggle_road_csv,0,,Wednesday,Unknown,Truck,Unknown,2,18-30,31-50,Changing Lane To The Left,Normal,Dry,Daylight,0,0,1,Minor
KAG_001967,Kaggle_road_csv,0,,Wednesday,Unknown,Truck,Unknown,2,18-30,Unknown,No Priority To Vehicle,Raining,Wet Or Damp,Daylight,0,0,1,Minor
KAG_001968,Kaggle_road_csv,0,,Friday,Unknown,Truck,Unknown,2,31-50,Under 18,Changing Lane To The Left,Normal,Dry,Daylight,0,0,2,Serious
KAG_001969,Kaggle_road_csv,0,,Monday,Unknown,Truck,Unknown,2,31-50,Unknown,No Distancing,Normal,Dry,Daylight,0,0,1,Minor
KAG_001970,Kaggle_road_csv,0,,Friday,Unknown,Truck,Unknown,2,18-30,31-50,No Distancing,Raining,Wet Or Damp,Daylight,0,0,2,Minor
KAG_001971,Kaggle_road_csv,0,,Monday,Unknown,Truck,Unknown,2,18-30,Unknown,No Priority To Vehicle,Raining,Wet Or Damp,Darkness - Lights Lit,0,0,3,Minor
KAG_001972,Kaggle_road_csv,0,,Saturday,Unknown,Truck,Unknown,2,Over 51,Unknown,No Distancing,Normal,Dry,Daylight,0,0,4,Minor
KAG_001973,Kaggle_road_csv,0,,Wednesday,Unknown,Truck,Unknown,3,Under 18,18-30,Changing Lane To The Right,Normal,Dry,Daylight,0,0,1,Minor
KAG_001974,Kaggle_road_csv,0,,Wednesday,Unknown,Truck,Unknown,3,31-50,Over 51,No Distancing,Normal,Dry,Daylight,0,0,1,Minor
KAG_001975,Kaggle_road_csv,0,,Wednesday,Unknown,Truck,Unknown,3,Unknown,31-50,Overtaking,Normal,Dry,Daylight,0,0,1,Minor
KAG_001976,Kaggle_road_csv,0,,Thursday,Unknown,Truck,Unknown,2,31-50,Unknown,Driving To The Left,Normal,Dry,Daylight,0,0,1,Minor
KAG_001977,Kaggle_road_csv,0,,Monday,Unknown,Truck,Unknown,2,Unknown,18-30,Changing Lane To The Right,Normal,Wet Or Damp,Daylight,0,0,1,Minor
KAG_001978,Kaggle_road_csv,0,,Monday,Unknown,Truck,Unknown,2,31-50,31-50,Changing Lane To The Right,Normal,Wet Or Damp,Daylight,0,0,1,Minor
KAG_001979,Kaggle_road_csv,0,,Tuesday,Unknown,Truck,Unknown,2,31-50,Unknown,Moving Backward,Normal,Dry,Daylight,0,0,1,Minor
KAG_001980,Kaggle_road_csv,0,,Tuesday,Unknown,Truck,Unknown,2,Under 18,Over 51,Changing Lane To The Right,Raining,Wet Or Damp,Daylight,0,0,4,Minor
KAG_001981,Kaggle_road_csv,0,,Friday,Unknown,Truck,Unknown,2,Unknown,31-50,No Distancing,Raining,Wet Or Damp,Daylight,0,0,1,Minor
KAG_001982,Kaggle_road_csv,0,,Thursday,Unknown,Truck,Unknown,4,31-50,Unknown,No Priority To Vehicle,Normal,Wet Or Damp,Daylight,0,0,1,Minor
KAG_001983,Kaggle_road_csv,0,,Wednesday,Unknown,Truck,Unknown,2,Under 18,Unknown,Changing Lane To The Left,Normal,Wet Or Damp,Darkness - Lights Lit,0,0,1,Minor
KAG_001984,Kaggle_road_csv,0,,Wednesday,Unknown,Truck,Unknown,2,31-50,Under 18,Changing Lane To The Left,Normal,Wet Or Damp,Darkness - Lights Lit,0,0,1,Minor
KAG_001985,Kaggle_road_csv,0,,Monday,Unknown,Truck,Unknown,2,18-30,Unknown,Driving Under The Influence Of Drugs,Normal,Wet Or Damp,Daylight,0,0,1,Minor
KAG_001986,Kaggle_road_csv,0,,Saturday,Unknown,Truck,Unknown,2,Unknown,Over 51,No Priority To Vehicle,Normal,Dry,Daylight,0,0,3,Minor
KAG_001987,Kaggle_road_csv,0,,Saturday,Unknown,Truck,Unknown,2,31-50,Unknown,Changing Lane To The Right,Normal,Dry,Daylight,0,0,3,Minor
KAG_001988,Kaggle_road_csv,0,,Saturday,Unknown,Truck,Unknown,2,31-50,Unknown,No Distancing,Normal,Dry,Daylight,0,0,3,Minor
KAG_001989,Kaggle_road_csv,0,,Friday,Unknown,Truck,Unknown,3,31-50,31-50,No Priority To Vehicle,Normal,Dry,Daylight,0,0,2,Minor
KAG_001990,Kaggle_road_csv,0,,Friday,Unknown,Truck,Unknown,2,18-30,18-30,No Distancing,Normal,Dry,Daylight,0,0,2,Minor
KAG_001991,Kaggle_road_csv,0,,Monday,Unknown,Truck,Unknown,2,18-30,Unknown,No Priority To Vehicle,Normal,Wet Or Damp,Darkness - Lights Lit,0,0,1,Minor
KAG_001992,Kaggle_road_csv,0,,Wednesday,Unknown,Truck,Unknown,2,18-30,Under 18,No Distancing,Normal,Dry,Daylight,0,0,2,Serious
KAG_001993,Kaggle_road_csv,0,,Wednesday,Unknown,Truck,Unknown,3,18-30,18-30,Driving Carelessly,Normal,Dry,Daylight,0,0,3,Minor
KAG_001994,Kaggle_road_csv,0,,Wednesday,Unknown,Truck,Unknown,2,18-30,Unknown,Driving Carelessly,Normal,Dry,Darkness - Lights Lit,0,0,1,Serious
KAG_001995,Kaggle_road_csv,0,,Thursday,Unknown,Truck,Unknown,2,18-30,18-30,No Distancing,Normal,Dry,Daylight,0,0,1,Minor
KAG_001996,Kaggle_road_csv,0,,Tuesday,Unknown,Truck,Unknown,2,31-50,18-30,Getting Off The Vehicle Improperly,Normal,Wet Or Damp,Daylight,0,0,1,Minor
KAG_001997,Kaggle_road_csv,0,,Tuesday,Unknown,Truck,Unknown,2,Over 51,18-30,No Priority To Pedestrian,Normal,Wet Or Damp,Daylight,0,0,1,Minor
KAG_001998,Kaggle_road_csv,0,,Tuesday,Unknown,Truck,Unknown,1,31-50,18-30,No Distancing,Raining,Wet Or Damp,Daylight,0,0,1,Minor
KAG_001999,Kaggle_road_csv,0,,Thursday,Unknown,Truck,Unknown,2,Unknown,18-30,Driving Carelessly,Normal,Dry,Daylight,0,0,1,Serious
KAG_002000,Kaggle_road_csv,0,,Saturday,Unknown,Truck,Unknown,1,Under 18,Unknown,No Distancing,Raining,Wet Or Damp,Darkness - Lights Lit,0,0,1,Minor
KAG_002001,Kaggle_road_csv,0,,Wednesday,Unknown,Truck,Unknown,2,Unknown,Unknown,No Priority To Vehicle,Normal,Dry,Daylight,0,0,1,Minor
KAG_002002,Kaggle_road_csv,0,,Tuesday,Unknown,Truck,Unknown,2,31-50,Unknown,Driving Carelessly,Normal,Dry,Daylight,0,0,5,Minor
KAG_002003,Kaggle_road_csv,0,,Tuesday,Unknown,Truck,Unknown,2,Unknown,31-50,Changing Lane To The Right,Normal,Dry,Daylight,0,0,2,Minor
KAG_002004,Kaggle_road_csv,0,,Tuesday,Unknown,Truck,Unknown,2,18-30,31-50,Moving Backward,Normal,Dry,Daylight,0,0,2,Minor
KAG_002005,Kaggle_road_csv,0,,Wednesday,Unknown,Truck,Unknown,2,Unknown,18-30,Driving Under The Influence Of Drugs,Other,Wet Or Damp,Daylight,0,0,2,Minor
KAG_002006,Kaggle_road_csv,0,,Thursday,Unknown,Truck,Unknown,3,18-30,18-30,Drunk Driving,Normal,Dry,Daylight,0,0,2,Minor
KAG_002007,Kaggle_road_csv,0,,Thursday,Unknown,Truck,Unknown,3,18-30,Unknown,Changing Lane To The Left,Normal,Dry,Daylight,0,0,2,Minor
KAG_002008,Kaggle_road_csv,0,,Monday,Unknown,Truck,Unknown,2,18-30,Under 18,Changing Lane To The Left,Normal,Dry,Daylight,0,0,1,Minor
KAG_002009,Kaggle_road_csv,0,,Wednesday,Unknown,Truck,Unknown,2,31-50,Unknown,Overtaking,Normal,Dry,Daylight,0,0,1,Minor
KAG_002010,Kaggle_road_csv,0,,Saturday,Unknown,Truck,Unknown,2,Under 18,18-30,Other,Normal,Dry,Daylight,0,0,1,Minor
KAG_002011,Kaggle_road_csv,0,,Saturday,Unknown,Truck,Unknown,2,Over 51,Unknown,Changing Lane To The Right,Normal,Dry,Daylight,0,0,3,Fatal
KAG_002012,Kaggle_road_csv,0,,Friday,Unknown,Truck,Unknown,3,31-50,18-30,No Priority To Vehicle,Normal,Dry,Daylight,0,0,3,Minor
KAG_002013,Kaggle_road_csv,0,,Friday,Unknown,Truck,Unknown,3,31-50,Unknown,No Distancing,Normal,Dry,Daylight,0,0,3,Minor
KAG_002014,Kaggle_road_csv,0,,Wednesday,Unknown,Truck,Unknown,2,31-50,31-50,No Distancing,Other,Wet Or Damp,Daylight,0,0,1,Minor
KAG_002015,Kaggle_road_csv,0,,Monday,Unknown,Truck,Unknown,2,Under 18,Unknown,Overloading,Normal,Dry,Daylight,0,0,2,Minor
KAG_002016,Kaggle_road_csv,0,,Saturday,Unknown,Truck,Unknown,2,18-30,Under 18,Other,Normal,Dry,Darkness - Lights Lit,0,0,2,Serious
KAG_002017,Kaggle_road_csv,0,,Friday,Unknown,Truck,Unknown,3,18-30,Over 51,Driving Carelessly,Normal,Dry,Daylight,0,0,1,Minor
KAG_002018,Kaggle_road_csv,0,,Friday,Unknown,Truck,Unknown,2,18-30,18-30,Other,Normal,Dry,Daylight,0,0,1,Minor
KAG_002019,Kaggle_road_csv,0,,Saturday,Unknown,Truck,Unknown,2,Unknown,18-30,Overtaking,Normal,Dry,Darkness - Lights Lit,0,0,1,Serious
KAG_002020,Kaggle_road_csv,0,,Thursday,Unknown,Truck,Unknown,1,18-30,Unknown,Driving To The Left,Normal,Wet Or Damp,Darkness - Lights Lit,0,0,1,Serious
KAG_002021,Kaggle_road_csv,0,,Friday,Unknown,Truck,Unknown,2,Unknown,Unknown,No Priority To Vehicle,Normal,Dry,Darkness - Lights Lit,0,0,1,Minor
KAG_002022,Kaggle_road_csv,0,,Friday,Unknown,Truck,Unknown,1,31-50,Unknown,Driving Carelessly,Unknown,Dry,Daylight,0,0,1,Minor
KAG_002023,Kaggle_road_csv,0,,Monday,Unknown,Truck,Unknown,2,Unknown,Under 18,No Priority To Vehicle,Raining,Wet Or Damp,Darkness - Lights Lit,0,0,2,Minor
KAG_002024,Kaggle_road_csv,0,,Monday,Unknown,Truck,Unknown,2,31-50,Over 51,Changing Lane To The Right,Raining,Wet Or Damp,Darkness - Lights Lit,0,0,2,Minor
KAG_002025,Kaggle_road_csv,0,,Monday,Unknown,Truck,Unknown,2,31-50,Under 18,Changing Lane To The Left,Normal,Dry,Daylight,0,0,1,Minor
KAG_002026,Kaggle_road_csv,0,,Sunday,Unknown,Truck,Unknown,2,31-50,Over 51,No Distancing,Normal,Dry,Daylight,0,0,1,Minor
KAG_002027,Kaggle_road_csv,0,,Sunday,Unknown,Truck,Unknown,2,18-30,18-30,Changing Lane To The Left,Raining,Wet Or Damp,Daylight,0,0,3,Minor
KAG_002028,Kaggle_road_csv,0,,Sunday,Unknown,Truck,Unknown,2,Over 51,Unknown,No Distancing,Raining,Wet Or Damp,Daylight,0,0,3,Minor
KAG_002029,Kaggle_road_csv,0,,Saturday,Unknown,Truck,Unknown,2,Over 51,Unknown,Changing Lane To The Right,Raining,Wet Or Damp,Daylight,0,0,1,Minor
KAG_002030,Kaggle_road_csv,0,,Monday,Unknown,Truck,Unknown,2,Under 18,Unknown,Overturning,Windy,Dry,Daylight,0,0,1,Minor
KAG_002031,Kaggle_road_csv,0,,Friday,Unknown,Truck,Unknown,2,Over 51,Unknown,Moving Backward,Normal,Dry,Daylight,0,0,2,Minor
KAG_002032,Kaggle_road_csv,0,,Tuesday,Unknown,Truck,Unknown,1,Under 18,Unknown,Driving Carelessly,Normal,Dry,Daylight,0,0,1,Minor
KAG_002033,Kaggle_road_csv,0,,Saturday,Unknown,Truck,Unknown,2,18-30,Unknown,Changing Lane To The Right,Normal,Dry,Daylight,0,0,1,Minor
KAG_002034,Kaggle_road_csv,0,,Friday,Unknown,Truck,Unknown,3,Unknown,31-50,No Distancing,Raining,Wet Or Damp,Daylight,0,0,1,Minor
KAG_002035,Kaggle_road_csv,0,,Friday,Unknown,Truck,Unknown,2,18-30,31-50,Turnover,Normal,Dry,Darkness - Lights Lit,0,0,4,Minor
KAG_002036,Kaggle_road_csv,0,,Friday,Unknown,Truck,Unknown,2,31-50,31-50,Driving To The Left,Normal,Wet Or Damp,Darkness - Lights Lit,0,0,1,Minor
KAG_002037,Kaggle_road_csv,0,,Thursday,Unknown,Truck,Unknown,2,Over 51,18-30,Changing Lane To The Right,Raining,Wet Or Damp,Daylight,0,0,1,Minor
KAG_002038,Kaggle_road_csv,0,,Friday,Unknown,Truck,Unknown,1,18-30,Under 18,Driving Carelessly,Normal,Wet Or Damp,Daylight,0,0,1,Minor
KAG_002039,Kaggle_road_csv,0,,Wednesday,Unknown,Truck,Unknown,3,18-30,18-30,Changing Lane To The Right,Normal,Dry,Daylight,0,0,1,Serious
KAG_002040,Kaggle_road_csv,0,,Thursday,Unknown,Truck,Unknown,2,31-50,Unknown,Changing Lane To The Right,Normal,Dry,Darkness - Lights Lit,0,0,1,Serious
KAG_002041,Kaggle_road_csv,0,,Saturday,Unknown,Truck,Unknown,2,Under 18,31-50,Changing Lane To The Right,Normal,Dry,Daylight,0,0,1,Minor
KAG_002042,Kaggle_road_csv,0,,Friday,Unknown,Truck,Unknown,3,Over 51,18-30,No Distancing,Normal,Dry,Daylight,0,0,1,Minor
KAG_002043,Kaggle_road_csv,0,,Friday,Unknown,Truck,Unknown,3,18-30,Unknown,Other,Normal,Dry,Daylight,0,0,1,Minor