accident_id,source,year,month,day_of_week,state,vehicle_1,vehicle_2,vehicles_involved,party_age_group,victim_age_group,cause_of_accident,weather_condition,road_condition,lighting_condition,fatalities,injuries,casualties,severity
KAG_002044,Kaggle_road_csv,0,,Monday,Unknown,Truck,Unknown,3,31-50,Under 18,Changing Lane To The Right,Raining,Wet Or Damp,Daylight,0,0,5,Minor
KAG_002045,Kaggle_road_csv,0,,Saturday,Unknown,Truck,Unknown,2,31-50,31-50,Moving Backward,Other,Wet Or Damp,Darkness - Lights Lit,0,0,2,Minor
KAG_002046,Kaggle_road_csv,0,,Tuesday,Unknown,Truck,Unknown,2,18-30,18-30,Other,Normal,Dry,Darkness - Lights Lit,0,0,2,Minor
KAG_002047,Kaggle_road_csv,0,,Thursday,Unknown,Truck,Unknown,2,31-50,18-30,No Priority To Pedestrian,Normal,Wet Or Damp,Daylight,0,0,1,Minor
KAG_002048,Kaggle_road_csv,0,,Monday,Unknown,Truck,Unknown,2,Under 18,Under 18,Driving Carelessly,Other,Wet Or Damp,Darkness - Lights Lit,0,0,1,Minor
KAG_002049,Kaggle_road_csv,0,,Friday,Unknown,Truck,Unknown,1,31-50,Unknown,Changing Lane To The Left,Other,Wet Or Damp,Darkness - Lights Lit,0,0,1,Minor
KAG_002050,Kaggle_road_csv,0,,Friday,Unknown,Truck,Unknown,2,18-30,Over 51,Changing Lane To The Right,Normal,Dry,Darkness - Lights Lit,0,0,1,Minor
KAG_002051,Kaggle_road_csv,0,,Saturday,Unknown,Truck,Unknown,2,Unknown,Over 51,Changing Lane To The Right,Raining,Wet Or Damp,Daylight,0,0,1,Minor
KAG_002052,Kaggle_road_csv,0,,Saturday,Unknown,Truck,Unknown,2,18-30,Unknown,No Distancing,Raining,Wet Or Damp,Daylight,0,0,1,Minor
KAG_002053,Kaggle_road_csv,0,,Monday,Unknown,Truck,Unknown,2,Over 51,18-30,No Distancing,Raining,Wet Or Damp,Daylight,0,0,2,Minor
KAG_002054,Kaggle_road_csv,0,,Wednesday,Unknown,Truck,Unknown,2,18-30,31-50,No Distancing,Normal,Dry,Darkness - Lights Lit,0,0,1,Minor
KAG_002055,Kaggle_road_csv,0,,Sunday,Unknown,Truck,Unknown,2,31-50,Over 51,Changing Lane To The Left,Normal,Dry,Daylight,0,0,1,Minor
KAG_002056,Kaggle_road_csv,0,,Sunday,Unknown,Truck,Unknown,2,31-50,18-30,Overtaking,Normal,Dry,Daylight,0,0,1,Serious
KAG_002057,Kaggle_road_csv,0,,Sunday,Unknown,Truck,Unknown,2,Under 18,31-50,No Priority To Pedestrian,Other,Dry,Daylight,0,0,1,Serious
KAG_002058,Kaggle_road_csv,0,,Wednesday,Unknown,Truck,Unknown,3,18-30,Unknown,Changing Lane To The Left,Raining,Dry,Daylight,0,0,2,Serious
KAG_002059,Kaggle_road_csv,0,,Monday,Unknown,Truck,Unknown,3,31-50,18-30,Changing Lane To The Left,Normal,Dry,Daylight,0,0,1,Serious
KAG_002060,Kaggle_road_csv,0,,Thursday,Unknown,Truck,Unknown,2,Unknown,Unknown,No Distancing,Unknown,Dry,Daylight,0,0,1,Minor
KAG_002061,Kaggle_road_csv,0,,Friday,Unknown,Truck,Unknown,2,31-50,Over 51,Changing Lane To The Right,Normal,Dry,Daylight,0,0,4,Minor
KAG_002062,Kaggle_road_csv,0,,Friday,Unknown,Truck,Unknown,2,31-50,Unknown,Driving Carelessly,Normal,Dry,Daylight,0,0,4,Minor
KAG_002063,Kaggle_road_csv,0,,Saturday,Unknown,Truck,Unknown,2,Unknown,31-50,Driving To The Left,Normal,Dry,Daylight,0,0,1,Minor
KAG_002064,Kaggle_road_csv,0,,Saturday,Unknown,Truck,Unknown,2,31-50,Unknown,Changing Lane To The Right,Normal,Wet Or Damp,Daylight,0,0,2,Minor
KAG_002065,Kaggle_road_csv,0,,Thursday,Unknown,Truck,Unknown,2,31-50,18-30,Driving Carelessly,Normal,Dry,Darkness - Lights Lit,0,0,1,Minor
KAG_002066,Kaggle_road_csv,0,,Monday,Unknown,Truck,Unknown,2,Under 18,31-50,Overturning,Raining,Wet Or Damp,Daylight,0,0,2,Minor
KAG_002067,Kaggle_road_csv,0,,Monday,Unknown,Truck,Unknown,2,Under 18,Unknown,No Distancing,Raining,Wet Or Damp,Daylight,0,0,2,Minor
KAG_002068,Kaggle_road_csv,0,,Monday,Unknown,Truck,Unknown,2,31-50,18-30,Driving Carelessly,Raining,Wet Or Damp,Daylight,0,0,2,Minor
KAG_002069,Kaggle_road_csv,0,,Tuesday,Unknown,Truck,Unknown,2,Unknown,31-50,Changing Lane To The Left,Normal,Dry,Daylight,0,0,1,Minor
KAG_002070,Kaggle_road_csv,0,,Saturday,Unknown,Truck,Unknown,3,Over 51,Unknown,Changing Lane To The Left,Normal,Wet Or Damp,Daylight,0,0,4,Minor
KAG_002071,Kaggle_road_csv,0,,Monday,Unknown,Truck,Unknown,2,31-50,Unknown,Changing Lane To The Left,Normal,Dry,Daylight,0,0,1,Minor
KAG_002072,Kaggle_road_csv,0,,Sunday,Unknown,Truck,Unknown,1,18-30,31-50,No Distancing,Normal,Wet Or Damp,Daylight,0,0,1,Minor
KAG_002073,Kaggle_road_csv,0,,Sunday,Unknown,Truck,Unknown,2,Unknown,31-50,Changing Lane To The Right,Normal,Dry,Darkness - Lights Lit,0,0,1,Minor
KAG_002074,Kaggle_road_csv,0,,Friday,Unknown,Truck,Unknown,1,Unknown,Over 51,No Priority To Vehicle,Normal,Dry,Daylight,0,0,1,Minor
KAG_002075,Kaggle_road_csv,0,,Friday,Unknown,Truck,Unknown,2,Unknown,Unknown,No Distancing,Normal,Dry,Daylight,0,0,1,Minor
KAG_002076,Kaggle_road_csv,0,,Thursday,Unknown,Truck,Unknown,3,31-50,Under 18,Changing Lane To The Left,Normal,Dry,Daylight,0,0,1,Minor
KAG_002077,Kaggle_road_csv,0,,Friday,Unknown,Truck,Unknown,2,31-50,18-30,Changing Lane To The Right,Normal,Dry,Daylight,0,0,3,Minor
KAG_002078,Kaggle_road_csv,0,,Friday,Unknown,Truck,Unknown,2,31-50,Unknown,Changing Lane To The Left,Normal,Dry,Darkness - Lights Lit,0,0,4,Minor
KAG_002079,Kaggle_road_csv,0,,Friday,Unknown,Truck,Unknown,2,31-50,Unknown,No Distancing,Normal,Dry,Daylight,0,0,1,Minor
KAG_002080,Kaggle_road_csv,0,,Monday,Unknown,Truck,Unknown,2,18-30,18-30,Changing Lane To The Left,Normal,Dry,Daylight,0,0,1,Minor
KAG_002081,Kaggle_road_csv,0,,Monday,Unknown,Truck,Unknown,2,Unknown,31-50,Driving Carelessly,Normal,Dry,Daylight,0,0,1,Minor
KAG_002082,Kaggle_road_csv,0,,Sunday,Unknown,Truck,Unknown,2,Unknown,31-50,Driving Under The Influence Of Drugs,Normal,Dry,Daylight,0,0,1,Minor
KAG_002083,Kaggle_road_csv,0,,Monday,Unknown,Truck,Unknown,2,Under 18,18-30,Moving Backward,Normal,Dry,Daylight,0,0,2,Minor
KAG_002084,Kaggle_road_csv,0,,Monday,Unknown,Truck,Unknown,2,18-30,31-50,Changing Lane To The Left,Normal,Dry,Daylight,0,0,2,Minor
KAG_002085,Kaggle_road_csv,0,,Monday,Unknown,Truck,Unknown,3,Over 51,31-50,Driving Under The Influence Of Drugs,Normal,Dry,Daylight,0,0,1,Minor
KAG_002086,Kaggle_road_csv,0,,Wednesday,Unknown,Truck,Unknown,3,Unknown,Unknown,Changing Lane To The Left,Unknown,Dry,Daylight,0,0,3,Minor
KAG_002087,Kaggle_road_csv,0,,Wednesday,Unknown,Truck,Unknown,2,18-30,Over 51,Changing Lane To The Left,Normal,Dry,Daylight,0,0,1,Minor
KAG_002088,Kaggle_road_csv,0,,Friday,Unknown,Truck,Unknown,2,Unknown,Unknown,Moving Backward,Unknown,Dry,Daylight,0,0,2,Minor
KAG_002089,Kaggle_road_csv,0,,Friday,Unknown,Truck,Unknown,2,18-30,18-30,No Priority To Vehicle,Unknown,Dry,Daylight,0,0,2,Minor
KAG_002090,Kaggle_road_csv,0,,Friday,Unknown,Truck,Unknown,2,18-30,18-30,No Priority To Vehicle,Unknown,Dry,Daylight,0,0,2,Minor
KAG_002091,Kaggle_road_csv,0,,Sunday,Unknown,Truck,Unknown,2,31-50,31-50,No Distancing,Normal,Dry,Daylight,0,0,1,Minor
KAG_002092,Kaggle_road_csv,0,,Monday,Unknown,Truck,Unknown,2,Under 18,18-30,Driving Carelessly,Normal,Dry,Daylight,0,0,6,Minor
KAG_002093,Kaggle_road_csv,0,,Monday,Unknown,Truck,Unknown,2,Under 18,18-30,No Distancing,Normal,Dry,Daylight,0,0,6,Minor
KAG_002094,Kaggle_road_csv,0,,Tuesday,Unknown,Truck,Unknown,2,31-50,Unknown,No Distancing,Normal,Dry,Daylight,0,0,2,Minor
KAG_002095,Kaggle_road_csv,0,,Monday,Unknown,Truck,Unknown,2,Under 18,31-50,Changing Lane To The Left,Normal,Dry,Darkness - Lights Lit,0,0,1,Minor
KAG_002096,Kaggle_road_csv,0,,Saturday,Unknown,Truck,Unknown,2,31-50,31-50,Changing Lane To The Right,Normal,Dry,Daylight,0,0,1,Minor
KAG_002097,Kaggle_road_csv,0,,Wednesday,Unknown,Truck,Unknown,2,Unknown,31-50,No Priority To Vehicle,Normal,Dry,Daylight,0,0,1,Minor
KAG_002098,Kaggle_road_csv,0,,Friday,Unknown,Truck,Unknown,2,18-30,31-50,Changing Lane To The Right,Normal,Dry,Daylight,0,0,1,Minor
KAG_002099,Kaggle_road_csv,0,,Friday,Unknown,Truck,Unknown,2,18-30,Under 18,Changing Lane To The Right,Normal,Dry,Darkness - Lights Lit,0,0,2,Minor
KAG_002100,Kaggle_road_csv,0,,Wednesday,Unknown,Truck,Unknown,3,31-50,31-50,Changing Lane To The Left,Normal,Dry,Daylight,0,0,1,Minor
KAG_002101,Kaggle_road_csv,0,,Saturday,Unknown,Truck,Unknown,2,31-50,Unknown,No Priority To Vehicle,Normal,Dry,Daylight,0,0,2,Minor
KAG_002102,Kaggle_road_csv,0,,Wednesday,Unknown,Truck,Unknown,2,Unknown,Unknown,Changing Lane To The Left,Normal,Dry,Daylight,0,0,1,Minor
KAG_002103,Kaggle_road_csv,0,,Monday,Unknown,Truck,Unknown,2,31-50,Unknown,Driving Carelessly,Normal,Wet Or Damp,Daylight,0,0,2,Minor
KAG_002104,Kaggle_road_csv,0,,Wednesday,Unknown,Truck,Unknown,4,Unknown,18-30,No Priority To Vehicle,Normal,Dry,Daylight,0,0,5,Minor
KAG_002105,Kaggle_road_csv,0,,Wednesday,Unknown,Truck,Unknown,4,Unknown,Under 18,No Distancing,Normal,Dry,Daylight,0,0,5,Minor
KAG_002106,Kaggle_road_csv,0,,Wednesday,Unknown,Truck,Unknown,4,Over 51,Under 18,Moving Backward,Normal,Dry,Daylight,0,0,5,Minor
KAG_002107,Kaggle_road_csv,0,,Tuesday,Unknown,Truck,Unknown,2,Unknown,Unknown,Moving Backward,Normal,Dry,Daylight,0,0,1,Minor
KAG_002108,Kaggle_road_csv,0,,Tuesday,Unknown,Truck,Unknown,2,18-30,18-30,Changing Lane To The Left,Normal,Dry,Daylight,0,0,1,Minor
KAG_002109,Kaggle_road_csv,0,,Thursday,Unknown,Truck,Unknown,1,Over 51,Unknown,Changing Lane To The Right,Normal,Dry,Daylight,0,0,1,Minor
KAG_002110,Kaggle_road_csv,0,,Thursday,Unknown,Truck,Unknown,3,18-30,Unknown,No Distancing,Normal,Dry,Daylight,0,0,1,Minor
KAG_002111,Kaggle_road_csv,0,,Friday,Unknown,Truck,Unknown,2,18-30,18-30,Changing Lane To The Right,Normal,Dry,Daylight,0,0,1,Minor
KAG_002112,Kaggle_road_csv,0,,Thursday,Unknown,Truck,Unknown,2,31-50,Over 51,Driving Carelessly,Normal,Dry,Daylight,0,0,3,Minor
KAG_002113,Kaggle_road_csv,0,,Thursday,Unknown,Truck,Unknown,2,31-50,18-30,Moving Backward,Normal,Dry,Daylight,0,0,3,Minor
KAG_002114,Kaggle_road_csv,0,,Thursday,Unknown,Truck,Unknown,2,Over 51,Over 51,No Distancing,Normal,Dry,Daylight,0,0,1,Minor
KAG_002115,Kaggle_road_csv,0,,Sunday,Unknown,Truck,Unknown,2,18-30,18-30,Moving Backward,Normal,Dry,Daylight,0,0,1,Minor
KAG_002116,Kaggle_road_csv,0,,Friday,Unknown,Truck,Unknown,1,31-50,18-30,Changing Lane To The Right,Normal,Dry,Daylight,0,0,1,Minor
KAG_002117,Kaggle_road_csv,0,,Sunday,Unknown,Truck,Unknown,2,Unknown,Over 51,Moving Backward,Normal,Dry,Darkness - Lights Lit,0,0,3,Minor
KAG_002118,Kaggle_road_csv,0,,Sunday,Unknown,Truck,Unknown,2,31-50,Under 18,Changing Lane To The Right,Normal,Dry,Darkness - Lights Lit,0,0,3,Minor
KAG_002119,Kaggle_road_csv,0,,Friday,Unknown,Truck,Unknown,1,31-50,18-30,Moving Backward,Normal,Dry,Daylight,0,0,1,Minor
KAG_002120,Kaggle_road_csv,0,,Friday,Unknown,Truck,Unknown,2,Over 51,18-30,Changing Lane To The Left,Normal,Dry,Daylight,0,0,1,Minor
KAG_002121,Kaggle_road_csv,0,,Monday,Unknown,Truck,Unknown,1,31-50,Unknown,Changing Lane To The Right,Unknown,Dry,Daylight,0,0,1,Minor
KAG_002122,Kaggle_road_csv,0,,Monday,Unknown,Truck,Unknown,3,Unknown,Unknown,No Distancing,Normal,Dry,Daylight,0,0,1,Minor
KAG_002123,Kaggle_road_csv,0,,Monday,Unknown,Truck,Unknown,3,18-30,31-50,Changing Lane To The Right,Normal,Dry,Daylight,0,0,1,Minor
KAG_002124,Kaggle_road_csv,0,,Saturday,Unknown,Truck,Unknown,2,Over 51,18-30,No Priority To Vehicle,Raining,Wet Or Damp,Daylight,0,0,1,Minor
KAG_002125,Kaggle_road_csv,0,,Monday,Unknown,Truck,Unknown,1,31-50,Unknown,Turnover,Normal,Dry,Daylight,0,0,1,Minor
KAG_002126,Kaggle_road_csv,0,,Tuesday,Unknown,Truck,Unknown,1,18-30,Under 18,No Distancing,Normal,Dry,Daylight,0,0,1,Minor
KAG_002127,Kaggle_road_csv,0,,Monday,Unknown,Truck,Unknown,3,31-50,18-30,Changing Lane To The Left,Normal,Wet Or Damp,Daylight,0,0,1,Minor
KAG_002128,Kaggle_road_csv,0,,Saturday,Unknown,Truck,Unknown,2,31-50,Unknown,No Priority To Vehicle,Normal,Dry,Daylight,0,0,1,Minor
KAG_002129,Kaggle_road_csv,0,,Monday,Unknown,Truck,Unknown,2,18-30,Under 18,Overspeed,Normal,Dry,Daylight,0,0,2,Minor
KAG_002130,Kaggle_road_csv,0,,Saturday,Unknown,Truck,Unknown,3,31-50,18-30,Overspeed,Normal,Dry,Daylight,0,0,1,Serious
KAG_002131,Kaggle_road_csv,0,,Thursday,Unknown,Truck,Unknown,2,18-30,Over 51,No Distancing,Normal,Dry,Darkness - Lights Lit,0,0,1,Minor
KAG_002132,Kaggle_road_csv,0,,Thursday,Unknown,Truck,Unknown,2,18-30,18-30,No Priority To Vehicle,Normal,Dry,Darkness - Lights Lit,0,0,1,Minor
KAG_002133,Kaggle_road_csv,0,,Tuesday,Unknown,Truck,Unknown,2,31-50,18-30,Changing Lane To The Left,Normal,Dry,Daylight,0,0,1,Minor
KAG_002134,Kaggle_road_csv,0,,Friday,Unknown,Truck,Unknown,2,18-30,18-30,Driving Carelessly,Normal,Dry,Daylight,0,0,2,Minor
KAG_002135,Kaggle_road_csv,0,,Wednesday,Unknown,Truck,Unknown,2,31-50,Unknown,No Priority To Pedestrian,Normal,Dry,Daylight,0,0,1,Minor
KAG_002136,Kaggle_road_csv,0,,Saturday,Unknown,Truck,Unknown,2,Over 51,Unknown,Changing Lane To The Left,Normal,Dry,Daylight,0,0,1,Minor
KAG_002137,Kaggle_road_csv,0,,Saturday,Unknown,Truck,Unknown,2,Over 51,31-50,Changing Lane To The Left,Normal,Dry,Daylight,0,0,1,Minor
KAG_002138,Kaggle_road_csv,0,,Monday,Unknown,Truck,Unknown,2,Over 51,Unknown,No Distancing,Normal,Wet Or Damp,Daylight,0,0,1,Minor
KAG_002139,Kaggle_road_csv,0,,Monday,Unknown,Truck,Unknown,2,18-30,Over 51,Changing Lane To The Right,Normal,Dry,Daylight,0,0,1,Minor
KAG_002140,Kaggle_road_csv,0,,Monday,Unknown,Truck,Unknown,2,31-50,18-30,Changing Lane To The Right,Normal,Dry,Daylight,0,0,1,Minor
KAG_002141,Kaggle_road_csv,0,,Wednesday,Unknown,Truck,Unknown,2,18-30,18-30,Overturning,Normal,Dry,Daylight,0,0,1,Minor
KAG_002142,Kaggle_road_csv,0,,Wednesday,Unknown,Truck,Unknown,2,18-30,Unknown,No Distancing,Normal,Dry,Daylight,0,0,1,Minor
KAG_002143,Kaggle_road_csv,0,,Thursday,Unknown,Truck,Unknown,2,18-30,31-50,No Priority To Pedestrian,Normal,Dry,Daylight,0,0,1,Minor
KAG_002144,Kaggle_road_csv,0,,Friday,Unknown,Truck,Unknown,2,31-50,Under 18,Drunk Driving,Normal,Wet Or Damp,Daylight,0,0,1,Minor
KAG_002145,Kaggle_road_csv,0,,Friday,Unknown,Truck,Unknown,2,Unknown,Under 18,Driving Carelessly,Raining,Wet Or Damp,Daylight,0,0,2,Serious
KAG_002146,Kaggle_road_csv,0,,Sunday,Unknown,Truck,Unknown,2,18-30,18-30,Changing Lane To The Left,Normal,Dry,Darkness - Lights Lit,0,0,1,Minor
KAG_002147,Kaggle_road_csv,0,,Friday,Unknown,Truck,Unknown,2,18-30,Unknown,No Distancing,Normal,Dry,Daylight,0,0,1,Minor
KAG_002148,Kaggle_road_csv,0,,Friday,Unknown,Truck,Unknown,2,18-30,31-50,No Distancing,Normal,Dry,Daylight,0,0,1,Minor
KAG_002149,Kaggle_road_csv,0,,Saturday,Unknown,Truck,Unknown,3,31-50,Unknown,Changing Lane To The Right,Normal,Dry,Daylight,0,0,2,Minor
KAG_002150,Kaggle_road_csv,0,,Saturday,Unknown,Truck,Unknown,3,Unknown,18-30,No Distancing,Normal,Dry,Daylight,0,0,2,Minor
KAG_002151,Kaggle_road_csv,0,,Tuesday,Unknown,Truck,Unknown,1,31-50,31-50,Overturning,Normal,Dry,Daylight,0,0,1,Serious
KAG_002152,Kaggle_road_csv,0,,Friday,Unknown,Truck,Unknown,1,31-50,18-30,Overtaking,Normal,Dry,Daylight,0,0,1,Minor
KAG_002153,Kaggle_road_csv,0,,Wednesday,Unknown,Truck,Unknown,2,Unknown,Unknown,Changing Lane To The Right,Normal,Dry,Daylight,0,0,1,Minor
KAG_002154,Kaggle_road_csv,0,,Wednesday,Unknown,Truck,Unknown,2,Over 51,18-30,No Distancing,Normal,Dry,Daylight,0,0,1,Minor
KAG_002155,Kaggle_road_csv,0,,Thursday,Unknown,Truck,Unknown,3,18-30,Unknown,No Distancing,Normal,Dry,Daylight,0,0,4,Minor
KAG_002156,Kaggle_road_csv,0,,Thursday,Unknown,Truck,Unknown,3,18-30,31-50,Changing Lane To The Left,Normal,Dry,Daylight,0,0,4,Minor
KAG_002157,Kaggle_road_csv,0,,Saturday,Unknown,Truck,Unknown,2,18-30,Unknown,No Distancing,Normal,Dry,Darkness - Lights Lit,0,0,1,Minor
KAG_002158,Kaggle_road_csv,0,,Tuesday,Unknown,Truck,Unknown,2,31-50,Unknown,Driving To The Left,Normal,Dry,Daylight,0,0,1,Serious
KAG_002159,Kaggle_road_csv,0,,Tuesday,Unknown,Truck,Unknown,2,Unknown,Unknown,Changing Lane To The Right,Normal,Dry,Daylight,0,0,1,Serious
KAG_002160,Kaggle_road_csv,0,,Friday,Unknown,Truck,Unknown,2,Over 51,31-50,Driving Carelessly,Normal,Dry,Daylight,0,0,1,Minor
KAG_002161,Kaggle_road_csv,0,,Sunday,Unknown,Truck,Unknown,3,31-50,Unknown,Overtaking,Normal,Dry,Darkness - Lights Lit,0,0,1,Minor
KAG_002162,Kaggle_road_csv,0,,Monday,Unknown,Truck,Unknown,2,Unknown,Unknown,No Distancing,Normal,Dry,Daylight,0,0,1,Minor
KAG_002163,Kaggle_road_csv,0,,Wednesday,Unknown,Truck,Unknown,1,18-30,Unknown,Moving Backward,Other,Wet Or Damp,Darkness - Lights Lit,0,0,1,Minor
KAG_002164,Kaggle_road_csv,0,,Monday,Unknown,Truck,Unknown,2,31-50,Unknown,No Priority To Vehicle,Raining,Wet Or Damp,Daylight,0,0,5,Minor
KAG_002165,Kaggle_road_csv,0,,Monday,Unknown,Truck,Unknown,2,18-30,Under 18,No Distancing,Raining,Wet Or Damp,Daylight,0,0,5,Minor
KAG_002166,Kaggle_road_csv,0,,Friday,Unknown,Truck,Unknown,2,31-50,Under 18,No Priority To Vehicle,Normal,Dry,Daylight,0,0,1,Minor
KAG_002167,Kaggle_road_csv,0,,Friday,Unknown,Truck,Unknown,2,18-30,Under 18,Moving Backward,Other,Dry,Daylight,0,0,2,Minor
KAG_002168,Kaggle_road_csv,0,,Sunday,Unknown,Truck,Unknown,2,31-50,18-30,No Priority To Pedestrian,Normal,Dry,Daylight,0,0,1,Minor
KAG_002169,Kaggle_road_csv,0,,Sunday,Unknown,Truck,Unknown,2,Unknown,Under 18,No Distancing,Normal,Dry,Daylight,0,0,1,Minor
KAG_002170,Kaggle_road_csv,0,,Friday,Unknown,Truck,Unknown,2,18-30,Unknown,Changing Lane To The Left,Other,Dry,Daylight,0,0,2,Minor
KAG_002171,Kaggle_road_csv,0,,Friday,Unknown,Truck,Unknown,2,31-50,Over 51,No Distancing,Unknown,Dry,Darkness - Lights Lit,0,0,2,Minor
KAG_002172,Kaggle_road_csv,0,,Saturday,Unknown,Truck,Unknown,2,31-50,Unknown,No Distancing,Normal,Dry,Daylight,0,0,1,Minor
KAG_002173,Kaggle_road_csv,0,,Sunday,Unknown,Truck,Unknown,2,31-50,18-30,Changing Lane To The Right,Normal,Dry,Daylight,0,0,2,Minor
KAG_002174,Kaggle_road_csv,0,,Wednesday,Unknown,Truck,Unknown,2,Unknown,18-30,Moving Backward,Normal,Dry,Daylight,0,0,1,Minor
KAG_002175,Kaggle_road_csv,0,,Wednesday,Unknown,Truck,Unknown,3,18-30,18-30,Moving Backward,Normal,Dry,Daylight,0,0,2,Minor
KAG_002176,Kaggle_road_csv,0,,Friday,Unknown,Truck,Unknown,1,Unknown,Over 51,Driving Carelessly,Normal,Dry,Darkness - Lights Lit,0,0,1,Minor
KAG_002177,Kaggle_road_csv,0,,Wednesday,Unknown,Truck,Unknown,2,31-50,Unknown,No Priority To Vehicle,Normal,Wet Or Damp,Darkness - Lights Lit,0,0,1,Minor
KAG_002178,Kaggle_road_csv,0,,Monday,Unknown,Truck,Unknown,2,18-30,18-30,Moving Backward,Raining And Windy,Wet Or Damp,Daylight,0,0,1,Minor
KAG_002179,Kaggle_road_csv,0,,Tuesday,Unknown,Truck,Unknown,1,Unknown,31-50,Changing Lane To The Left,Raining,Wet Or Damp,Darkness - Lights Lit,0,0,1,Serious
KAG_002180,Kaggle_road_csv,0,,Wednesday,Unknown,Truck,Unknown,2,Unknown,Unknown,Moving Backward,Normal,Dry,Daylight,0,0,1,Minor
KAG_002181,Kaggle_road_csv,0,,Saturday,Unknown,Truck,Unknown,2,31-50,Unknown,No Distancing,Normal,Dry,Darkness - Lights Unlit,0,0,2,Serious
KAG_002182,Kaggle_road_csv,0,,Tuesday,Unknown,Truck,Unknown,2,18-30,Unknown,No Distancing,Normal,Dry,Daylight,0,0,2,Minor
KAG_002183,Kaggle_road_csv,0,,Monday,Unknown,Truck,Unknown,1,31-50,18-30,Overloading,Normal,Wet Or Damp,Darkness - Lights Lit,0,0,1,Minor
KAG_002184,Kaggle_road_csv,0,,Friday,Unknown,Truck,Unknown,1,18-30,Unknown,Driving Carelessly,Raining,Wet Or Damp,Darkness - Lights Lit,0,0,1,Minor
KAG_002185,Kaggle_road_csv,0,,Wednesday,Unknown,Truck,Unknown,4,31-50,Unknown,No Distancing,Normal,Dry,Daylight,0,0,2,Minor
KAG_002186,Kaggle_road_csv,0,,Wednesday,Unknown,Truck,Unknown,2,31-50,Under 18,Getting Off The Vehicle Improperly,Raining,Wet Or Damp,Daylight,0,0,1,Minor
KAG_002187,Kaggle_road_csv,0,,Sunday,Unknown,Truck,Unknown,2,18-30,31-50,Driving Carelessly,Normal,Wet Or Damp,Daylight,0,0,1,Minor
KAG_002188,Kaggle_road_csv,0,,Wednesday,Unknown,Truck,Unknown,2,31-50,31-50,Changing Lane To The Right,Normal,Wet Or Damp,Daylight,0,0,1,Serious
KAG_002189,Kaggle_road_csv,0,,Saturday,Unknown,Truck,Unknown,2,18-30,Over 51,No Distancing,Normal,Dry,Darkness - Lights Lit,0,0,3,Minor
KAG_002190,Kaggle_road_csv,0,,Saturday,Unknown,Truck,Unknown,2,18-30,Unknown,Moving Backward,Normal,Dry,Darkness - Lights Lit,0,0,3,Minor
KAG_002191,Kaggle_road_csv,0,,Saturday,Unknown,Truck,Unknown,1,31-50,Unknown,No Distancing,Normal,Wet Or Damp,Darkness - Lights Lit,0,0,1,Serious
KAG_002192,Kaggle_road_csv,0,,Wednesday,Unknown,Truck,Unknown,3,31-50,Unknown,Driving Carelessly,Normal,Wet Or Damp,Darkness - Lights Lit,0,0,1,Serious
KAG_002193,Kaggle_road_csv,0,,Thursday,Unknown,Truck,Unknown,2,Unknown,Unknown,Changing Lane To The Right,Other,Wet Or Damp,Darkness - Lights Lit,0,0,1,Minor
KAG_002194,Kaggle_road_csv,0,,Wednesday,Unknown,Truck,Unknown,1,Under 18,Unknown,Changing Lane To The Right,Normal,Wet Or Damp,Daylight,0,0,1,Minor
KAG_002195,Kaggle_road_csv,0,,Wednesday,Unknown,Truck,Unknown,2,Over 51,Unknown,Drunk Driving,Normal,Dry,Daylight,0,0,1,Minor
KAG_002196,Kaggle_road_csv,0,,Tuesday,Unknown,Truck,Unknown,1,Under 18,Unknown,Changing Lane To The Left,Normal,Wet Or Damp,Darkness - Lights Lit,0,0,2,Minor
KAG_002197,Kaggle_road_csv,0,,Monday,Unknown,Truck,Unknown,1,Over 51,Under 18,No Priority To Pedestrian,Raining,Wet Or Damp,Daylight,0,0,3,Minor
KAG_002198,Kaggle_road_csv,0,,Tuesday,Unknown,Truck,Unknown,2,31-50,Unknown,Moving Backward,Normal,Dry,Daylight,0,0,1,Serious
KAG_002199,Kaggle_road_csv,0,,Tuesday,Unknown,Truck,Unknown,2,31-50,Unknown,Overtaking,Normal,Dry,Daylight,0,0,1,Serious
KAG_002200,Kaggle_road_csv,0,,Wednesday,Unknown,Truck,Unknown,2,18-30,18-30,Overloading,Other,Dry,Darkness - Lights Lit,0,0,1,Minor
KAG_002201,Kaggle_road_csv,0,,Thursday,Unknown,Truck,Unknown,2,Unknown,Unknown,Other,Snow,Snow,Daylight,0,0,5,Minor
KAG_002202,Kaggle_road_csv,0,,Thursday,Unknown,Truck,Unknown,2,18-30,Over 51,No Priority To Pedestrian,Snow,Snow,Daylight,0,0,5,Minor
KAG_002203,Kaggle_road_csv,0,,Friday,Unknown,Truck,Unknown,2,18-30,18-30,Changing Lane To The Right,Normal,Dry,Daylight,0,0,1,Minor
KAG_002204,Kaggle_road_csv,0,,Sunday,Unknown,Truck,Unknown,2,31-50,Unknown,Changing Lane To The Right,Normal,Wet Or Damp,Darkness - Lights Lit,0,0,1,Minor