accident_id,source,year,month,day_of_week,state,vehicle_1,vehicle_2,vehicles_involved,party_age_group,victim_age_group,cause_of_accident,weather_condition,road_condition,lighting_condition,fatalities,injuries,casualties,severity
KAG_002524,Kaggle_road_csv,0,,Monday,Unknown,Truck,Unknown,3,18-30,Unknown,No Distancing,Normal,Dry,Daylight,0,0,1,Serious
KAG_002525,Kaggle_road_csv,0,,Saturday,Unknown,Truck,Unknown,2,18-30,Unknown,No Distancing,Normal,Dry,Darkness - Lights Lit,0,0,3,Minor
KAG_002526,Kaggle_road_csv,0,,Saturday,Unknown,Truck,Unknown,2,18-30,18-30,No Priority To Vehicle,Normal,Dry,Darkness - Lights Lit,0,0,3,Minor
KAG_002527,Kaggle_road_csv,0,,Wednesday,Unknown,Truck,Unknown,2,31-50,Unknown,No Priority To Pedestrian,Raining,Wet Or Damp,Daylight,0,0,1,Minor
KAG_002528,Kaggle_road_csv,0,,Sunday,Unknown,Truck,Unknown,4,31-50,Unknown,Driving Carelessly,Raining,Wet Or Damp,Daylight,0,0,1,Minor
KAG_002529,Kaggle_road_csv,0,,Sunday,Unknown,Truck,Unknown,4,Unknown,Unknown,Overtaking,Raining,Wet Or Damp,Daylight,0,0,1,Minor
KAG_002530,Kaggle_road_csv,0,,Thursday,Unknown,Truck,Unknown,2,18-30,Unknown,Changing Lane To The Left,Normal,Dry,Daylight,0,0,1,Minor
KAG_002531,Kaggle_road_csv,0,,Thursday,Unknown,Truck,Unknown,2,31-50,Unknown,No Priority To Pedestrian,Normal,Dry,Daylight,0,0,1,Minor
KAG_002532,Kaggle_road_csv,0,,Tuesday,Unknown,Truck,Unknown,1,Over 51,Under 18,Overtaking,Normal,Dry,Daylight,0,0,1,Minor
KAG_002533,Kaggle_road_csv,0,,Wednesday,Unknown,Truck,Unknown,2,31-50,31-50,Overturning,Normal,Dry,Daylight,0,0,1,Minor
KAG_002534,Kaggle_road_csv,0,,Wednesday,Unknown,Truck,Unknown,2,31-50,Unknown,Driving Carelessly,Normal,Dry,Daylight,0,0,1,Minor
KAG_002535,Kaggle_road_csv,0,,Wednesday,Unknown,Truck,Unknown,2,31-50,18-30,No Distancing,Normal,Dry,Daylight,0,0,1,Minor
KAG_002536,Kaggle_road_csv,0,,Friday,Unknown,Truck,Unknown,2,31-50,Unknown,No Distancing,Normal,Dry,Daylight,0,0,1,Minor
KAG_002537,Kaggle_road_csv,0,,Friday,Unknown,Truck,Unknown,3,31-50,18-30,Driving Carelessly,Normal,Dry,Daylight,0,0,3,Minor
KAG_002538,Kaggle_road_csv,0,,Tuesday,Unknown,Truck,Unknown,1,18-30,Unknown,Other,Normal,Dry,Daylight,0,0,1,Serious
KAG_002539,Kaggle_road_csv,0,,Tuesday,Unknown,Truck,Unknown,2,18-30,18-30,No Distancing,Normal,Dry,Daylight,0,0,1,Minor
KAG_002540,Kaggle_road_csv,0,,Tuesday,Unknown,Truck,Unknown,6,18-30,Unknown,Other,Normal,Dry,Daylight,0,0,2,Serious
KAG_002541,Kaggle_road_csv,0,,Tuesday,Unknown,Truck,Unknown,6,31-50,Unknown,Other,Normal,Dry,Daylight,0,0,2,Serious
KAG_002542,Kaggle_road_csv,0,,Thursday,Unknown,Truck,Unknown,1,31-50,18-30,Turnover,Normal,Dry,Daylight,0,0,1,Minor
KAG_002543,Kaggle_road_csv,0,,Tuesday,Unknown,Truck,Unknown,1,31-50,18-30,Driving To The Left,Normal,Dry,Daylight,0,0,1,Minor
KAG_002544,Kaggle_road_csv,0,,Tuesday,Unknown,Truck,Unknown,1,31-50,Unknown,Driving Carelessly,Normal,Dry,Daylight,0,0,2,Serious
KAG_002545,Kaggle_road_csv,0,,Sunday,Unknown,Truck,Unknown,2,18-30,31-50,Changing Lane To The Right,Normal,Dry,Daylight,0,0,1,Serious
KAG_002546,Kaggle_road_csv,0,,Saturday,Unknown,Truck,Unknown,2,Over 51,31-50,Driving Carelessly,Normal,Dry,Daylight,0,0,1,Serious
KAG_002547,Kaggle_road_csv,0,,Friday,Unknown,Truck,Unknown,1,18-30,Unknown,Other,Normal,Dry,Daylight,0,0,1,Minor
KAG_002548,Kaggle_road_csv,0,,Saturday,Unknown,Truck,Unknown,1,18-30,31-50,Changing Lane To The Left,Normal,Dry,Daylight,0,0,1,Minor
KAG_002549,Kaggle_road_csv,0,,Tuesday,Unknown,Truck,Unknown,1,18-30,Under 18,Moving Backward,Raining,Wet Or Damp,Daylight,0,0,1,Minor
KAG_002550,Kaggle_road_csv,0,,Saturday,Unknown,Truck,Unknown,2,Over 51,Under 18,Moving Backward,Raining,Wet Or Damp,Daylight,0,0,2,Minor
KAG_002551,Kaggle_road_csv,0,,Saturday,Unknown,Truck,Unknown,2,Over 51,Unknown,No Distancing,Raining,Wet Or Damp,Daylight,0,0,2,Minor
KAG_002552,Kaggle_road_csv,0,,Thursday,Unknown,Truck,Unknown,1,18-30,18-30,No Priority To Pedestrian,Normal,Dry,Daylight,0,0,1,Minor
KAG_002553,Kaggle_road_csv,0,,Monday,Unknown,Truck,Unknown,2,31-50,Unknown,Other,Raining,Wet Or Damp,Daylight,0,0,2,Minor
KAG_002554,Kaggle_road_csv,0,,Monday,Unknown,Truck,Unknown,1,18-30,Unknown,No Distancing,Raining,Wet Or Damp,Daylight,0,0,2,Minor
KAG_002555,Kaggle_road_csv,0,,Monday,Unknown,Truck,Unknown,1,18-30,Over 51,No Priority To Pedestrian,Raining,Wet Or Damp,Daylight,0,0,2,Minor
KAG_002556,Kaggle_road_csv,0,,Wednesday,Unknown,Truck,Unknown,2,Over 51,31-50,No Distancing,Normal,Dry,Daylight,0,0,2,Minor
KAG_002557,Kaggle_road_csv,0,,Sunday,Unknown,Truck,Unknown,2,31-50,18-30,Moving Backward,Raining,Wet Or Damp,Daylight,0,0,4,Minor
KAG_002558,Kaggle_road_csv,0,,Friday,Unknown,Truck,Unknown,1,18-30,Under 18,Changing Lane To The Left,Normal,Dry,Daylight,0,0,1,Minor
KAG_002559,Kaggle_road_csv,0,,Thursday,Unknown,Truck,Unknown,2,18-30,Under 18,Driving At High Speed,Normal,Dry,Daylight,0,0,1,Minor
KAG_002560,Kaggle_road_csv,0,,Monday,Unknown,Truck,Unknown,2,Under 18,Over 51,Changing Lane To The Left,Normal,Dry,Daylight,0,0,1,Minor
KAG_002561,Kaggle_road_csv,0,,Monday,Unknown,Truck,Unknown,2,31-50,31-50,No Distancing,Normal,Dry,Daylight,0,0,1,Minor
KAG_002562,Kaggle_road_csv,0,,Wednesday,Unknown,Truck,Unknown,2,18-30,Unknown,Moving Backward,Normal,Dry,Daylight,0,0,1,Minor
KAG_002563,Kaggle_road_csv,0,,Saturday,Unknown,Truck,Unknown,2,18-30,Under 18,Changing Lane To The Left,Normal,Dry,Daylight,0,0,1,Serious
KAG_002564,Kaggle_road_csv,0,,Wednesday,Unknown,Truck,Unknown,2,Unknown,31-50,Driving Carelessly,Normal,Dry,Daylight,0,0,1,Minor
KAG_002565,Kaggle_road_csv,0,,Saturday,Unknown,Truck,Unknown,6,18-30,Unknown,Changing Lane To The Left,Normal,Dry,Darkness - Lights Lit,0,0,2,Minor
KAG_002566,Kaggle_road_csv,0,,Tuesday,Unknown,Truck,Unknown,4,Over 51,Unknown,Moving Backward,Normal,Dry,Daylight,0,0,2,Minor
KAG_002567,Kaggle_road_csv,0,,Tuesday,Unknown,Truck,Unknown,3,Over 51,18-30,Driving Carelessly,Normal,Dry,Daylight,0,0,1,Minor
KAG_002568,Kaggle_road_csv,0,,Thursday,Unknown,Truck,Unknown,1,Over 51,31-50,Changing Lane To The Left,Normal,Dry,Daylight,0,0,2,Serious
KAG_002569,Kaggle_road_csv,0,,Monday,Unknown,Truck,Unknown,3,18-30,Unknown,Changing Lane To The Left,Normal,Dry,Daylight,0,0,2,Minor
KAG_002570,Kaggle_road_csv,0,,Wednesday,Unknown,Truck,Unknown,1,18-30,31-50,Changing Lane To The Left,Normal,Dry,Daylight,0,0,1,Minor
KAG_002571,Kaggle_road_csv,0,,Friday,Unknown,Truck,Unknown,3,18-30,Unknown,Changing Lane To The Right,Normal,Dry,Daylight,0,0,1,Minor
KAG_002572,Kaggle_road_csv,0,,Friday,Unknown,Truck,Unknown,3,18-30,Unknown,Changing Lane To The Right,Normal,Dry,Daylight,0,0,1,Minor
KAG_002573,Kaggle_road_csv,0,,Thursday,Unknown,Truck,Unknown,2,31-50,31-50,Other,Normal,Dry,Daylight,0,0,2,Minor
KAG_002574,Kaggle_road_csv,0,,Monday,Unknown,Truck,Unknown,2,18-30,18-30,No Priority To Vehicle,Raining,Wet Or Damp,Darkness - Lights Lit,0,0,3,Minor
KAG_002575,Kaggle_road_csv,0,,Monday,Unknown,Truck,Unknown,2,18-30,Unknown,Changing Lane To The Left,Raining,Wet Or Damp,Darkness - Lights Lit,0,0,3,Minor
KAG_002576,Kaggle_road_csv,0,,Thursday,Unknown,Truck,Unknown,1,18-30,Over 51,No Priority To Vehicle,Normal,Dry,Daylight,0,0,1,Minor
KAG_002577,Kaggle_road_csv,0,,Saturday,Unknown,Truck,Unknown,2,18-30,Over 51,Changing Lane To The Right,Normal,Dry,Daylight,0,0,1,Minor
KAG_002578,Kaggle_road_csv,0,,Sunday,Unknown,Truck,Unknown,2,Over 51,Unknown,Driving Carelessly,Normal,Dry,Daylight,0,0,1,Minor
KAG_002579,Kaggle_road_csv,0,,Friday,Unknown,Truck,Unknown,2,31-50,31-50,No Priority To Vehicle,Normal,Dry,Daylight,0,0,1,Minor
KAG_002580,Kaggle_road_csv,0,,Tuesday,Unknown,Truck,Unknown,2,18-30,18-30,Driving Carelessly,Normal,Dry,Daylight,0,0,1,Minor
KAG_002581,Kaggle_road_csv,0,,Saturday,Unknown,Truck,Unknown,3,31-50,31-50,Changing Lane To The Left,Normal,Dry,Daylight,0,0,3,Minor
KAG_002582,Kaggle_road_csv,0,,Thursday,Unknown,Truck,Unknown,2,18-30,Over 51,Changing Lane To The Left,Normal,Dry,Daylight,0,0,1,Minor
KAG_002583,Kaggle_road_csv,0,,Sunday,Unknown,Truck,Unknown,2,31-50,Unknown,Driving To The Left,Normal,Dry,Daylight,0,0,1,Minor
KAG_002584,Kaggle_road_csv,0,,Sunday,Unknown,Truck,Unknown,2,31-50,Unknown,No Distancing,Normal,Dry,Daylight,0,0,1,Minor
KAG_002585,Kaggle_road_csv,0,,Wednesday,Unknown,Truck,Unknown,2,31-50,18-30,Changing Lane To The Left,Normal,Dry,Daylight,0,0,1,Minor
KAG_002586,Kaggle_road_csv,0,,Monday,Unknown,Truck,Unknown,2,31-50,31-50,Driving Under The Influence Of Drugs,Normal,Dry,Darkness - Lights Lit,0,0,1,Minor
KAG_002587,Kaggle_road_csv,0,,Thursday,Unknown,Truck,Unknown,1,31-50,18-30,No Priority To Vehicle,Normal,Dry,Daylight,0,0,4,Minor
KAG_002588,Kaggle_road_csv,0,,Wednesday,Unknown,Truck,Unknown,1,Over 51,18-30,Changing Lane To The Left,Normal,Dry,Daylight,0,0,1,Minor
KAG_002589,Kaggle_road_csv,0,,Wednesday,Unknown,Truck,Unknown,2,31-50,Under 18,Overtaking,Normal,Wet Or Damp,Darkness - Lights Lit,0,0,1,Serious
KAG_002590,Kaggle_road_csv,0,,Wednesday,Unknown,Truck,Unknown,2,31-50,Under 18,Changing Lane To The Left,Normal,Wet Or Damp,Darkness - Lights Lit,0,0,1,Serious
KAG_002591,Kaggle_road_csv,0,,Sunday,Unknown,Truck,Unknown,1,Over 51,Unknown,Driving Under The Influence Of Drugs,Normal,Dry,Daylight,0,0,2,Minor
KAG_002592,Kaggle_road_csv,0,,Thursday,Unknown,Truck,Unknown,3,18-30,18-30,Driving Under The Influence Of Drugs,Normal,Dry,Daylight,0,0,1,Minor
KAG_002593,Kaggle_road_csv,0,,Sunday,Unknown,Truck,Unknown,2,Over 51,Over 51,Driving Carelessly,Normal,Dry,Darkness - Lights Lit,0,0,1,Minor
KAG_002594,Kaggle_road_csv,0,,Monday,Unknown,Truck,Unknown,1,31-50,Unknown,Changing Lane To The Right,Normal,Dry,Daylight,0,0,1,Minor
KAG_002595,Kaggle_road_csv,0,,Monday,Unknown,Truck,Unknown,3,31-50,18-30,Overtaking,Normal,Dry,Darkness - Lights Unlit,0,0,1,Minor
KAG_002596,Kaggle_road_csv,0,,Friday,Unknown,Truck,Unknown,3,31-50,Unknown,Moving Backward,Normal,Dry,Daylight,0,0,1,Minor
KAG_002597,Kaggle_road_csv,0,,Friday,Unknown,Truck,Unknown,3,18-30,Under 18,Getting Off The Vehicle Improperly,Normal,Dry,Daylight,0,0,1,Minor
KAG_002598,Kaggle_road_csv,0,,Monday,Unknown,Truck,Unknown,2,Under 18,Over 51,Changing Lane To The Left,Normal,Dry,Daylight,0,0,1,Minor
KAG_002599,Kaggle_road_csv,0,,Monday,Unknown,Truck,Unknown,2,Over 51,Unknown,No Priority To Vehicle,Normal,Dry,Daylight,0,0,1,Minor
KAG_002600,Kaggle_road_csv,0,,Saturday,Unknown,Truck,Unknown,1,31-50,Unknown,Changing Lane To The Right,Normal,Wet Or Damp,Daylight,0,0,1,Minor
KAG_002601,Kaggle_road_csv,0,,Sunday,Unknown,Truck,Unknown,1,18-30,18-30,Changing Lane To The Right,Normal,Dry,Darkness - Lights Lit,0,0,3,Minor
KAG_002602,Kaggle_road_csv,0,,Friday,Unknown,Truck,Unknown,2,31-50,Over 51,No Priority To Vehicle,Raining,Wet Or Damp,Darkness - Lights Lit,0,0,1,Serious
KAG_002603,Kaggle_road_csv,0,,Thursday,Unknown,Truck,Unknown,1,Under 18,Unknown,Moving Backward,Normal,Wet Or Damp,Darkness - Lights Lit,0,0,2,Serious
KAG_002604,Kaggle_road_csv,0,,Friday,Unknown,Truck,Unknown,1,18-30,31-50,Changing Lane To The Right,Raining,Wet Or Damp,Darkness - Lights Lit,0,0,4,Minor
KAG_002605,Kaggle_road_csv,0,,Saturday,Unknown,Truck,Unknown,1,18-30,Unknown,Driving To The Left,Normal,Dry,Daylight,0,0,1,Minor
KAG_002606,Kaggle_road_csv,0,,Friday,Unknown,Truck,Unknown,1,Under 18,31-50,Moving Backward,Raining,Wet Or Damp,Daylight,0,0,1,Minor
KAG_002607,Kaggle_road_csv,0,,Saturday,Unknown,Truck,Unknown,2,Under 18,Over 51,Driving Carelessly,Raining,Wet Or Damp,Darkness - Lights Lit,0,0,1,Minor
KAG_002608,Kaggle_road_csv,0,,Tuesday,Unknown,Truck,Unknown,2,18-30,Unknown,Driving Under The Influence Of Drugs,Normal,Wet Or Damp,Darkness - Lights Lit,0,0,1,Minor
KAG_002609,Kaggle_road_csv,0,,Monday,Unknown,Truck,Unknown,2,18-30,18-30,No Priority To Vehicle,Normal,Dry,Daylight,0,0,2,Minor
KAG_002610,Kaggle_road_csv,0,,Saturday,Unknown,Truck,Unknown,2,18-30,31-50,No Priority To Vehicle,Raining,Wet Or Damp,Darkness - Lights Lit,0,0,1,Minor
KAG_002611,Kaggle_road_csv,0,,Saturday,Unknown,Truck,Unknown,2,18-30,31-50,No Distancing,Raining,Wet Or Damp,Darkness - Lights Lit,0,0,1,Minor
KAG_002612,Kaggle_road_csv,0,,Wednesday,Unknown,Truck,Unknown,2,31-50,31-50,Changing Lane To The Left,Raining,Wet Or Damp,Daylight,0,0,3,Minor
KAG_002613,Kaggle_road_csv,0,,Wednesday,Unknown,Truck,Unknown,2,31-50,18-30,No Priority To Pedestrian,Raining,Wet Or Damp,Daylight,0,0,3,Minor
KAG_002614,Kaggle_road_csv,0,,Tuesday,Unknown,Truck,Unknown,2,Over 51,31-50,No Distancing,Normal,Wet Or Damp,Darkness - Lights Lit,0,0,1,Minor
KAG_002615,Kaggle_road_csv,0,,Thursday,Unknown,Truck,Unknown,2,18-30,Unknown,Changing Lane To The Right,Windy,Wet Or Damp,Darkness - Lights Lit,0,0,1,Minor
KAG_002616,Kaggle_road_csv,0,,Thursday,Unknown,Truck,Unknown,2,31-50,Unknown,Overtaking,Windy,Wet Or Damp,Darkness - Lights Lit,0,0,1,Minor
KAG_002617,Kaggle_road_csv,0,,Thursday,Unknown,Truck,Unknown,2,31-50,Under 18,Moving Backward,Raining,Wet Or Damp,Darkness - Lights Lit,0,0,1,Minor
KAG_002618,Kaggle_road_csv,0,,Friday,Unknown,Truck,Unknown,2,18-30,18-30,Driving Carelessly,Raining,Wet Or Damp,Darkness - Lights Lit,0,0,3,Serious
KAG_002619,Kaggle_road_csv,0,,Tuesday,Unknown,Truck,Unknown,6,Unknown,Over 51,No Distancing,Normal,Dry,Daylight,0,0,1,Minor
KAG_002620,Kaggle_road_csv,0,,Tuesday,Unknown,Truck,Unknown,6,Unknown,31-50,Changing Lane To The Left,Normal,Dry,Daylight,0,0,1,Minor
KAG_002621,Kaggle_road_csv,0,,Tuesday,Unknown,Truck,Unknown,2,18-30,Unknown,Moving Backward,Raining,Wet Or Damp,Darkness - No Lighting,0,0,1,Minor
KAG_002622,Kaggle_road_csv,0,,Tuesday,Unknown,Truck,Unknown,2,31-50,18-30,Driving To The Left,Normal,Wet Or Damp,Darkness - Lights Lit,0,0,2,Minor
KAG_002623,Kaggle_road_csv,0,,Thursday,Unknown,Truck,Unknown,2,31-50,Unknown,Driving At High Speed,Raining,Wet Or Damp,Daylight,0,0,3,Minor
KAG_002624,Kaggle_road_csv,0,,Thursday,Unknown,Truck,Unknown,2,18-30,31-50,Turnover,Normal,Dry,Daylight,0,0,1,Minor
KAG_002625,Kaggle_road_csv,0,,Monday,Unknown,Truck,Unknown,2,18-30,31-50,No Distancing,Normal,Wet Or Damp,Darkness - Lights Lit,0,0,1,Minor
KAG_002626,Kaggle_road_csv,0,,Friday,Unknown,Truck,Unknown,2,18-30,Under 18,No Distancing,Raining,Wet Or Damp,Darkness - Lights Lit,0,0,2,Minor
KAG_002627,Kaggle_road_csv,0,,Saturday,Unknown,Truck,Unknown,2,Over 51,Unknown,No Priority To Vehicle,Raining,Wet Or Damp,Darkness - Lights Lit,0,0,2,Minor
KAG_002628,Kaggle_road_csv,0,,Saturday,Unknown,Truck,Unknown,2,Over 51,18-30,Moving Backward,Raining,Wet Or Damp,Darkness - Lights Lit,0,0,2,Minor
KAG_002629,Kaggle_road_csv,0,,Tuesday,Unknown,Truck,Unknown,2,18-30,Over 51,Driving Under The Influence Of Drugs,Normal,Dry,Darkness - Lights Lit,0,0,1,Minor
KAG_002630,Kaggle_road_csv,0,,Sunday,Unknown,Truck,Unknown,2,Under 18,Unknown,Overspeed,Normal,Wet Or Damp,Darkness - Lights Lit,0,0,2,Serious
KAG_002631,Kaggle_road_csv,0,,Monday,Unknown,Truck,Unknown,3,31-50,31-50,Changing Lane To The Right,Normal,Dry,Daylight,0,0,1,Minor
KAG_002632,Kaggle_road_csv,0,,Thursday,Unknown,Truck,Unknown,2,18-30,Unknown,Changing Lane To The Right,Other,Wet Or Damp,Daylight,0,0,1,Minor
KAG_002633,Kaggle_road_csv,0,,Saturday,Unknown,Truck,Unknown,1,18-30,18-30,Moving Backward,Normal,Dry,Daylight,0,0,1,Minor
KAG_002634,Kaggle_road_csv,0,,Thursday,Unknown,Truck,Unknown,4,18-30,18-30,No Distancing,Normal,Wet Or Damp,Darkness - Lights Lit,0,0,2,Minor
KAG_002635,Kaggle_road_csv,0,,Monday,Unknown,Truck,Unknown,4,18-30,Under 18,No Distancing,Normal,Dry,Daylight,0,0,1,Minor
KAG_002636,Kaggle_road_csv,0,,Saturday,Unknown,Truck,Unknown,3,31-50,18-30,No Distancing,Snow,Snow,Daylight,0,0,2,Minor
KAG_002637,Kaggle_road_csv,0,,Saturday,Unknown,Truck,Unknown,3,Over 51,Unknown,Drunk Driving,Snow,Snow,Daylight,0,0,2,Minor
KAG_002638,Kaggle_road_csv,0,,Saturday,Unknown,Truck,Unknown,3,Over 51,Unknown,Moving Backward,Snow,Snow,Daylight,0,0,2,Minor
KAG_002639,Kaggle_road_csv,0,,Saturday,Unknown,Truck,Unknown,3,18-30,Over 51,Changing Lane To The Left,Snow,Snow,Daylight,0,0,2,Minor
KAG_002640,Kaggle_road_csv,0,,Wednesday,Unknown,Truck,Unknown,4,Unknown,31-50,No Distancing,Normal,Snow,Daylight,0,0,2,Minor
KAG_002641,Kaggle_road_csv,0,,Sunday,Unknown,Truck,Unknown,2,18-30,31-50,Driving Carelessly,Snow,Wet Or Damp,Daylight,0,0,1,Minor
KAG_002642,Kaggle_road_csv,0,,Friday,Unknown,Truck,Unknown,2,18-30,Over 51,Changing Lane To The Right,Normal,Dry,Darkness - Lights Lit,0,0,1,Minor
KAG_002643,Kaggle_road_csv,0,,Sunday,Unknown,Truck,Unknown,2,Unknown,Unknown,Changing Lane To The Right,Normal,Dry,Darkness - Lights Lit,0,0,1,Serious
KAG_002644,Kaggle_road_csv,0,,Sunday,Unknown,Truck,Unknown,2,18-30,Over 51,Driving Carelessly,Normal,Dry,Darkness - Lights Lit,0,0,1,Serious
KAG_002645,Kaggle_road_csv,0,,Thursday,Unknown,Truck,Unknown,2,18-30,18-30,Driving Carelessly,Normal,Wet Or Damp,Darkness - Lights Lit,0,0,2,Minor
KAG_002646,Kaggle_road_csv,0,,Monday,Unknown,Truck,Unknown,2,18-30,18-30,Moving Backward,Normal,Dry,Darkness - No Lighting,0,0,2,Minor
KAG_002647,Kaggle_road_csv,0,,Monday,Unknown,Truck,Unknown,2,18-30,Under 18,Changing Lane To The Right,Normal,Dry,Darkness - No Lighting,0,0,2,Minor
KAG_002648,Kaggle_road_csv,0,,Sunday,Unknown,Truck,Unknown,2,31-50,31-50,No Distancing,Raining,Wet Or Damp,Daylight,0,0,2,Minor
KAG_002649,Kaggle_road_csv,0,,Tuesday,Unknown,Truck,Unknown,2,31-50,Unknown,No Priority To Vehicle,Normal,Dry,Daylight,0,0,1,Minor
KAG_002650,Kaggle_road_csv,0,,Saturday,Unknown,Truck,Unknown,2,31-50,18-30,Driving Carelessly,Normal,Dry,Darkness - Lights Lit,0,0,1,Minor
KAG_002651,Kaggle_road_csv,0,,Friday,Unknown,Truck,Unknown,2,18-30,Unknown,No Distancing,Normal,Dry,Daylight,0,0,1,Minor
KAG_002652,Kaggle_road_csv,0,,Saturday,Unknown,Truck,Unknown,2,18-30,31-50,Driving Carelessly,Normal,Dry,Daylight,0,0,1,Minor
KAG_002653,Kaggle_road_csv,0,,Saturday,Unknown,Truck,Unknown,2,31-50,Over 51,No Distancing,Normal,Dry,Daylight,0,0,1,Minor
KAG_002654,Kaggle_road_csv,0,,Tuesday,Unknown,Truck,Unknown,1,18-30,Unknown,Driving Carelessly,Windy,Wet Or Damp,Darkness - Lights Lit,0,0,1,Serious
KAG_002655,Kaggle_road_csv,0,,Tuesday,Unknown,Truck,Unknown,2,Over 51,Unknown,No Priority To Vehicle,Normal,Dry,Daylight,0,0,1,Serious
KAG_002656,Kaggle_road_csv,0,,Saturday,Unknown,Truck,Unknown,2,31-50,31-50,Changing Lane To The Left,Normal,Dry,Daylight,0,0,2,Minor
KAG_002657,Kaggle_road_csv,0,,Monday,Unknown,Truck,Unknown,2,31-50,18-30,Moving Backward,Cloudy,Dry,Daylight,0,0,1,Minor
KAG_002658,Kaggle_road_csv,0,,Friday,Unknown,Truck,Unknown,2,31-50,31-50,Driving Under The Influence Of Drugs,Normal,Dry,Daylight,0,0,1,Minor
KAG_002659,Kaggle_road_csv,0,,Friday,Unknown,Truck,Unknown,2,18-30,18-30,Changing Lane To The Right,Normal,Dry,Daylight,0,0,1,Minor
KAG_002660,Kaggle_road_csv,0,,Friday,Unknown,Truck,Unknown,3,18-30,18-30,Moving Backward,Normal,Wet Or Damp,Daylight,0,0,1,Minor
KAG_002661,Kaggle_road_csv,0,,Friday,Unknown,Truck,Unknown,3,31-50,Unknown,No Distancing,Normal,Wet Or Damp,Daylight,0,0,1,Minor
KAG_002662,Kaggle_road_csv,0,,Friday,Unknown,Truck,Unknown,3,18-30,Unknown,No Distancing,Normal,Wet Or Damp,Daylight,0,0,1,Minor
KAG_002663,Kaggle_road_csv,0,,Sunday,Unknown,Truck,Unknown,1,Unknown,Unknown,Changing Lane To The Right,Normal,Dry,Darkness - Lights Lit,0,0,1,Minor
KAG_002664,Kaggle_road_csv,0,,Saturday,Unknown,Truck,Unknown,1,31-50,Over 51,Turnover,Normal,Dry,Daylight,0,0,1,Minor
KAG_002665,Kaggle_road_csv,0,,Sunday,Unknown,Truck,Unknown,3,18-30,31-50,Driving At High Speed,Normal,Dry,Daylight,0,0,2,Minor
KAG_002666,Kaggle_road_csv,0,,Friday,Unknown,Truck,Unknown,2,18-30,18-30,No Distancing,Normal,Dry,Darkness - Lights Lit,0,0,1,Minor
KAG_002667,Kaggle_road_csv,0,,Tuesday,Unknown,Truck,Unknown,1,18-30,Unknown,Overtaking,Normal,Dry,Daylight,0,0,1,Serious
KAG_002668,Kaggle_road_csv,0,,Wednesday,Unknown,Truck,Unknown,1,31-50,Unknown,No Priority To Vehicle,Normal,Dry,Darkness - Lights Lit,0,0,1,Minor
KAG_002669,Kaggle_road_csv,0,,Monday,Unknown,Truck,Unknown,3,31-50,18-30,Changing Lane To The Left,Normal,Dry,Daylight,0,0,1,Minor
KAG_002670,Kaggle_road_csv,0,,Monday,Unknown,Truck,Unknown,3,31-50,Unknown,No Distancing,Normal,Dry,Daylight,0,0,1,Minor
KAG_002671,Kaggle_road_csv,0,,Wednesday,Unknown,Truck,Unknown,1,Over 51,18-30,Changing Lane To The Left,Raining,Wet Or Damp,Darkness - Lights Lit,0,0,1,Fatal
KAG_002672,Kaggle_road_csv,0,,Tuesday,Unknown,Truck,Unknown,4,18-30,Unknown,Changing Lane To The Right,Normal,Wet Or Damp,Daylight,0,0,6,Serious
KAG_002673,Kaggle_road_csv,0,,Tuesday,Unknown,Truck,Unknown,4,Under 18,Unknown,Driving At High Speed,Normal,Wet Or Damp,Daylight,0,0,6,Serious
KAG_002674,Kaggle_road_csv,0,,Tuesday,Unknown,Truck,Unknown,4,31-50,Unknown,Changing Lane To The Right,Normal,Wet Or Damp,Daylight,0,0,6,Serious
KAG_002675,Kaggle_road_csv,0,,Friday,Unknown,Truck,Unknown,3,18-30,Unknown,No Priority To Vehicle,Normal,Dry,Darkness - Lights Lit,0,0,5,Serious
KAG_002676,Kaggle_road_csv,0,,Monday,Unknown,Truck,Unknown,2,18-30,18-30,Driving Under The Influence Of Drugs,Normal,Dry,Daylight,0,0,1,Minor
KAG_002677,Kaggle_road_csv,0,,Wednesday,Unknown,Truck,Unknown,1,Over 51,18-30,No Distancing,Raining,Wet Or Damp,Daylight,0,0,1,Minor
KAG_002678,Kaggle_road_csv,0,,Monday,Unknown,Truck,Unknown,3,Over 51,Under 18,Changing Lane To The Right,Normal,Dry,Daylight,0,0,2,Minor
KAG_002679,Kaggle_road_csv,0,,Sunday,Unknown,Truck,Unknown,4,18-30,31-50,Moving Backward,Normal,Dry,Daylight,0,0,1,Minor
KAG_002680,Kaggle_road_csv,0,,Sunday,Unknown,Truck,Unknown,4,18-30,31-50,Changing Lane To The Right,Normal,Dry,Daylight,0,0,1,Minor
KAG_002681,Kaggle_road_csv,0,,Sunday,Unknown,Truck,Unknown,4,Unknown,31-50,Changing Lane To The Right,Normal,Dry,Daylight,0,0,1,Minor
KAG_002682,Kaggle_road_csv,0,,Sunday,Unknown,Truck,Unknown,2,18-30,Over 51,Moving Backward,Normal,Dry,Daylight,0,0,1,Serious