accident_id,source,year,month,day_of_week,state,vehicle_1,vehicle_2,vehicles_involved,party_age_group,victim_age_group,cause_of_accident,weather_condition,road_condition,lighting_condition,fatalities,injuries,casualties,severity
KAG_002683,Kaggle_road_csv,0,,Wednesday,Unknown,Truck,Unknown,3,31-50,18-30,Changing Lane To The Left,Raining,Wet Or Damp,Daylight,0,0,1,Minor
KAG_002684,Kaggle_road_csv,0,,Wednesday,Unknown,Truck,Unknown,2,18-30,18-30,Moving Backward,Normal,Dry,Daylight,0,0,2,Minor
KAG_002685,Kaggle_road_csv,0,,Wednesday,Unknown,Truck,Unknown,2,18-30,31-50,No Distancing,Normal,Dry,Daylight,0,0,2,Minor
KAG_002686,Kaggle_road_csv,0,,Friday,Unknown,Truck,Unknown,2,31-50,31-50,Changing Lane To The Right,Normal,Dry,Daylight,0,0,1,Serious
KAG_002687,Kaggle_road_csv,0,,Friday,Unknown,Truck,Unknown,2,31-50,Under 18,No Distancing,Normal,Dry,Daylight,0,0,1,Serious
KAG_002688,Kaggle_road_csv,0,,Saturday,Unknown,Truck,Unknown,2,Under 18,Under 18,Changing Lane To The Right,Normal,Dry,Darkness - Lights Lit,0,0,3,Minor
KAG_002689,Kaggle_road_csv,0,,Saturday,Unknown,Truck,Unknown,1,Under 18,Unknown,Driving Carelessly,Normal,Dry,Daylight,0,0,2,Serious
KAG_002690,Kaggle_road_csv,0,,Wednesday,Unknown,Truck,Unknown,2,Unknown,Over 51,Changing Lane To The Right,Normal,Dry,Daylight,0,0,1,Minor
KAG_002691,Kaggle_road_csv,0,,Wednesday,Unknown,Truck,Unknown,2,Over 51,Unknown,Changing Lane To The Left,Normal,Dry,Daylight,0,0,2,Minor
KAG_002692,Kaggle_road_csv,0,,Friday,Unknown,Truck,Unknown,2,Unknown,Unknown,Driving Carelessly,Normal,Dry,Daylight,0,0,1,Minor
KAG_002693,Kaggle_road_csv,0,,Wednesday,Unknown,Truck,Unknown,2,31-50,Unknown,No Distancing,Normal,Dry,Daylight,0,0,3,Minor
KAG_002694,Kaggle_road_csv,0,,Wednesday,Unknown,Truck,Unknown,2,18-30,18-30,Moving Backward,Normal,Dry,Daylight,0,0,3,Minor
KAG_002695,Kaggle_road_csv,0,,Friday,Unknown,Truck,Unknown,3,31-50,18-30,Driving Under The Influence Of Drugs,Normal,Dry,Daylight,0,0,4,Minor
KAG_002696,Kaggle_road_csv,0,,Friday,Unknown,Truck,Unknown,3,Under 18,Unknown,Changing Lane To The Right,Normal,Dry,Daylight,0,0,4,Minor
KAG_002697,Kaggle_road_csv,0,,Friday,Unknown,Truck,Unknown,2,Under 18,18-30,Driving Under The Influence Of Drugs,Normal,Dry,Daylight,0,0,1,Minor
KAG_002698,Kaggle_road_csv,0,,Tuesday,Unknown,Truck,Unknown,2,31-50,31-50,Changing Lane To The Left,Normal,Dry,Daylight,0,0,1,Minor
KAG_002699,Kaggle_road_csv,0,,Sunday,Unknown,Truck,Unknown,1,31-50,31-50,Moving Backward,Normal,Dry,Daylight,0,0,1,Minor
KAG_002700,Kaggle_road_csv,0,,Sunday,Unknown,Truck,Unknown,2,18-30,31-50,Moving Backward,Raining,Wet Or Damp,Daylight,0,0,4,Minor
KAG_002701,Kaggle_road_csv,0,,Tuesday,Unknown,Truck,Unknown,2,18-30,Unknown,Moving Backward,Normal,Dry,Daylight,0,0,2,Minor
KAG_002702,Kaggle_road_csv,0,,Tuesday,Unknown,Truck,Unknown,2,18-30,Over 51,Changing Lane To The Right,Raining,Wet Or Damp,Daylight,0,0,1,Minor
KAG_002703,Kaggle_road_csv,0,,Monday,Unknown,Truck,Unknown,2,Under 18,18-30,Moving Backward,Raining,Wet Or Damp,Daylight,0,0,1,Minor
KAG_002704,Kaggle_road_csv,0,,Monday,Unknown,Truck,Unknown,2,Unknown,Unknown,Getting Off The Vehicle Improperly,Raining,Wet Or Damp,Daylight,0,0,1,Minor
KAG_002705,Kaggle_road_csv,0,,Friday,Unknown,Truck,Unknown,2,31-50,Unknown,No Priority To Vehicle,Normal,Wet Or Damp,Daylight,0,0,3,Minor
KAG_002706,Kaggle_road_csv,0,,Monday,Unknown,Truck,Unknown,2,18-30,Under 18,No Priority To Pedestrian,Cloudy,Dry,Darkness - No Lighting,0,0,1,Minor
KAG_002707,Kaggle_road_csv,0,,Friday,Unknown,Truck,Unknown,2,18-30,Unknown,No Distancing,Raining,Wet Or Damp,Daylight,0,0,2,Minor
KAG_002708,Kaggle_road_csv,0,,Friday,Unknown,Truck,Unknown,2,Over 51,18-30,No Priority To Vehicle,Raining,Wet Or Damp,Daylight,0,0,2,Minor
KAG_002709,Kaggle_road_csv,0,,Monday,Unknown,Truck,Unknown,2,18-30,18-30,Other,Normal,Dry,Daylight,0,0,1,Minor
KAG_002710,Kaggle_road_csv,0,,Friday,Unknown,Truck,Unknown,3,Under 18,Under 18,Driving Carelessly,Normal,Dry,Daylight,0,0,1,Serious
KAG_002711,Kaggle_road_csv,0,,Friday,Unknown,Truck,Unknown,1,18-30,Unknown,No Priority To Pedestrian,Normal,Wet Or Damp,Daylight,0,0,2,Minor
KAG_002712,Kaggle_road_csv,0,,Monday,Unknown,Truck,Unknown,2,Over 51,Unknown,Overtaking,Normal,Dry,Daylight,0,0,1,Minor
KAG_002713,Kaggle_road_csv,0,,Monday,Unknown,Truck,Unknown,2,31-50,Unknown,Overloading,Normal,Dry,Daylight,0,0,1,Minor
KAG_002714,Kaggle_road_csv,0,,Sunday,Unknown,Truck,Unknown,2,31-50,Under 18,Other,Normal,Dry,Daylight,0,0,1,Minor
KAG_002715,Kaggle_road_csv,0,,Wednesday,Unknown,Truck,Unknown,2,31-50,Over 51,No Distancing,Raining,Wet Or Damp,Darkness - No Lighting,0,0,1,Minor
KAG_002716,Kaggle_road_csv,0,,Friday,Unknown,Truck,Unknown,3,18-30,Unknown,Changing Lane To The Right,Normal,Dry,Daylight,0,0,2,Minor
KAG_002717,Kaggle_road_csv,0,,Friday,Unknown,Truck,Unknown,3,18-30,Under 18,No Priority To Pedestrian,Normal,Dry,Daylight,0,0,2,Minor
KAG_002718,Kaggle_road_csv,0,,Saturday,Unknown,Truck,Unknown,2,18-30,31-50,Improper Parking,Normal,Dry,Daylight,0,0,1,Minor
KAG_002719,Kaggle_road_csv,0,,Friday,Unknown,Truck,Unknown,1,31-50,31-50,Changing Lane To The Left,Normal,Dry,Daylight,0,0,1,Serious
KAG_002720,Kaggle_road_csv,0,,Friday,Unknown,Truck,Unknown,2,31-50,18-30,Overspeed,Normal,Dry,Darkness - Lights Lit,0,0,1,Minor
KAG_002721,Kaggle_road_csv,0,,Sunday,Unknown,Truck,Unknown,2,18-30,18-30,Changing Lane To The Right,Normal,Dry,Darkness - Lights Lit,0,0,5,Minor
KAG_002722,Kaggle_road_csv,0,,Sunday,Unknown,Truck,Unknown,2,Under 18,Over 51,Changing Lane To The Left,Normal,Dry,Daylight,0,0,1,Minor
KAG_002723,Kaggle_road_csv,0,,Wednesday,Unknown,Truck,Unknown,2,31-50,Unknown,No Distancing,Raining,Wet Or Damp,Darkness - Lights Lit,0,0,1,Minor
KAG_002724,Kaggle_road_csv,0,,Tuesday,Unknown,Truck,Unknown,2,31-50,31-50,Changing Lane To The Right,Normal,Dry,Darkness - Lights Lit,0,0,1,Minor
KAG_002725,Kaggle_road_csv,0,,Sunday,Unknown,Truck,Unknown,2,31-50,Unknown,No Distancing,Normal,Dry,Daylight,0,0,1,Minor
KAG_002726,Kaggle_road_csv,0,,Sunday,Unknown,Truck,Unknown,2,31-50,Under 18,Changing Lane To The Right,Normal,Dry,Daylight,0,0,1,Minor
KAG_002727,Kaggle_road_csv,0,,Friday,Unknown,Truck,Unknown,2,18-30,Over 51,Other,Normal,Dry,Darkness - Lights Lit,0,0,1,Minor
KAG_002728,Kaggle_road_csv,0,,Friday,Unknown,Truck,Unknown,2,Under 18,Under 18,No Distancing,Normal,Dry,Darkness - Lights Lit,0,0,1,Minor
KAG_002729,Kaggle_road_csv,0,,Friday,Unknown,Truck,Unknown,3,18-30,18-30,Changing Lane To The Right,Raining,Wet Or Damp,Darkness - Lights Lit,0,0,1,Minor
KAG_002730,Kaggle_road_csv,0,,Monday,Unknown,Truck,Unknown,2,Over 51,31-50,Driving At High Speed,Normal,Wet Or Damp,Darkness - Lights Lit,0,0,2,Minor
KAG_002731,Kaggle_road_csv,0,,Sunday,Unknown,Truck,Unknown,2,31-50,18-30,Changing Lane To The Left,Normal,Wet Or Damp,Darkness - Lights Lit,0,0,5,Minor
KAG_002732,Kaggle_road_csv,0,,Thursday,Unknown,Truck,Unknown,2,Unknown,Unknown,No Priority To Pedestrian,Raining,Wet Or Damp,Darkness - Lights Lit,0,0,1,Minor
KAG_002733,Kaggle_road_csv,0,,Friday,Unknown,Truck,Unknown,2,Under 18,31-50,Driving Carelessly,Normal,Wet Or Damp,Darkness - Lights Lit,0,0,1,Minor
KAG_002734,Kaggle_road_csv,0,,Monday,Unknown,Truck,Unknown,2,Over 51,Unknown,Changing Lane To The Right,Normal,Dry,Daylight,0,0,2,Minor
KAG_002735,Kaggle_road_csv,0,,Wednesday,Unknown,Truck,Unknown,2,31-50,Unknown,Changing Lane To The Right,Normal,Wet Or Damp,Darkness - Lights Lit,0,0,1,Minor
KAG_002736,Kaggle_road_csv,0,,Wednesday,Unknown,Truck,Unknown,2,Under 18,Unknown,Moving Backward,Cloudy,Wet Or Damp,Darkness - Lights Lit,0,0,1,Minor
KAG_002737,Kaggle_road_csv,0,,Sunday,Unknown,Truck,Unknown,2,Unknown,18-30,Changing Lane To The Left,Normal,Dry,Darkness - Lights Lit,0,0,1,Minor
KAG_002738,Kaggle_road_csv,0,,Saturday,Unknown,Truck,Unknown,1,Over 51,Unknown,Driving Carelessly,Other,Wet Or Damp,Darkness - Lights Lit,0,0,1,Minor
KAG_002739,Kaggle_road_csv,0,,Wednesday,Unknown,Truck,Unknown,2,Under 18,18-30,No Distancing,Raining,Wet Or Damp,Darkness - Lights Lit,0,0,2,Minor
KAG_002740,Kaggle_road_csv,0,,Tuesday,Unknown,Truck,Unknown,1,31-50,Unknown,Overturning,Normal,Wet Or Damp,Darkness - Lights Lit,0,0,2,Minor
KAG_002741,Kaggle_road_csv,0,,Monday,Unknown,Truck,Unknown,2,18-30,18-30,No Priority To Pedestrian,Normal,Dry,Darkness - Lights Lit,0,0,1,Minor
KAG_002742,Kaggle_road_csv,0,,Friday,Unknown,Truck,Unknown,2,31-50,18-30,Other,Normal,Dry,Darkness - Lights Lit,0,0,2,Minor
KAG_002743,Kaggle_road_csv,0,,Saturday,Unknown,Truck,Unknown,3,Over 51,18-30,Other,Raining,Wet Or Damp,Darkness - Lights Lit,0,0,1,Minor
KAG_002744,Kaggle_road_csv,0,,Wednesday,Unknown,Truck,Unknown,2,18-30,31-50,No Distancing,Normal,Dry,Darkness - Lights Lit,0,0,2,Minor
KAG_002745,Kaggle_road_csv,0,,Friday,Unknown,Truck,Unknown,1,31-50,Unknown,Changing Lane To The Right,Normal,Dry,Darkness - Lights Lit,0,0,1,Minor
KAG_002746,Kaggle_road_csv,0,,Monday,Unknown,Truck,Unknown,2,Over 51,Unknown,No Priority To Vehicle,Raining,Wet Or Damp,Daylight,0,0,2,Minor
KAG_002747,Kaggle_road_csv,0,,Monday,Unknown,Truck,Unknown,2,31-50,31-50,Changing Lane To The Left,Raining,Wet Or Damp,Daylight,0,0,1,Minor
KAG_002748,Kaggle_road_csv,0,,Saturday,Unknown,Truck,Unknown,2,18-30,Over 51,Driving To The Left,Raining,Wet Or Damp,Darkness - Lights Lit,0,0,2,Minor
KAG_002749,Kaggle_road_csv,0,,Saturday,Unknown,Truck,Unknown,1,Over 51,31-50,Driving Carelessly,Raining,Wet Or Damp,Darkness - No Lighting,0,0,1,Serious
KAG_002750,Kaggle_road_csv,0,,Thursday,Unknown,Truck,Unknown,1,31-50,31-50,Driving Carelessly,Raining,Wet Or Damp,Darkness - Lights Lit,0,0,2,Serious
KAG_002751,Kaggle_road_csv,0,,Thursday,Unknown,Truck,Unknown,1,31-50,31-50,Changing Lane To The Right,Normal,Dry,Darkness - Lights Lit,0,0,1,Serious
KAG_002752,Kaggle_road_csv,0,,Tuesday,Unknown,Truck,Unknown,3,18-30,Unknown,Changing Lane To The Right,Normal,Dry,Daylight,0,0,3,Minor
KAG_002753,Kaggle_road_csv,0,,Tuesday,Unknown,Truck,Unknown,3,31-50,Under 18,Changing Lane To The Right,Normal,Dry,Daylight,0,0,3,Minor
KAG_002754,Kaggle_road_csv,0,,Wednesday,Unknown,Truck,Unknown,3,18-30,Over 51,Other,Normal,Dry,Daylight,0,0,1,Serious
KAG_002755,Kaggle_road_csv,0,,Friday,Unknown,Truck,Unknown,3,Over 51,31-50,No Priority To Vehicle,Windy,Wet Or Damp,Daylight,0,0,1,Minor
KAG_002756,Kaggle_road_csv,0,,Friday,Unknown,Truck,Unknown,3,31-50,Unknown,Other,Windy,Wet Or Damp,Daylight,0,0,1,Minor
KAG_002757,Kaggle_road_csv,0,,Thursday,Unknown,Truck,Unknown,2,31-50,Unknown,Driving At High Speed,Cloudy,Dry,Darkness - No Lighting,0,0,1,Minor
KAG_002758,Kaggle_road_csv,0,,Friday,Unknown,Truck,Unknown,2,Over 51,Unknown,Moving Backward,Normal,Wet Or Damp,Darkness - Lights Lit,0,0,2,Minor
KAG_002759,Kaggle_road_csv,0,,Friday,Unknown,Truck,Unknown,2,31-50,Under 18,No Distancing,Normal,Wet Or Damp,Darkness - Lights Lit,0,0,2,Minor
KAG_002760,Kaggle_road_csv,0,,Thursday,Unknown,Truck,Unknown,2,Over 51,31-50,No Distancing,Normal,Dry,Daylight,0,0,1,Minor
KAG_002761,Kaggle_road_csv,0,,Friday,Unknown,Truck,Unknown,2,31-50,Unknown,Moving Backward,Normal,Dry,Darkness - Lights Lit,0,0,1,Serious
KAG_002762,Kaggle_road_csv,0,,Friday,Unknown,Truck,Unknown,2,Unknown,18-30,No Priority To Pedestrian,Normal,Dry,Darkness - Lights Lit,0,0,1,Serious
KAG_002763,Kaggle_road_csv,0,,Monday,Unknown,Truck,Unknown,2,31-50,Unknown,Driving Carelessly,Normal,Wet Or Damp,Darkness - Lights Unlit,0,0,2,Minor
KAG_002764,Kaggle_road_csv,0,,Wednesday,Unknown,Truck,Unknown,2,31-50,18-30,Changing Lane To The Right,Windy,Wet Or Damp,Darkness - Lights Lit,0,0,1,Minor
KAG_002765,Kaggle_road_csv,0,,Thursday,Unknown,Truck,Unknown,2,Over 51,Unknown,No Distancing,Raining,Wet Or Damp,Darkness - Lights Lit,0,0,1,Serious
KAG_002766,Kaggle_road_csv,0,,Saturday,Unknown,Truck,Unknown,1,Unknown,18-30,Changing Lane To The Left,Normal,Dry,Darkness - Lights Lit,0,0,1,Minor
KAG_002767,Kaggle_road_csv,0,,Sunday,Unknown,Truck,Unknown,2,Over 51,18-30,No Distancing,Normal,Dry,Daylight,0,0,2,Minor
KAG_002768,Kaggle_road_csv,0,,Sunday,Unknown,Truck,Unknown,2,31-50,Unknown,Changing Lane To The Left,Normal,Dry,Daylight,0,0,2,Minor
KAG_002769,Kaggle_road_csv,0,,Friday,Unknown,Truck,Unknown,2,31-50,Unknown,No Priority To Pedestrian,Normal,Dry,Darkness - Lights Lit,0,0,1,Minor
KAG_002770,Kaggle_road_csv,0,,Friday,Unknown,Truck,Unknown,2,18-30,31-50,Changing Lane To The Left,Normal,Dry,Darkness - Lights Lit,0,0,1,Minor
KAG_002771,Kaggle_road_csv,0,,Thursday,Unknown,Truck,Unknown,2,18-30,18-30,Driving Carelessly,Normal,Wet Or Damp,Daylight,0,0,1,Minor
KAG_002772,Kaggle_road_csv,0,,Monday,Unknown,Truck,Unknown,1,18-30,31-50,Changing Lane To The Left,Normal,Wet Or Damp,Daylight,0,0,1,Serious
KAG_002773,Kaggle_road_csv,0,,Friday,Unknown,Truck,Unknown,2,31-50,Unknown,Moving Backward,Normal,Dry,Daylight,0,0,1,Serious
KAG_002774,Kaggle_road_csv,0,,Friday,Unknown,Truck,Unknown,4,Over 51,18-30,Moving Backward,Normal,Dry,Daylight,0,0,5,Minor
KAG_002775,Kaggle_road_csv,0,,Friday,Unknown,Truck,Unknown,1,18-30,31-50,Overturning,Normal,Dry,Daylight,0,0,1,Minor
KAG_002776,Kaggle_road_csv,0,,Friday,Unknown,Truck,Unknown,2,18-30,Unknown,No Distancing,Raining,Wet Or Damp,Daylight,0,0,1,Minor
KAG_002777,Kaggle_road_csv,0,,Saturday,Unknown,Truck,Unknown,2,18-30,Unknown,No Distancing,Normal,Dry,Darkness - Lights Lit,0,0,1,Minor
KAG_002778,Kaggle_road_csv,0,,Friday,Unknown,Truck,Unknown,2,Under 18,18-30,Changing Lane To The Left,Normal,Dry,Darkness - Lights Lit,0,0,1,Minor
KAG_002779,Kaggle_road_csv,0,,Friday,Unknown,Truck,Unknown,2,Under 18,Over 51,Changing Lane To The Right,Normal,Dry,Daylight,0,0,1,Minor
KAG_002780,Kaggle_road_csv,0,,Monday,Unknown,Truck,Unknown,3,31-50,Under 18,No Distancing,Normal,Dry,Darkness - Lights Lit,0,0,3,Minor
KAG_002781,Kaggle_road_csv,0,,Monday,Unknown,Truck,Unknown,3,31-50,18-30,Overtaking,Normal,Dry,Darkness - Lights Lit,0,0,3,Minor
KAG_002782,Kaggle_road_csv,0,,Tuesday,Unknown,Truck,Unknown,3,18-30,Unknown,Other,Normal,Dry,Darkness - Lights Lit,0,0,3,Minor
KAG_002783,Kaggle_road_csv,0,,Sunday,Unknown,Truck,Unknown,2,31-50,Unknown,No Priority To Vehicle,Cloudy,Dry,Daylight,0,0,1,Minor
KAG_002784,Kaggle_road_csv,0,,Wednesday,Unknown,Truck,Unknown,2,31-50,Under 18,Driving Carelessly,Normal,Dry,Darkness - Lights Lit,0,0,1,Minor
KAG_002785,Kaggle_road_csv,0,,Thursday,Unknown,Truck,Unknown,3,18-30,31-50,Changing Lane To The Left,Normal,Dry,Daylight,0,0,1,Minor
KAG_002786,Kaggle_road_csv,0,,Wednesday,Unknown,Truck,Unknown,2,18-30,31-50,Moving Backward,Normal,Dry,Daylight,0,0,1,Minor
KAG_002787,Kaggle_road_csv,0,,Friday,Unknown,Truck,Unknown,2,31-50,Under 18,Driving Carelessly,Normal,Dry,Daylight,0,0,1,Minor
KAG_002788,Kaggle_road_csv,0,,Friday,Unknown,Truck,Unknown,2,31-50,18-30,Driving Under The Influence Of Drugs,Normal,Dry,Daylight,0,0,1,Minor
KAG_002789,Kaggle_road_csv,0,,Tuesday,Unknown,Truck,Unknown,1,Unknown,Unknown,No Priority To Pedestrian,Raining,Wet Or Damp,Daylight,0,0,1,Serious
KAG_002790,Kaggle_road_csv,0,,Wednesday,Unknown,Truck,Unknown,2,31-50,18-30,Changing Lane To The Left,Raining,Wet Or Damp,Daylight,0,0,1,Minor
KAG_002791,Kaggle_road_csv,0,,Friday,Unknown,Truck,Unknown,2,18-30,18-30,Moving Backward,Normal,Wet Or Damp,Daylight,0,0,1,Minor
KAG_002792,Kaggle_road_csv,0,,Tuesday,Unknown,Truck,Unknown,1,18-30,18-30,Overtaking,Normal,Dry,Daylight,0,0,1,Serious
KAG_002793,Kaggle_road_csv,0,,Thursday,Unknown,Truck,Unknown,2,18-30,18-30,Changing Lane To The Left,Normal,Dry,Daylight,0,0,1,Serious
KAG_002794,Kaggle_road_csv,0,,Monday,Unknown,Truck,Unknown,3,18-30,Unknown,Overturning,Normal,Dry,Daylight,0,0,1,Minor
KAG_002795,Kaggle_road_csv,0,,Sunday,Unknown,Truck,Unknown,3,18-30,Unknown,No Distancing,Normal,Dry,Daylight,0,0,1,Minor
KAG_002796,Kaggle_road_csv,0,,Friday,Unknown,Truck,Unknown,3,Under 18,31-50,Overtaking,Normal,Dry,Daylight,0,0,3,Minor
KAG_002797,Kaggle_road_csv,0,,Thursday,Unknown,Truck,Unknown,2,18-30,31-50,Driving Carelessly,Normal,Dry,Daylight,0,0,1,Minor
KAG_002798,Kaggle_road_csv,0,,Wednesday,Unknown,Truck,Unknown,2,18-30,Unknown,Moving Backward,Normal,Dry,Daylight,0,0,1,Minor
KAG_002799,Kaggle_road_csv,0,,Friday,Unknown,Truck,Unknown,2,31-50,31-50,Changing Lane To The Right,Normal,Dry,Daylight,0,0,1,Minor
KAG_002800,Kaggle_road_csv,0,,Saturday,Unknown,Truck,Unknown,1,Over 51,31-50,Changing Lane To The Right,Normal,Dry,Daylight,0,0,1,Serious
KAG_002801,Kaggle_road_csv,0,,Thursday,Unknown,Truck,Unknown,3,31-50,31-50,Changing Lane To The Left,Normal,Dry,Daylight,0,0,1,Minor
KAG_002802,Kaggle_road_csv,0,,Friday,Unknown,Truck,Unknown,3,31-50,18-30,No Distancing,Normal,Dry,Daylight,0,0,1,Minor
KAG_002803,Kaggle_road_csv,0,,Sunday,Unknown,Truck,Unknown,2,Over 51,18-30,Driving Carelessly,Normal,Dry,Daylight,0,0,1,Minor
KAG_002804,Kaggle_road_csv,0,,Monday,Unknown,Truck,Unknown,2,18-30,Unknown,Changing Lane To The Left,Normal,Dry,Daylight,0,0,1,Minor
KAG_002805,Kaggle_road_csv,0,,Thursday,Unknown,Truck,Unknown,3,18-30,Unknown,Driving Carelessly,Normal,Dry,Daylight,0,0,1,Minor
KAG_002806,Kaggle_road_csv,0,,Saturday,Unknown,Truck,Unknown,2,31-50,18-30,No Priority To Vehicle,Normal,Dry,Daylight,0,0,1,Minor
KAG_002807,Kaggle_road_csv,0,,Saturday,Unknown,Truck,Unknown,2,18-30,18-30,Driving Carelessly,Normal,Dry,Daylight,0,0,2,Minor
KAG_002808,Kaggle_road_csv,0,,Friday,Unknown,Truck,Unknown,2,31-50,Under 18,No Priority To Vehicle,Raining,Wet Or Damp,Daylight,0,0,4,Fatal
KAG_002809,Kaggle_road_csv,0,,Sunday,Unknown,Truck,Unknown,2,Over 51,Over 51,Moving Backward,Raining,Wet Or Damp,Daylight,0,0,4,Fatal
KAG_002810,Kaggle_road_csv,0,,Wednesday,Unknown,Truck,Unknown,2,Over 51,Unknown,No Priority To Vehicle,Other,Wet Or Damp,Darkness - Lights Lit,0,0,1,Minor
KAG_002811,Kaggle_road_csv,0,,Wednesday,Unknown,Truck,Unknown,2,18-30,Unknown,No Distancing,Normal,Dry,Daylight,0,0,1,Minor
KAG_002812,Kaggle_road_csv,0,,Friday,Unknown,Truck,Unknown,3,18-30,18-30,Changing Lane To The Left,Normal,Dry,Daylight,0,0,1,Minor
KAG_002813,Kaggle_road_csv,0,,Friday,Unknown,Truck,Unknown,2,Over 51,Under 18,Driving Carelessly,Normal,Dry,Daylight,0,0,1,Minor
KAG_002814,Kaggle_road_csv,0,,Friday,Unknown,Truck,Unknown,1,31-50,Unknown,Driving Under The Influence Of Drugs,Normal,Dry,Daylight,0,0,1,Minor
KAG_002815,Kaggle_road_csv,0,,Friday,Unknown,Truck,Unknown,1,18-30,Unknown,Overtaking,Normal,Dry,Daylight,0,0,1,Minor
KAG_002816,Kaggle_road_csv,0,,Tuesday,Unknown,Truck,Unknown,1,18-30,18-30,No Priority To Vehicle,Normal,Dry,Daylight,0,0,1,Minor
KAG_002817,Kaggle_road_csv,0,,Wednesday,Unknown,Truck,Unknown,2,31-50,Under 18,No Priority To Vehicle,Raining,Wet Or Damp,Daylight,0,0,4,Minor
KAG_002818,Kaggle_road_csv,0,,Wednesday,Unknown,Truck,Unknown,2,31-50,Unknown,No Priority To Vehicle,Raining,Wet Or Damp,Daylight,0,0,4,Minor
KAG_002819,Kaggle_road_csv,0,,Thursday,Unknown,Truck,Unknown,2,18-30,Unknown,No Distancing,Normal,Dry,Daylight,0,0,1,Minor
KAG_002820,Kaggle_road_csv,0,,Friday,Unknown,Truck,Unknown,2,31-50,Unknown,Changing Lane To The Left,Normal,Dry,Darkness - Lights Lit,0,0,1,Minor
KAG_002821,Kaggle_road_csv,0,,Thursday,Unknown,Truck,Unknown,2,31-50,31-50,Moving Backward,Normal,Wet Or Damp,Daylight,0,0,1,Minor
KAG_002822,Kaggle_road_csv,0,,Monday,Unknown,Truck,Unknown,2,31-50,18-30,Driving To The Left,Normal,Dry,Daylight,0,0,2,Minor
KAG_002823,Kaggle_road_csv,0,,Monday,Unknown,Truck,Unknown,2,Over 51,18-30,No Distancing,Normal,Dry,Daylight,0,0,1,Serious
KAG_002824,Kaggle_road_csv,0,,Monday,Unknown,Truck,Unknown,2,Over 51,Unknown,Driving To The Left,Normal,Dry,Daylight,0,0,1,Serious
KAG_002825,Kaggle_road_csv,0,,Wednesday,Unknown,Truck,Unknown,3,31-50,Unknown,Moving Backward,Raining,Wet Or Damp,Daylight,0,0,2,Serious
KAG_002826,Kaggle_road_csv,0,,Saturday,Unknown,Truck,Unknown,3,18-30,18-30,Moving Backward,Raining,Wet Or Damp,Daylight,0,0,2,Serious
KAG_002827,Kaggle_road_csv,0,,Saturday,Unknown,Truck,Unknown,1,18-30,18-30,Overtaking,Normal,Dry,Daylight,0,0,1,Serious
KAG_002828,Kaggle_road_csv,0,,Monday,Unknown,Truck,Unknown,2,18-30,Unknown,Driving Carelessly,Normal,Dry,Daylight,0,0,1,Minor
KAG_002829,Kaggle_road_csv,0,,Tuesday,Unknown,Truck,Unknown,1,Over 51,Unknown,Changing Lane To The Right,Normal,Dry,Darkness - Lights Lit,0,0,2,Minor
KAG_002830,Kaggle_road_csv,0,,Saturday,Unknown,Truck,Unknown,2,31-50,18-30,No Distancing,Normal,Dry,Daylight,0,0,1,Serious
KAG_002831,Kaggle_road_csv,0,,Monday,Unknown,Truck,Unknown,2,Over 51,Under 18,Changing Lane To The Right,Normal,Dry,Daylight,0,0,2,Minor
KAG_002832,Kaggle_road_csv,0,,Wednesday,Unknown,Truck,Unknown,2,31-50,Unknown,Driving Carelessly,Normal,Dry,Darkness - Lights Lit,0,0,3,Serious
KAG_002833,Kaggle_road_csv,0,,Tuesday,Unknown,Truck,Unknown,2,31-50,18-30,Changing Lane To The Right,Normal,Dry,Darkness - Lights Lit,0,0,3,Serious
KAG_002834,Kaggle_road_csv,0,,Friday,Unknown,Truck,Unknown,2,31-50,31-50,No Priority To Vehicle,Normal,Dry,Darkness - Lights Lit,0,0,1,Minor
KAG_002835,Kaggle_road_csv,0,,Sunday,Unknown,Truck,Unknown,2,18-30,31-50,No Priority To Vehicle,Normal,Dry,Daylight,0,0,1,Minor
KAG_002836,Kaggle_road_csv,0,,Friday,Unknown,Truck,Unknown,3,18-30,31-50,No Distancing,Normal,Dry,Daylight,0,0,1,Minor
KAG_002837,Kaggle_road_csv,0,,Tuesday,Unknown,Truck,Unknown,2,18-30,Over 51,Driving Under The Influence Of Drugs,Normal,Dry,Daylight,0,0,3,Minor
KAG_002838,Kaggle_road_csv,0,,Thursday,Unknown,Truck,Unknown,2,31-50,Under 18,Changing Lane To The Right,Normal,Dry,Daylight,0,0,3,Minor
KAG_002839,Kaggle_road_csv,0,,Tuesday,Unknown,Truck,Unknown,2,31-50,Unknown,Moving Backward,Normal,Dry,Daylight,0,0,1,Minor
KAG_002840,Kaggle_road_csv,0,,Sunday,Unknown,Truck,Unknown,2,18-30,Unknown,No Distancing,Raining,Wet Or Damp,Daylight,0,0,1,Minor