accident_id,source,year,month,day_of_week,state,vehicle_1,vehicle_2,vehicles_involved,party_age_group,victim_age_group,cause_of_accident,weather_condition,road_condition,lighting_condition,fatalities,injuries,casualties,severity
KAG_002841,Kaggle_road_csv,0,,Tuesday,Unknown,Truck,Unknown,2,Under 18,Unknown,Changing Lane To The Left,Raining,Wet Or Damp,Darkness - Lights Lit,0,0,1,Minor
KAG_002842,Kaggle_road_csv,0,,Tuesday,Unknown,Truck,Unknown,2,31-50,31-50,No Priority To Pedestrian,Raining,Wet Or Damp,Darkness - Lights Lit,0,0,1,Minor
KAG_002843,Kaggle_road_csv,0,,Tuesday,Unknown,Truck,Unknown,2,18-30,Unknown,No Distancing,Raining,Wet Or Damp,Daylight,0,0,2,Minor
KAG_002844,Kaggle_road_csv,0,,Saturday,Unknown,Truck,Unknown,2,18-30,Unknown,Overturning,Raining,Wet Or Damp,Daylight,0,0,2,Minor
KAG_002845,Kaggle_road_csv,0,,Friday,Unknown,Truck,Unknown,1,18-30,Unknown,Changing Lane To The Left,Normal,Dry,Daylight,0,0,1,Minor
KAG_002846,Kaggle_road_csv,0,,Thursday,Unknown,Truck,Unknown,2,31-50,Unknown,Changing Lane To The Right,Normal,Wet Or Damp,Darkness - Lights Lit,0,0,5,Minor
KAG_002847,Kaggle_road_csv,0,,Sunday,Unknown,Truck,Unknown,2,Unknown,Unknown,Changing Lane To The Right,Raining,Wet Or Damp,Darkness - Lights Lit,0,0,1,Minor
KAG_002848,Kaggle_road_csv,0,,Saturday,Unknown,Truck,Unknown,2,31-50,18-30,No Distancing,Unknown,Wet Or Damp,Darkness - Lights Lit,0,0,1,Minor
KAG_002849,Kaggle_road_csv,0,,Saturday,Unknown,Truck,Unknown,2,Under 18,Under 18,Driving Carelessly,Raining,Wet Or Damp,Darkness - Lights Unlit,0,0,1,Minor
KAG_002850,Kaggle_road_csv,0,,Monday,Unknown,Truck,Unknown,3,31-50,18-30,No Distancing,Normal,Wet Or Damp,Darkness - Lights Lit,0,0,1,Minor
KAG_002851,Kaggle_road_csv,0,,Saturday,Unknown,Truck,Unknown,1,18-30,Over 51,Changing Lane To The Right,Normal,Wet Or Damp,Darkness - Lights Lit,0,0,1,Minor
KAG_002852,Kaggle_road_csv,0,,Thursday,Unknown,Truck,Unknown,2,31-50,Over 51,Driving Under The Influence Of Drugs,Raining,Wet Or Damp,Daylight,0,0,2,Minor
KAG_002853,Kaggle_road_csv,0,,Wednesday,Unknown,Truck,Unknown,1,18-30,18-30,No Distancing,Normal,Dry,Darkness - Lights Lit,0,0,1,Fatal
KAG_002854,Kaggle_road_csv,0,,Friday,Unknown,Truck,Unknown,2,31-50,Unknown,Changing Lane To The Right,Raining,Wet Or Damp,Daylight,0,0,1,Minor
KAG_002855,Kaggle_road_csv,0,,Friday,Unknown,Truck,Unknown,2,31-50,18-30,Moving Backward,Other,Snow,Darkness - Lights Lit,0,0,1,Minor
KAG_002856,Kaggle_road_csv,0,,Thursday,Unknown,Truck,Unknown,2,31-50,Unknown,Driving Carelessly,Other,Snow,Darkness - Lights Lit,0,0,1,Minor
KAG_002857,Kaggle_road_csv,0,,Saturday,Unknown,Truck,Unknown,1,Under 18,Unknown,No Priority To Vehicle,Normal,Dry,Daylight,0,0,1,Serious
KAG_002858,Kaggle_road_csv,0,,Thursday,Unknown,Truck,Unknown,2,31-50,Unknown,Moving Backward,Normal,Wet Or Damp,Daylight,0,0,1,Minor
KAG_002859,Kaggle_road_csv,0,,Saturday,Unknown,Truck,Unknown,1,Under 18,31-50,Driving Carelessly,Normal,Wet Or Damp,Darkness - Lights Lit,0,0,1,Minor
KAG_002860,Kaggle_road_csv,0,,Wednesday,Unknown,Truck,Unknown,1,18-30,Unknown,No Distancing,Normal,Dry,Daylight,0,0,2,Minor
KAG_002861,Kaggle_road_csv,0,,Tuesday,Unknown,Truck,Unknown,1,Under 18,18-30,No Distancing,Unknown,Dry,Darkness - Lights Lit,0,0,2,Serious
KAG_002862,Kaggle_road_csv,0,,Monday,Unknown,Truck,Unknown,1,31-50,31-50,No Priority To Vehicle,Normal,Wet Or Damp,Daylight,0,0,1,Minor
KAG_002863,Kaggle_road_csv,0,,Wednesday,Unknown,Truck,Unknown,3,31-50,Unknown,No Priority To Vehicle,Normal,Dry,Daylight,0,0,1,Minor
KAG_002864,Kaggle_road_csv,0,,Wednesday,Unknown,Truck,Unknown,2,31-50,18-30,Moving Backward,Normal,Dry,Daylight,0,0,1,Minor
KAG_002865,Kaggle_road_csv,0,,Wednesday,Unknown,Truck,Unknown,2,18-30,18-30,Overtaking,Normal,Dry,Daylight,0,0,1,Minor
KAG_002866,Kaggle_road_csv,0,,Wednesday,Unknown,Truck,Unknown,4,18-30,Unknown,Changing Lane To The Right,Normal,Dry,Daylight,0,0,1,Minor
KAG_002867,Kaggle_road_csv,0,,Monday,Unknown,Truck,Unknown,2,31-50,Unknown,Moving Backward,Other,Dry,Daylight,0,0,1,Minor
KAG_002868,Kaggle_road_csv,0,,Friday,Unknown,Truck,Unknown,1,Under 18,31-50,Moving Backward,Normal,Dry,Darkness - Lights Lit,0,0,4,Fatal
KAG_002869,Kaggle_road_csv,0,,Friday,Unknown,Truck,Unknown,1,31-50,Over 51,Getting Off The Vehicle Improperly,Normal,Dry,Darkness - Lights Lit,0,0,4,Fatal
KAG_002870,Kaggle_road_csv,0,,Saturday,Unknown,Truck,Unknown,3,18-30,Unknown,No Priority To Vehicle,Normal,Dry,Daylight,0,0,1,Minor
KAG_002871,Kaggle_road_csv,0,,Sunday,Unknown,Truck,Unknown,2,31-50,Unknown,No Distancing,Normal,Dry,Daylight,0,0,1,Minor
KAG_002872,Kaggle_road_csv,0,,Friday,Unknown,Truck,Unknown,2,18-30,Unknown,Changing Lane To The Right,Normal,Dry,Daylight,0,0,1,Minor
KAG_002873,Kaggle_road_csv,0,,Tuesday,Unknown,Truck,Unknown,2,18-30,18-30,No Priority To Vehicle,Normal,Dry,Daylight,0,0,1,Minor
KAG_002874,Kaggle_road_csv,0,,Tuesday,Unknown,Truck,Unknown,2,31-50,31-50,No Priority To Pedestrian,Normal,Dry,Daylight,0,0,1,Minor
KAG_002875,Kaggle_road_csv,0,,Sunday,Unknown,Truck,Unknown,4,18-30,31-50,Other,Normal,Dry,Daylight,0,0,5,Minor
KAG_002876,Kaggle_road_csv,0,,Sunday,Unknown,Truck,Unknown,4,31-50,31-50,Driving To The Left,Normal,Dry,Daylight,0,0,5,Minor
KAG_002877,Kaggle_road_csv,0,,Monday,Unknown,Truck,Unknown,2,Unknown,18-30,No Priority To Pedestrian,Normal,Dry,Daylight,0,0,2,Serious
KAG_002878,Kaggle_road_csv,0,,Friday,Unknown,Truck,Unknown,2,18-30,Over 51,Driving Carelessly,Normal,Dry,Daylight,0,0,2,Serious
KAG_002879,Kaggle_road_csv,0,,Saturday,Unknown,Truck,Unknown,2,Over 51,Unknown,Changing Lane To The Left,Normal,Dry,Daylight,0,0,2,Minor
KAG_002880,Kaggle_road_csv,0,,Wednesday,Unknown,Truck,Unknown,2,31-50,31-50,No Priority To Vehicle,Normal,Dry,Daylight,0,0,2,Minor
KAG_002881,Kaggle_road_csv,0,,Wednesday,Unknown,Truck,Unknown,2,Over 51,Under 18,Changing Lane To The Right,Normal,Dry,Daylight,0,0,2,Minor
KAG_002882,Kaggle_road_csv,0,,Tuesday,Unknown,Truck,Unknown,2,Over 51,31-50,No Distancing,Normal,Dry,Daylight,0,0,1,Serious
KAG_002883,Kaggle_road_csv,0,,Thursday,Unknown,Truck,Unknown,2,Over 51,Unknown,No Distancing,Normal,Dry,Daylight,0,0,1,Minor
KAG_002884,Kaggle_road_csv,0,,Thursday,Unknown,Truck,Unknown,1,18-30,Unknown,Changing Lane To The Right,Raining,Wet Or Damp,Daylight,0,0,1,Minor
KAG_002885,Kaggle_road_csv,0,,Saturday,Unknown,Truck,Unknown,2,18-30,18-30,Changing Lane To The Right,Normal,Dry,Daylight,0,0,1,Minor
KAG_002886,Kaggle_road_csv,0,,Wednesday,Unknown,Truck,Unknown,2,Over 51,Unknown,No Distancing,Normal,Dry,Daylight,0,0,1,Minor
KAG_002887,Kaggle_road_csv,0,,Friday,Unknown,Truck,Unknown,2,31-50,18-30,Driving At High Speed,Normal,Dry,Daylight,0,0,1,Minor
KAG_002888,Kaggle_road_csv,0,,Friday,Unknown,Truck,Unknown,1,18-30,Unknown,No Priority To Vehicle,Normal,Dry,Daylight,0,0,1,Minor
KAG_002889,Kaggle_road_csv,0,,Friday,Unknown,Truck,Unknown,2,18-30,18-30,No Priority To Pedestrian,Normal,Dry,Daylight,0,0,1,Minor
KAG_002890,Kaggle_road_csv,0,,Friday,Unknown,Truck,Unknown,2,31-50,Unknown,Moving Backward,Normal,Dry,Daylight,0,0,3,Minor
KAG_002891,Kaggle_road_csv,0,,Saturday,Unknown,Truck,Unknown,3,18-30,Unknown,No Distancing,Normal,Dry,Daylight,0,0,3,Minor
KAG_002892,Kaggle_road_csv,0,,Wednesday,Unknown,Truck,Unknown,3,Under 18,Unknown,No Distancing,Normal,Dry,Daylight,0,0,3,Minor
KAG_002893,Kaggle_road_csv,0,,Wednesday,Unknown,Truck,Unknown,1,31-50,18-30,Changing Lane To The Right,Normal,Dry,Darkness - Lights Lit,0,0,1,Serious
KAG_002894,Kaggle_road_csv,0,,Tuesday,Unknown,Truck,Unknown,2,Over 51,18-30,Driving Carelessly,Normal,Dry,Daylight,0,0,1,Minor
KAG_002895,Kaggle_road_csv,0,,Friday,Unknown,Truck,Unknown,6,18-30,Unknown,Driving Carelessly,Normal,Dry,Daylight,0,0,2,Serious
KAG_002896,Kaggle_road_csv,0,,Friday,Unknown,Truck,Unknown,2,31-50,31-50,Changing Lane To The Right,Normal,Dry,Daylight,0,0,2,Minor
KAG_002897,Kaggle_road_csv,0,,Sunday,Unknown,Truck,Unknown,2,18-30,Unknown,Driving Carelessly,Normal,Dry,Daylight,0,0,2,Minor
KAG_002898,Kaggle_road_csv,0,,Sunday,Unknown,Truck,Unknown,1,18-30,31-50,Driving Carelessly,Normal,Dry,Daylight,0,0,1,Minor
KAG_002899,Kaggle_road_csv,0,,Sunday,Unknown,Truck,Unknown,2,Over 51,Unknown,Changing Lane To The Right,Normal,Dry,Daylight,0,0,1,Serious
KAG_002900,Kaggle_road_csv,0,,Tuesday,Unknown,Truck,Unknown,2,31-50,Under 18,Driving Carelessly,Normal,Dry,Daylight,0,0,1,Serious
KAG_002901,Kaggle_road_csv,0,,Sunday,Unknown,Truck,Unknown,2,31-50,Unknown,No Distancing,Normal,Dry,Daylight,0,0,1,Minor
KAG_002902,Kaggle_road_csv,0,,Sunday,Unknown,Truck,Unknown,1,31-50,31-50,Moving Backward,Normal,Dry,Daylight,0,0,1,Minor
KAG_002903,Kaggle_road_csv,0,,Friday,Unknown,Truck,Unknown,2,Unknown,31-50,Driving At High Speed,Normal,Dry,Daylight,0,0,1,Serious
KAG_002904,Kaggle_road_csv,0,,Friday,Unknown,Truck,Unknown,2,31-50,18-30,Changing Lane To The Right,Normal,Dry,Daylight,0,0,1,Minor
KAG_002905,Kaggle_road_csv,0,,Thursday,Unknown,Truck,Unknown,2,18-30,Unknown,No Priority To Pedestrian,Normal,Dry,Daylight,0,0,1,Minor
KAG_002906,Kaggle_road_csv,0,,Friday,Unknown,Truck,Unknown,2,18-30,Unknown,Driving Carelessly,Raining,Wet Or Damp,Daylight,0,0,2,Minor
KAG_002907,Kaggle_road_csv,0,,Thursday,Unknown,Truck,Unknown,3,Over 51,31-50,Changing Lane To The Left,Normal,Dry,Daylight,0,0,2,Minor
KAG_002908,Kaggle_road_csv,0,,Thursday,Unknown,Truck,Unknown,3,18-30,Unknown,No Priority To Vehicle,Normal,Dry,Daylight,0,0,2,Minor
KAG_002909,Kaggle_road_csv,0,,Wednesday,Unknown,Truck,Unknown,3,18-30,18-30,Changing Lane To The Right,Normal,Dry,Daylight,0,0,2,Minor
KAG_002910,Kaggle_road_csv,0,,Monday,Unknown,Truck,Unknown,2,18-30,31-50,Turnover,Raining,Wet Or Damp,Daylight,0,0,2,Minor
KAG_002911,Kaggle_road_csv,0,,Sunday,Unknown,Truck,Unknown,2,31-50,Unknown,No Distancing,Raining,Wet Or Damp,Daylight,0,0,2,Minor
KAG_002912,Kaggle_road_csv,0,,Sunday,Unknown,Truck,Unknown,1,Unknown,Unknown,No Distancing,Raining,Wet Or Damp,Daylight,0,0,2,Minor
KAG_002913,Kaggle_road_csv,0,,Tuesday,Unknown,Truck,Unknown,2,31-50,18-30,Changing Lane To The Left,Normal,Dry,Daylight,0,0,2,Minor
KAG_002914,Kaggle_road_csv,0,,Tuesday,Unknown,Truck,Unknown,2,31-50,18-30,No Distancing,Normal,Dry,Darkness - Lights Lit,0,0,1,Minor
KAG_002915,Kaggle_road_csv,0,,Monday,Unknown,Truck,Unknown,2,31-50,Unknown,Moving Backward,Normal,Dry,Darkness - Lights Lit,0,0,1,Minor
KAG_002916,Kaggle_road_csv,0,,Saturday,Unknown,Truck,Unknown,2,Over 51,Unknown,Driving Carelessly,Raining,Wet Or Damp,Daylight,0,0,4,Minor
KAG_002917,Kaggle_road_csv,0,,Wednesday,Unknown,Truck,Unknown,2,18-30,Under 18,No Priority To Vehicle,Normal,Dry,Daylight,0,0,1,Minor
KAG_002918,Kaggle_road_csv,0,,Monday,Unknown,Truck,Unknown,2,18-30,Unknown,No Priority To Pedestrian,Normal,Wet Or Damp,Daylight,0,0,1,Serious
KAG_002919,Kaggle_road_csv,0,,Friday,Unknown,Truck,Unknown,2,18-30,31-50,Changing Lane To The Right,Normal,Dry,Daylight,0,0,1,Minor
KAG_002920,Kaggle_road_csv,0,,Monday,Unknown,Truck,Unknown,2,31-50,Unknown,No Priority To Pedestrian,Normal,Dry,Daylight,0,0,1,Minor
KAG_002921,Kaggle_road_csv,0,,Thursday,Unknown,Truck,Unknown,1,31-50,Over 51,Changing Lane To The Left,Normal,Dry,Daylight,0,0,1,Serious
KAG_002922,Kaggle_road_csv,0,,Wednesday,Unknown,Truck,Unknown,6,18-30,Unknown,Driving Carelessly,Normal,Dry,Darkness - Lights Lit,0,0,2,Minor
KAG_002923,Kaggle_road_csv,0,,Wednesday,Unknown,Truck,Unknown,6,Over 51,Unknown,No Distancing,Normal,Dry,Darkness - Lights Lit,0,0,2,Minor
KAG_002924,Kaggle_road_csv,0,,Thursday,Unknown,Truck,Unknown,4,31-50,31-50,Changing Lane To The Right,Normal,Dry,Daylight,0,0,2,Minor
KAG_002925,Kaggle_road_csv,0,,Friday,Unknown,Truck,Unknown,4,31-50,Unknown,Changing Lane To The Right,Normal,Dry,Daylight,0,0,2,Minor
KAG_002926,Kaggle_road_csv,0,,Tuesday,Unknown,Truck,Unknown,2,Over 51,31-50,No Distancing,Normal,Dry,Daylight,0,0,1,Minor
KAG_002927,Kaggle_road_csv,0,,Tuesday,Unknown,Truck,Unknown,3,31-50,Unknown,Changing Lane To The Left,Normal,Dry,Daylight,0,0,2,Minor
KAG_002928,Kaggle_road_csv,0,,Monday,Unknown,Truck,Unknown,3,31-50,Unknown,No Distancing,Normal,Dry,Daylight,0,0,1,Minor
KAG_002929,Kaggle_road_csv,0,,Thursday,Unknown,Truck,Unknown,3,18-30,Under 18,No Distancing,Normal,Dry,Daylight,0,0,1,Minor
KAG_002930,Kaggle_road_csv,0,,Thursday,Unknown,Truck,Unknown,2,Over 51,Unknown,Changing Lane To The Left,Normal,Dry,Daylight,0,0,1,Minor
KAG_002931,Kaggle_road_csv,0,,Thursday,Unknown,Truck,Unknown,2,31-50,18-30,Moving Backward,Normal,Dry,Daylight,0,0,1,Minor
KAG_002932,Kaggle_road_csv,0,,Saturday,Unknown,Truck,Unknown,2,Over 51,Unknown,Driving Carelessly,Normal,Dry,Daylight,0,0,1,Serious
KAG_002933,Kaggle_road_csv,0,,Sunday,Unknown,Truck,Unknown,2,Over 51,Over 51,Changing Lane To The Left,Normal,Dry,Daylight,0,0,3,Minor
KAG_002934,Kaggle_road_csv,0,,Sunday,Unknown,Truck,Unknown,2,31-50,Over 51,No Priority To Vehicle,Normal,Dry,Daylight,0,0,3,Minor
KAG_002935,Kaggle_road_csv,0,,Sunday,Unknown,Truck,Unknown,1,31-50,18-30,Driving Carelessly,Normal,Dry,Daylight,0,0,1,Minor
KAG_002936,Kaggle_road_csv,0,,Friday,Unknown,Truck,Unknown,2,31-50,18-30,No Priority To Pedestrian,Normal,Dry,Daylight,0,0,1,Minor
KAG_002937,Kaggle_road_csv,0,,Monday,Unknown,Truck,Unknown,2,31-50,18-30,No Priority To Vehicle,Normal,Dry,Daylight,0,0,1,Minor
KAG_002938,Kaggle_road_csv,0,,Saturday,Unknown,Truck,Unknown,2,18-30,Unknown,No Distancing,Normal,Dry,Daylight,0,0,1,Minor
KAG_002939,Kaggle_road_csv,0,,Tuesday,Unknown,Truck,Unknown,2,18-30,18-30,Moving Backward,Normal,Dry,Daylight,0,0,1,Minor
KAG_002940,Kaggle_road_csv,0,,Saturday,Unknown,Truck,Unknown,2,31-50,Unknown,No Priority To Vehicle,Normal,Dry,Daylight,0,0,1,Minor
KAG_002941,Kaggle_road_csv,0,,Saturday,Unknown,Truck,Unknown,2,18-30,18-30,No Priority To Vehicle,Normal,Dry,Daylight,0,0,1,Minor
KAG_002942,Kaggle_road_csv,0,,Wednesday,Unknown,Truck,Unknown,2,18-30,Unknown,Moving Backward,Normal,Dry,Darkness - Lights Lit,0,0,1,Minor
KAG_002943,Kaggle_road_csv,0,,Friday,Unknown,Truck,Unknown,2,18-30,Under 18,No Priority To Vehicle,Normal,Wet Or Damp,Darkness - Lights Lit,0,0,1,Serious
KAG_002944,Kaggle_road_csv,0,,Friday,Unknown,Truck,Unknown,2,18-30,Under 18,Driving At High Speed,Normal,Wet Or Damp,Darkness - Lights Lit,0,0,1,Serious
KAG_002945,Kaggle_road_csv,0,,Sunday,Unknown,Truck,Unknown,2,31-50,18-30,No Distancing,Normal,Dry,Daylight,0,0,1,Serious
KAG_002946,Kaggle_road_csv,0,,Sunday,Unknown,Truck,Unknown,2,18-30,Under 18,Getting Off The Vehicle Improperly,Normal,Dry,Daylight,0,0,1,Fatal
KAG_002947,Kaggle_road_csv,0,,Saturday,Unknown,Truck,Unknown,2,31-50,31-50,Driving Under The Influence Of Drugs,Normal,Dry,Daylight,0,0,1,Minor
KAG_002948,Kaggle_road_csv,0,,Saturday,Unknown,Truck,Unknown,3,Under 18,Unknown,Driving Under The Influence Of Drugs,Normal,Dry,Daylight,0,0,1,Minor
KAG_002949,Kaggle_road_csv,0,,Tuesday,Unknown,Truck,Unknown,2,18-30,31-50,Moving Backward,Normal,Dry,Darkness - Lights Lit,0,0,1,Minor
KAG_002950,Kaggle_road_csv,0,,Sunday,Unknown,Truck,Unknown,1,31-50,Unknown,No Priority To Vehicle,Normal,Dry,Daylight,0,0,1,Minor
KAG_002951,Kaggle_road_csv,0,,Monday,Unknown,Truck,Unknown,1,Over 51,Unknown,Changing Lane To The Right,Normal,Dry,Darkness - No Lighting,0,0,4,Serious
KAG_002952,Kaggle_road_csv,0,,Sunday,Unknown,Truck,Unknown,1,31-50,31-50,Changing Lane To The Left,Normal,Dry,Darkness - No Lighting,0,0,4,Serious
KAG_002953,Kaggle_road_csv,0,,Sunday,Unknown,Truck,Unknown,3,Over 51,Unknown,Changing Lane To The Right,Normal,Dry,Darkness - Lights Unlit,0,0,1,Minor
KAG_002954,Kaggle_road_csv,0,,Tuesday,Unknown,Truck,Unknown,2,31-50,Unknown,No Priority To Vehicle,Normal,Dry,Daylight,0,0,1,Minor
KAG_002955,Kaggle_road_csv,0,,Wednesday,Unknown,Truck,Unknown,1,31-50,31-50,No Priority To Vehicle,Normal,Dry,Daylight,0,0,1,Minor
KAG_002956,Kaggle_road_csv,0,,Thursday,Unknown,Truck,Unknown,2,18-30,Unknown,Driving Under The Influence Of Drugs,Normal,Dry,Darkness - Lights Lit,0,0,3,Minor
KAG_002957,Kaggle_road_csv,0,,Wednesday,Unknown,Truck,Unknown,1,Over 51,31-50,No Priority To Vehicle,Normal,Dry,Daylight,0,0,1,Serious
KAG_002958,Kaggle_road_csv,0,,Thursday,Unknown,Truck,Unknown,1,31-50,18-30,No Distancing,Normal,Dry,Darkness - Lights Lit,0,0,3,Minor
KAG_002959,Kaggle_road_csv,0,,Thursday,Unknown,Truck,Unknown,1,18-30,31-50,Driving To The Left,Normal,Dry,Daylight,0,0,1,Minor
KAG_002960,Kaggle_road_csv,0,,Wednesday,Unknown,Truck,Unknown,2,31-50,31-50,Driving Carelessly,Raining,Wet Or Damp,Darkness - Lights Lit,0,0,1,Minor
KAG_002961,Kaggle_road_csv,0,,Friday,Unknown,Truck,Unknown,1,18-30,Unknown,Driving Under The Influence Of Drugs,Normal,Wet Or Damp,Darkness - Lights Lit,0,0,2,Serious
KAG_002962,Kaggle_road_csv,0,,Thursday,Unknown,Truck,Unknown,2,Under 18,18-30,Moving Backward,Normal,Dry,Darkness - Lights Lit,0,0,2,Minor
KAG_002963,Kaggle_road_csv,0,,Tuesday,Unknown,Truck,Unknown,2,18-30,Unknown,Changing Lane To The Left,Normal,Dry,Darkness - Lights Lit,0,0,2,Minor
KAG_002964,Kaggle_road_csv,0,,Saturday,Unknown,Truck,Unknown,2,Over 51,18-30,Changing Lane To The Left,Normal,Dry,Darkness - Lights Lit,0,0,2,Minor
KAG_002965,Kaggle_road_csv,0,,Saturday,Unknown,Truck,Unknown,2,31-50,18-30,No Priority To Pedestrian,Normal,Dry,Darkness - Lights Lit,0,0,2,Minor
KAG_002966,Kaggle_road_csv,0,,Thursday,Unknown,Truck,Unknown,2,18-30,31-50,Changing Lane To The Right,Raining,Wet Or Damp,Darkness - Lights Lit,0,0,1,Minor
KAG_002967,Kaggle_road_csv,0,,Thursday,Unknown,Truck,Unknown,2,31-50,31-50,Moving Backward,Normal,Dry,Darkness - Lights Lit,0,0,1,Minor
KAG_002968,Kaggle_road_csv,0,,Thursday,Unknown,Truck,Unknown,2,18-30,Unknown,Overloading,Normal,Dry,Daylight,0,0,2,Minor
KAG_002969,Kaggle_road_csv,0,,Monday,Unknown,Truck,Unknown,2,18-30,Unknown,Other,Normal,Wet Or Damp,Darkness - Lights Lit,0,0,1,Minor
KAG_002970,Kaggle_road_csv,0,,Thursday,Unknown,Truck,Unknown,2,31-50,18-30,Changing Lane To The Right,Raining,Wet Or Damp,Daylight,0,0,3,Minor
KAG_002971,Kaggle_road_csv,0,,Monday,Unknown,Truck,Unknown,2,18-30,18-30,No Priority To Vehicle,Raining,Wet Or Damp,Darkness - No Lighting,0,0,1,Minor
KAG_002972,Kaggle_road_csv,0,,Thursday,Unknown,Truck,Unknown,2,18-30,18-30,Driving Carelessly,Normal,Wet Or Damp,Daylight,0,0,1,Serious
KAG_002973,Kaggle_road_csv,0,,Wednesday,Unknown,Truck,Unknown,2,31-50,Unknown,Driving Carelessly,Normal,Dry,Daylight,0,0,1,Minor
KAG_002974,Kaggle_road_csv,0,,Friday,Unknown,Truck,Unknown,2,31-50,Over 51,Changing Lane To The Left,Normal,Dry,Daylight,0,0,1,Minor
KAG_002975,Kaggle_road_csv,0,,Saturday,Unknown,Truck,Unknown,2,Over 51,31-50,Changing Lane To The Right,Normal,Wet Or Damp,Darkness - Lights Lit,0,0,1,Minor
KAG_002976,Kaggle_road_csv,0,,Tuesday,Unknown,Truck,Unknown,2,18-30,Unknown,Driving At High Speed,Windy,Wet Or Damp,Darkness - Lights Lit,0,0,1,Minor
KAG_002977,Kaggle_road_csv,0,,Friday,Unknown,Truck,Unknown,2,31-50,18-30,Other,Raining,Wet Or Damp,Daylight,0,0,2,Minor
KAG_002978,Kaggle_road_csv,0,,Monday,Unknown,Truck,Unknown,1,18-30,18-30,No Distancing,Windy,Wet Or Damp,Darkness - Lights Lit,0,0,1,Minor
KAG_002979,Kaggle_road_csv,0,,Thursday,Unknown,Truck,Unknown,6,18-30,31-50,Driving To The Left,Normal,Dry,Daylight,0,0,1,Minor
KAG_002980,Kaggle_road_csv,0,,Thursday,Unknown,Truck,Unknown,2,31-50,31-50,Driving At High Speed,Raining,Wet Or Damp,Daylight,0,0,2,Minor
KAG_002981,Kaggle_road_csv,0,,Thursday,Unknown,Truck,Unknown,2,31-50,31-50,Changing Lane To The Right,Raining,Wet Or Damp,Darkness - No Lighting,0,0,1,Minor
KAG_002982,Kaggle_road_csv,0,,Monday,Unknown,Truck,Unknown,2,18-30,18-30,No Priority To Vehicle,Normal,Wet Or Damp,Darkness - Lights Lit,0,0,2,Minor
KAG_002983,Kaggle_road_csv,0,,Thursday,Unknown,Truck,Unknown,2,18-30,31-50,No Priority To Pedestrian,Normal,Wet Or Damp,Daylight,0,0,2,Minor
KAG_002984,Kaggle_road_csv,0,,Saturday,Unknown,Truck,Unknown,2,Over 51,31-50,Changing Lane To The Left,Raining,Wet Or Damp,Daylight,0,0,3,Minor
KAG_002985,Kaggle_road_csv,0,,Saturday,Unknown,Truck,Unknown,2,Over 51,18-30,Overturning,Raining,Wet Or Damp,Daylight,0,0,3,Minor
KAG_002986,Kaggle_road_csv,0,,Saturday,Unknown,Truck,Unknown,2,18-30,Unknown,Driving Carelessly,Raining,Wet Or Damp,Daylight,0,0,3,Minor
KAG_002987,Kaggle_road_csv,0,,Sunday,Unknown,Truck,Unknown,2,Over 51,31-50,No Distancing,Normal,Dry,Darkness - Lights Lit,0,0,3,Minor
KAG_002988,Kaggle_road_csv,0,,Sunday,Unknown,Truck,Unknown,2,Over 51,18-30,No Distancing,Normal,Dry,Darkness - Lights Lit,0,0,3,Minor
KAG_002989,Kaggle_road_csv,0,,Sunday,Unknown,Truck,Unknown,2,31-50,Unknown,No Distancing,Normal,Dry,Darkness - Lights Lit,0,0,3,Minor
KAG_002990,Kaggle_road_csv,0,,Friday,Unknown,Truck,Unknown,1,Over 51,31-50,Changing Lane To The Right,Normal,Dry,Darkness - Lights Lit,0,0,1,Minor
KAG_002991,Kaggle_road_csv,0,,Friday,Unknown,Truck,Unknown,2,18-30,18-30,No Priority To Pedestrian,Raining,Wet Or Damp,Darkness - Lights Lit,0,0,2,Minor
KAG_002992,Kaggle_road_csv,0,,Sunday,Unknown,Truck,Unknown,2,18-30,31-50,Other,Normal,Dry,Darkness - Lights Lit,0,0,1,Minor
KAG_002993,Kaggle_road_csv,0,,Wednesday,Unknown,Truck,Unknown,2,18-30,31-50,Moving Backward,Normal,Wet Or Damp,Darkness - No Lighting,0,0,2,Serious
KAG_002994,Kaggle_road_csv,0,,Wednesday,Unknown,Truck,Unknown,3,31-50,Unknown,No Distancing,Normal,Dry,Daylight,0,0,1,Minor
KAG_002995,Kaggle_road_csv,0,,Sunday,Unknown,Truck,Unknown,2,Unknown,Unknown,Driving Carelessly,Other,Wet Or Damp,Daylight,0,0,1,Minor
KAG_002996,Kaggle_road_csv,0,,Thursday,Unknown,Truck,Unknown,2,31-50,18-30,Changing Lane To The Right,Raining,Wet Or Damp,Darkness - Lights Lit,0,0,2,Minor
KAG_002997,Kaggle_road_csv,0,,Sunday,Unknown,Truck,Unknown,3,31-50,18-30,Driving Carelessly,Snow,Snow,Daylight,0,0,2,Minor