accident_id,source,year,month,day_of_week,state,vehicle_1,vehicle_2,vehicles_involved,party_age_group,victim_age_group,cause_of_accident,weather_condition,road_condition,lighting_condition,fatalities,injuries,casualties,severity
KAG_002998,Kaggle_road_csv,0,,Saturday,Unknown,Truck,Unknown,2,31-50,Unknown,Overtaking,Normal,Wet Or Damp,Darkness - Lights Lit,0,0,6,Minor
KAG_002999,Kaggle_road_csv,0,,Friday,Unknown,Truck,Unknown,2,18-30,18-30,Driving To The Left,Normal,Wet Or Damp,Darkness - Lights Lit,0,0,6,Minor
KAG_003000,Kaggle_road_csv,0,,Monday,Unknown,Truck,Unknown,2,18-30,31-50,Overtaking,Normal,Wet Or Damp,Darkness - Lights Lit,0,0,6,Minor
KAG_003001,Kaggle_road_csv,0,,Saturday,Unknown,Truck,Unknown,2,31-50,Under 18,Moving Backward,Cloudy,Wet Or Damp,Darkness - Lights Lit,0,0,2,Minor
KAG_003002,Kaggle_road_csv,0,,Saturday,Unknown,Truck,Unknown,2,18-30,18-30,Driving Carelessly,Normal,Dry,Daylight,0,0,1,Minor
KAG_003003,Kaggle_road_csv,0,,Monday,Unknown,Truck,Unknown,1,31-50,Unknown,No Distancing,Normal,Wet Or Damp,Darkness - Lights Lit,0,0,1,Minor
KAG_003004,Kaggle_road_csv,0,,Thursday,Unknown,Truck,Unknown,2,18-30,31-50,No Distancing,Windy,Wet Or Damp,Daylight,0,0,1,Minor
KAG_003005,Kaggle_road_csv,0,,Wednesday,Unknown,Truck,Unknown,2,18-30,Over 51,Moving Backward,Windy,Wet Or Damp,Daylight,0,0,1,Minor
KAG_003006,Kaggle_road_csv,0,,Friday,Unknown,Truck,Unknown,2,31-50,Unknown,Driving Carelessly,Normal,Wet Or Damp,Darkness - Lights Lit,0,0,2,Minor
KAG_003007,Kaggle_road_csv,0,,Sunday,Unknown,Truck,Unknown,3,Unknown,31-50,Changing Lane To The Left,Normal,Dry,Daylight,0,0,3,Minor
KAG_003008,Kaggle_road_csv,0,,Sunday,Unknown,Truck,Unknown,3,Over 51,18-30,No Priority To Vehicle,Normal,Dry,Daylight,0,0,3,Minor
KAG_003009,Kaggle_road_csv,0,,Sunday,Unknown,Truck,Unknown,3,18-30,18-30,Changing Lane To The Right,Normal,Dry,Daylight,0,0,3,Minor
KAG_003010,Kaggle_road_csv,0,,Tuesday,Unknown,Truck,Unknown,2,18-30,18-30,No Distancing,Normal,Dry,Daylight,0,0,1,Minor
KAG_003011,Kaggle_road_csv,0,,Sunday,Unknown,Truck,Unknown,3,18-30,Unknown,Changing Lane To The Left,Normal,Dry,Darkness - Lights Lit,0,0,3,Minor
KAG_003012,Kaggle_road_csv,0,,Monday,Unknown,Truck,Unknown,3,31-50,Unknown,Changing Lane To The Left,Unknown,Dry,Daylight,0,0,4,Serious
KAG_003013,Kaggle_road_csv,0,,Monday,Unknown,Truck,Unknown,3,Unknown,Under 18,No Distancing,Unknown,Dry,Daylight,0,0,4,Serious
KAG_003014,Kaggle_road_csv,0,,Tuesday,Unknown,Truck,Unknown,2,Under 18,Over 51,No Priority To Pedestrian,Normal,Wet Or Damp,Darkness - Lights Lit,0,0,1,Minor
KAG_003015,Kaggle_road_csv,0,,Tuesday,Unknown,Truck,Unknown,2,Under 18,Over 51,Changing Lane To The Left,Fog Or Mist,Wet Or Damp,Daylight,0,0,1,Minor
KAG_003016,Kaggle_road_csv,0,,Tuesday,Unknown,Truck,Unknown,2,31-50,Under 18,Driving Carelessly,Fog Or Mist,Wet Or Damp,Daylight,0,0,1,Minor
KAG_003017,Kaggle_road_csv,0,,Friday,Unknown,Truck,Unknown,2,Over 51,31-50,No Distancing,Normal,Dry,Daylight,0,0,1,Serious
KAG_003018,Kaggle_road_csv,0,,Friday,Unknown,Truck,Unknown,2,18-30,Unknown,No Priority To Vehicle,Normal,Dry,Daylight,0,0,2,Minor
KAG_003019,Kaggle_road_csv,0,,Saturday,Unknown,Truck,Unknown,3,Under 18,18-30,Getting Off The Vehicle Improperly,Normal,Wet Or Damp,Daylight,0,0,1,Minor
KAG_003020,Kaggle_road_csv,0,,Monday,Unknown,Truck,Unknown,1,Over 51,Over 51,No Distancing,Normal,Dry,Daylight,0,0,1,Minor
KAG_003021,Kaggle_road_csv,0,,Sunday,Unknown,Truck,Unknown,2,Unknown,18-30,No Distancing,Normal,Dry,Daylight,0,0,1,Minor
KAG_003022,Kaggle_road_csv,0,,Sunday,Unknown,Truck,Unknown,2,18-30,31-50,Changing Lane To The Left,Normal,Dry,Daylight,0,0,1,Minor
KAG_003023,Kaggle_road_csv,0,,Thursday,Unknown,Truck,Unknown,1,31-50,Unknown,Other,Normal,Dry,Darkness - Lights Lit,0,0,1,Minor
KAG_003024,Kaggle_road_csv,0,,Wednesday,Unknown,Truck,Unknown,1,18-30,18-30,No Priority To Vehicle,Raining,Wet Or Damp,Darkness - Lights Lit,0,0,1,Fatal
KAG_003025,Kaggle_road_csv,0,,Wednesday,Unknown,Truck,Unknown,4,18-30,Unknown,Changing Lane To The Left,Normal,Wet Or Damp,Daylight,0,0,6,Serious
KAG_003026,Kaggle_road_csv,0,,Friday,Unknown,Truck,Unknown,4,Over 51,Unknown,Overtaking,Normal,Wet Or Damp,Daylight,0,0,6,Serious
KAG_003027,Kaggle_road_csv,0,,Thursday,Unknown,Truck,Unknown,4,18-30,31-50,Changing Lane To The Left,Normal,Wet Or Damp,Daylight,0,0,6,Serious
KAG_003028,Kaggle_road_csv,0,,Friday,Unknown,Truck,Unknown,3,31-50,18-30,No Priority To Pedestrian,Normal,Dry,Darkness - Lights Lit,0,0,5,Serious
KAG_003029,Kaggle_road_csv,0,,Saturday,Unknown,Truck,Unknown,3,Under 18,18-30,Moving Backward,Normal,Dry,Darkness - Lights Lit,0,0,5,Serious
KAG_003030,Kaggle_road_csv,0,,Wednesday,Unknown,Truck,Unknown,3,18-30,Unknown,No Distancing,Normal,Dry,Darkness - Lights Lit,0,0,5,Serious
KAG_003031,Kaggle_road_csv,0,,Wednesday,Unknown,Truck,Unknown,2,Under 18,Unknown,Driving Carelessly,Normal,Dry,Daylight,0,0,1,Minor
KAG_003032,Kaggle_road_csv,0,,Tuesday,Unknown,Truck,Unknown,3,Over 51,Unknown,No Priority To Vehicle,Normal,Dry,Daylight,0,0,1,Minor
KAG_003033,Kaggle_road_csv,0,,Wednesday,Unknown,Truck,Unknown,2,31-50,Under 18,Changing Lane To The Left,Normal,Dry,Daylight,0,0,1,Minor
KAG_003034,Kaggle_road_csv,0,,Thursday,Unknown,Truck,Unknown,3,Under 18,Unknown,Changing Lane To The Right,Normal,Dry,Daylight,0,0,2,Minor
KAG_003035,Kaggle_road_csv,0,,Sunday,Unknown,Truck,Unknown,2,18-30,Unknown,No Distancing,Normal,Wet Or Damp,Daylight,0,0,3,Minor
KAG_003036,Kaggle_road_csv,0,,Monday,Unknown,Truck,Unknown,4,18-30,31-50,No Priority To Pedestrian,Normal,Dry,Daylight,0,0,1,Minor
KAG_003037,Kaggle_road_csv,0,,Monday,Unknown,Truck,Unknown,1,31-50,Unknown,No Priority To Vehicle,Normal,Dry,Daylight,0,0,1,Minor
KAG_003038,Kaggle_road_csv,0,,Monday,Unknown,Truck,Unknown,4,31-50,31-50,No Priority To Vehicle,Normal,Dry,Daylight,0,0,2,Minor
KAG_003039,Kaggle_road_csv,0,,Sunday,Unknown,Truck,Unknown,3,18-30,18-30,Getting Off The Vehicle Improperly,Raining,Wet Or Damp,Daylight,0,0,1,Minor
KAG_003040,Kaggle_road_csv,0,,Sunday,Unknown,Truck,Unknown,2,31-50,31-50,Changing Lane To The Left,Normal,Dry,Daylight,0,0,2,Minor
KAG_003041,Kaggle_road_csv,0,,Saturday,Unknown,Truck,Unknown,2,18-30,Unknown,Driving Under The Influence Of Drugs,Normal,Dry,Daylight,0,0,2,Minor
KAG_003042,Kaggle_road_csv,0,,Friday,Unknown,Truck,Unknown,2,Under 18,Unknown,Overturning,Normal,Dry,Daylight,0,0,1,Fatal
KAG_003043,Kaggle_road_csv,0,,Sunday,Unknown,Truck,Unknown,2,31-50,31-50,Moving Backward,Normal,Dry,Daylight,0,0,1,Serious
KAG_003044,Kaggle_road_csv,0,,Wednesday,Unknown,Truck,Unknown,2,31-50,Under 18,No Priority To Vehicle,Normal,Dry,Daylight,0,0,1,Serious
KAG_003045,Kaggle_road_csv,0,,Wednesday,Unknown,Truck,Unknown,2,31-50,Under 18,No Priority To Vehicle,Normal,Dry,Darkness - Lights Lit,0,0,3,Minor
KAG_003046,Kaggle_road_csv,0,,Wednesday,Unknown,Truck,Unknown,2,18-30,31-50,Changing Lane To The Right,Normal,Dry,Daylight,0,0,2,Fatal
KAG_003047,Kaggle_road_csv,0,,Tuesday,Unknown,Truck,Unknown,2,18-30,18-30,Changing Lane To The Left,Normal,Dry,Daylight,0,0,1,Minor
KAG_003048,Kaggle_road_csv,0,,Tuesday,Unknown,Truck,Unknown,1,31-50,Over 51,Moving Backward,Normal,Dry,Daylight,0,0,1,Minor
KAG_003049,Kaggle_road_csv,0,,Friday,Unknown,Truck,Unknown,2,18-30,Unknown,No Priority To Vehicle,Normal,Dry,Daylight,0,0,1,Minor
KAG_003050,Kaggle_road_csv,0,,Sunday,Unknown,Truck,Unknown,4,18-30,Unknown,Driving Under The Influence Of Drugs,Normal,Dry,Daylight,0,0,1,Minor
KAG_003051,Kaggle_road_csv,0,,Monday,Unknown,Truck,Unknown,4,18-30,18-30,Driving Carelessly,Normal,Dry,Daylight,0,0,1,Minor
KAG_003052,Kaggle_road_csv,0,,Monday,Unknown,Truck,Unknown,3,Over 51,18-30,No Priority To Vehicle,Normal,Dry,Daylight,0,0,4,Minor
KAG_003053,Kaggle_road_csv,0,,Friday,Unknown,Truck,Unknown,3,31-50,Unknown,No Priority To Vehicle,Normal,Dry,Daylight,0,0,4,Minor
KAG_003054,Kaggle_road_csv,0,,Friday,Unknown,Truck,Unknown,3,31-50,Under 18,No Priority To Vehicle,Normal,Dry,Daylight,0,0,4,Minor
KAG_003055,Kaggle_road_csv,0,,Saturday,Unknown,Truck,Unknown,3,Over 51,Over 51,Changing Lane To The Left,Normal,Dry,Daylight,0,0,4,Minor
KAG_003056,Kaggle_road_csv,0,,Thursday,Unknown,Truck,Unknown,2,Over 51,Unknown,No Priority To Vehicle,Normal,Dry,Daylight,0,0,1,Minor
KAG_003057,Kaggle_road_csv,0,,Thursday,Unknown,Truck,Unknown,2,18-30,Unknown,Driving Carelessly,Normal,Dry,Daylight,0,0,1,Minor
KAG_003058,Kaggle_road_csv,0,,Friday,Unknown,Truck,Unknown,2,31-50,Unknown,No Priority To Vehicle,Normal,Dry,Darkness - Lights Lit,0,0,1,Serious
KAG_003059,Kaggle_road_csv,0,,Saturday,Unknown,Truck,Unknown,2,18-30,18-30,Driving Carelessly,Normal,Dry,Daylight,0,0,2,Minor
KAG_003060,Kaggle_road_csv,0,,Sunday,Unknown,Truck,Unknown,2,31-50,18-30,Driving Carelessly,Normal,Dry,Daylight,0,0,2,Minor
KAG_003061,Kaggle_road_csv,0,,Friday,Unknown,Truck,Unknown,2,31-50,31-50,Driving Carelessly,Normal,Dry,Daylight,0,0,1,Minor
KAG_003062,Kaggle_road_csv,0,,Tuesday,Unknown,Truck,Unknown,2,Under 18,Over 51,No Priority To Vehicle,Raining,Wet Or Damp,Daylight,0,0,1,Minor
KAG_003063,Kaggle_road_csv,0,,Friday,Unknown,Truck,Unknown,3,18-30,Unknown,Moving Backward,Normal,Dry,Daylight,0,0,2,Minor
KAG_003064,Kaggle_road_csv,0,,Tuesday,Unknown,Truck,Unknown,1,31-50,Unknown,No Priority To Vehicle,Normal,Dry,Daylight,0,0,1,Minor
KAG_003065,Kaggle_road_csv,0,,Tuesday,Unknown,Truck,Unknown,2,Over 51,31-50,Changing Lane To The Right,Normal,Wet Or Damp,Daylight,0,0,3,Minor
KAG_003066,Kaggle_road_csv,0,,Saturday,Unknown,Truck,Unknown,2,18-30,Under 18,No Priority To Pedestrian,Cloudy,Dry,Darkness - No Lighting,0,0,1,Minor
KAG_003067,Kaggle_road_csv,0,,Friday,Unknown,Truck,Unknown,2,31-50,Under 18,Changing Lane To The Left,Cloudy,Dry,Darkness - No Lighting,0,0,1,Minor
KAG_003068,Kaggle_road_csv,0,,Sunday,Unknown,Truck,Unknown,1,Under 18,31-50,Driving Carelessly,Normal,Dry,Daylight,0,0,1,Fatal
KAG_003069,Kaggle_road_csv,0,,Friday,Unknown,Truck,Unknown,2,18-30,Unknown,Driving To The Left,Normal,Dry,Daylight,0,0,2,Minor
KAG_003070,Kaggle_road_csv,0,,Friday,Unknown,Truck,Unknown,2,18-30,31-50,Changing Lane To The Left,Normal,Dry,Daylight,0,0,2,Minor
KAG_003071,Kaggle_road_csv,0,,Wednesday,Unknown,Truck,Unknown,2,31-50,18-30,No Distancing,Normal,Dry,Daylight,0,0,1,Minor
KAG_003072,Kaggle_road_csv,0,,Thursday,Unknown,Truck,Unknown,2,31-50,Over 51,Overtaking,Normal,Dry,Darkness - Lights Lit,0,0,1,Fatal
KAG_003073,Kaggle_road_csv,0,,Friday,Unknown,Truck,Unknown,3,Under 18,Unknown,Changing Lane To The Right,Normal,Dry,Daylight,0,0,1,Serious
KAG_003074,Kaggle_road_csv,0,,Friday,Unknown,Truck,Unknown,2,Unknown,Unknown,No Distancing,Normal,Dry,Daylight,0,0,1,Minor
KAG_003075,Kaggle_road_csv,0,,Tuesday,Unknown,Truck,Unknown,1,18-30,Unknown,Moving Backward,Normal,Dry,Daylight,0,0,1,Minor
KAG_003076,Kaggle_road_csv,0,,Monday,Unknown,Truck,Unknown,1,18-30,Unknown,No Priority To Pedestrian,Normal,Wet Or Damp,Daylight,0,0,2,Minor
KAG_003077,Kaggle_road_csv,0,,Thursday,Unknown,Truck,Unknown,2,31-50,Unknown,No Priority To Vehicle,Normal,Dry,Daylight,0,0,1,Minor
KAG_003078,Kaggle_road_csv,0,,Monday,Unknown,Truck,Unknown,2,Over 51,31-50,No Distancing,Raining,Wet Or Damp,Darkness - No Lighting,0,0,1,Minor
KAG_003079,Kaggle_road_csv,0,,Monday,Unknown,Truck,Unknown,2,18-30,31-50,Changing Lane To The Left,Normal,Dry,Darkness - Lights Lit,0,0,5,Minor
KAG_003080,Kaggle_road_csv,0,,Wednesday,Unknown,Truck,Unknown,3,31-50,18-30,Overtaking,Normal,Dry,Daylight,0,0,1,Minor
KAG_003081,Kaggle_road_csv,0,,Tuesday,Unknown,Truck,Unknown,2,18-30,Unknown,No Distancing,Normal,Dry,Daylight,0,0,1,Minor
KAG_003082,Kaggle_road_csv,0,,Monday,Unknown,Truck,Unknown,2,18-30,Over 51,Changing Lane To The Right,Normal,Dry,Daylight,0,0,1,Minor
KAG_003083,Kaggle_road_csv,0,,Wednesday,Unknown,Truck,Unknown,2,Under 18,31-50,Driving Carelessly,Normal,Wet Or Damp,Darkness - Lights Lit,0,0,1,Serious
KAG_003084,Kaggle_road_csv,0,,Friday,Unknown,Truck,Unknown,2,31-50,Under 18,No Distancing,Normal,Dry,Daylight,0,0,1,Minor
KAG_003085,Kaggle_road_csv,0,,Friday,Unknown,Truck,Unknown,2,Over 51,18-30,No Priority To Vehicle,Normal,Wet Or Damp,Darkness - Lights Lit,0,0,3,Minor
KAG_003086,Kaggle_road_csv,0,,Wednesday,Unknown,Truck,Unknown,2,18-30,Over 51,No Priority To Pedestrian,Normal,Dry,Darkness - Lights Lit,0,0,1,Minor
KAG_003087,Kaggle_road_csv,0,,Saturday,Unknown,Truck,Unknown,1,Over 51,31-50,Driving Carelessly,Raining And Windy,Wet Or Damp,Daylight,0,0,1,Minor
KAG_003088,Kaggle_road_csv,0,,Thursday,Unknown,Truck,Unknown,3,18-30,Unknown,Changing Lane To The Right,Raining,Wet Or Damp,Darkness - Lights Lit,0,0,1,Minor
KAG_003089,Kaggle_road_csv,0,,Friday,Unknown,Truck,Unknown,2,31-50,Unknown,Changing Lane To The Left,Normal,Dry,Darkness - Lights Lit,0,0,1,Minor
KAG_003090,Kaggle_road_csv,0,,Thursday,Unknown,Truck,Unknown,2,31-50,31-50,No Distancing,Normal,Wet Or Damp,Darkness - Lights Lit,0,0,1,Minor
KAG_003091,Kaggle_road_csv,0,,Thursday,Unknown,Truck,Unknown,2,31-50,Unknown,No Distancing,Normal,Wet Or Damp,Darkness - Lights Lit,0,0,1,Minor
KAG_003092,Kaggle_road_csv,0,,Monday,Unknown,Truck,Unknown,2,Over 51,18-30,No Priority To Pedestrian,Normal,Wet Or Damp,Daylight,0,0,1,Serious
KAG_003093,Kaggle_road_csv,0,,Thursday,Unknown,Truck,Unknown,1,31-50,31-50,Changing Lane To The Right,Normal,Dry,Daylight,0,0,1,Serious
KAG_003094,Kaggle_road_csv,0,,Wednesday,Unknown,Truck,Unknown,2,18-30,31-50,No Priority To Pedestrian,Cloudy,Wet Or Damp,Darkness - Lights Lit,0,0,1,Minor
KAG_003095,Kaggle_road_csv,0,,Friday,Unknown,Truck,Unknown,1,Over 51,18-30,Other,Windy,Wet Or Damp,Darkness - Lights Lit,0,0,1,Minor
KAG_003096,Kaggle_road_csv,0,,Friday,Unknown,Truck,Unknown,2,31-50,31-50,Moving Backward,Raining,Wet Or Damp,Daylight,0,0,1,Minor
KAG_003097,Kaggle_road_csv,0,,Friday,Unknown,Truck,Unknown,2,Unknown,Under 18,Driving Carelessly,Normal,Dry,Darkness - Lights Lit,0,0,1,Minor
KAG_003098,Kaggle_road_csv,0,,Tuesday,Unknown,Truck,Unknown,3,18-30,Unknown,Changing Lane To The Right,Raining,Wet Or Damp,Darkness - Lights Lit,0,0,1,Minor
KAG_003099,Kaggle_road_csv,0,,Friday,Unknown,Truck,Unknown,2,18-30,18-30,Driving Carelessly,Normal,Dry,Darkness - Lights Lit,0,0,2,Minor
KAG_003100,Kaggle_road_csv,0,,Thursday,Unknown,Truck,Unknown,2,Over 51,31-50,Changing Lane To The Right,Raining,Wet Or Damp,Daylight,0,0,1,Minor
KAG_003101,Kaggle_road_csv,0,,Thursday,Unknown,Truck,Unknown,1,31-50,Unknown,Other,Raining,Wet Or Damp,Darkness - Lights Lit,0,0,1,Serious
KAG_003102,Kaggle_road_csv,0,,Saturday,Unknown,Truck,Unknown,2,31-50,18-30,Overtaking,Normal,Dry,Darkness - Lights Lit,0,0,2,Minor
KAG_003103,Kaggle_road_csv,0,,Saturday,Unknown,Truck,Unknown,1,18-30,Unknown,No Priority To Vehicle,Raining,Wet Or Damp,Darkness - Lights Lit,0,0,2,Serious
KAG_003104,Kaggle_road_csv,0,,Sunday,Unknown,Truck,Unknown,2,31-50,Unknown,Driving To The Left,Normal,Dry,Daylight,0,0,1,Minor
KAG_003105,Kaggle_road_csv,0,,Tuesday,Unknown,Truck,Unknown,2,31-50,31-50,Moving Backward,Normal,Dry,Daylight,0,0,1,Minor
KAG_003106,Kaggle_road_csv,0,,Wednesday,Unknown,Truck,Unknown,2,31-50,Under 18,No Distancing,Normal,Dry,Daylight,0,0,1,Minor
KAG_003107,Kaggle_road_csv,0,,Thursday,Unknown,Truck,Unknown,2,18-30,Unknown,Moving Backward,Normal,Dry,Daylight,0,0,1,Minor
KAG_003108,Kaggle_road_csv,0,,Thursday,Unknown,Truck,Unknown,3,31-50,Under 18,No Priority To Pedestrian,Normal,Wet Or Damp,Daylight,0,0,4,Minor
KAG_003109,Kaggle_road_csv,0,,Wednesday,Unknown,Truck,Unknown,2,Over 51,18-30,No Priority To Pedestrian,Cloudy,Dry,Darkness - No Lighting,0,0,1,Minor
KAG_003110,Kaggle_road_csv,0,,Wednesday,Unknown,Truck,Unknown,2,31-50,Unknown,Moving Backward,Cloudy,Dry,Darkness - No Lighting,0,0,1,Minor
KAG_003111,Kaggle_road_csv,0,,Saturday,Unknown,Truck,Unknown,2,18-30,Under 18,No Priority To Pedestrian,Normal,Wet Or Damp,Daylight,0,0,1,Minor
KAG_003112,Kaggle_road_csv,0,,Friday,Unknown,Truck,Unknown,1,18-30,Unknown,Changing Lane To The Right,Normal,Dry,Darkness - Lights Lit,0,0,1,Minor
KAG_003113,Kaggle_road_csv,0,,Friday,Unknown,Truck,Unknown,2,31-50,Unknown,No Distancing,Normal,Dry,Darkness - Lights Lit,0,0,1,Serious
KAG_003114,Kaggle_road_csv,0,,Saturday,Unknown,Truck,Unknown,2,18-30,Unknown,Changing Lane To The Right,Other,Wet Or Damp,Darkness - Lights Lit,0,0,3,Minor
KAG_003115,Kaggle_road_csv,0,,Wednesday,Unknown,Truck,Unknown,2,Over 51,Under 18,No Priority To Vehicle,Other,Wet Or Damp,Darkness - Lights Lit,0,0,3,Minor
KAG_003116,Kaggle_road_csv,0,,Wednesday,Unknown,Truck,Unknown,2,31-50,31-50,Changing Lane To The Left,Other,Wet Or Damp,Darkness - Lights Lit,0,0,3,Minor
KAG_003117,Kaggle_road_csv,0,,Saturday,Unknown,Truck,Unknown,1,31-50,Under 18,No Distancing,Raining,Wet Or Damp,Daylight,0,0,1,Minor
KAG_003118,Kaggle_road_csv,0,,Friday,Unknown,Truck,Unknown,2,31-50,Unknown,Changing Lane To The Left,Windy,Wet Or Damp,Darkness - Lights Lit,0,0,1,Minor
KAG_003119,Kaggle_road_csv,0,,Friday,Unknown,Truck,Unknown,1,18-30,Unknown,Changing Lane To The Left,Normal,Dry,Daylight,0,0,1,Fatal
KAG_003120,Kaggle_road_csv,0,,Friday,Unknown,Truck,Unknown,2,18-30,31-50,Moving Backward,Raining,Wet Or Damp,Darkness - Lights Lit,0,0,1,Serious
KAG_003121,Kaggle_road_csv,0,,Sunday,Unknown,Truck,Unknown,2,31-50,Under 18,Changing Lane To The Left,Normal,Dry,Daylight,0,0,3,Minor
KAG_003122,Kaggle_road_csv,0,,Saturday,Unknown,Truck,Unknown,2,Under 18,Under 18,Getting Off The Vehicle Improperly,Raining,Wet Or Damp,Darkness - Lights Lit,0,0,1,Minor
KAG_003123,Kaggle_road_csv,0,,Friday,Unknown,Truck,Unknown,2,Under 18,18-30,No Distancing,Normal,Dry,Daylight,0,0,2,Minor
KAG_003124,Kaggle_road_csv,0,,Friday,Unknown,Truck,Unknown,2,31-50,Unknown,Changing Lane To The Left,Normal,Dry,Daylight,0,0,2,Minor
KAG_003125,Kaggle_road_csv,0,,Monday,Unknown,Truck,Unknown,1,31-50,31-50,No Distancing,Normal,Dry,Daylight,0,0,1,Minor
KAG_003126,Kaggle_road_csv,0,,Monday,Unknown,Truck,Unknown,1,31-50,Unknown,No Priority To Pedestrian,Normal,Dry,Daylight,0,0,1,Minor
KAG_003127,Kaggle_road_csv,0,,Tuesday,Unknown,Truck,Unknown,3,18-30,18-30,No Priority To Vehicle,Normal,Dry,Daylight,0,0,1,Minor
KAG_003128,Kaggle_road_csv,0,,Sunday,Unknown,Truck,Unknown,2,31-50,18-30,Changing Lane To The Left,Normal,Wet Or Damp,Daylight,0,0,2,Serious
KAG_003129,Kaggle_road_csv,0,,Tuesday,Unknown,Truck,Unknown,2,18-30,Unknown,No Distancing,Other,Wet Or Damp,Darkness - Lights Lit,0,0,1,Minor
KAG_003130,Kaggle_road_csv,0,,Friday,Unknown,Truck,Unknown,1,31-50,31-50,Moving Backward,Normal,Wet Or Damp,Daylight,0,0,1,Serious
KAG_003131,Kaggle_road_csv,0,,Friday,Unknown,Truck,Unknown,2,31-50,Over 51,No Distancing,Normal,Dry,Daylight,0,0,1,Serious
KAG_003132,Kaggle_road_csv,0,,Friday,Unknown,Truck,Unknown,4,18-30,Unknown,Moving Backward,Normal,Dry,Daylight,0,0,5,Minor
KAG_003133,Kaggle_road_csv,0,,Tuesday,Unknown,Truck,Unknown,2,Unknown,18-30,No Priority To Pedestrian,Normal,Dry,Darkness - Lights Lit,0,0,1,Minor
KAG_003134,Kaggle_road_csv,0,,Thursday,Unknown,Truck,Unknown,2,Under 18,Unknown,No Priority To Vehicle,Normal,Dry,Daylight,0,0,1,Minor
KAG_003135,Kaggle_road_csv,0,,Thursday,Unknown,Truck,Unknown,2,18-30,Unknown,Changing Lane To The Left,Normal,Dry,Daylight,0,0,1,Minor
KAG_003136,Kaggle_road_csv,0,,Tuesday,Unknown,Truck,Unknown,3,18-30,18-30,Overtaking,Normal,Dry,Daylight,0,0,3,Serious
KAG_003137,Kaggle_road_csv,0,,Monday,Unknown,Truck,Unknown,3,18-30,Unknown,Moving Backward,Normal,Dry,Darkness - Lights Lit,0,0,3,Minor
KAG_003138,Kaggle_road_csv,0,,Monday,Unknown,Truck,Unknown,3,Over 51,Under 18,No Distancing,Normal,Dry,Darkness - Lights Lit,0,0,3,Minor
KAG_003139,Kaggle_road_csv,0,,Friday,Unknown,Truck,Unknown,3,Unknown,18-30,No Distancing,Normal,Dry,Darkness - Lights Lit,0,0,3,Minor
KAG_003140,Kaggle_road_csv,0,,Thursday,Unknown,Truck,Unknown,2,18-30,31-50,Driving Carelessly,Cloudy,Dry,Daylight,0,0,1,Minor
KAG_003141,Kaggle_road_csv,0,,Monday,Unknown,Truck,Unknown,2,18-30,Unknown,Driving Under The Influence Of Drugs,Cloudy,Dry,Daylight,0,0,1,Minor
KAG_003142,Kaggle_road_csv,0,,Monday,Unknown,Truck,Unknown,2,18-30,18-30,No Priority To Pedestrian,Normal,Dry,Daylight,0,0,2,Minor
KAG_003143,Kaggle_road_csv,0,,Friday,Unknown,Truck,Unknown,3,18-30,31-50,Moving Backward,Normal,Dry,Daylight,0,0,1,Minor
KAG_003144,Kaggle_road_csv,0,,Friday,Unknown,Truck,Unknown,2,31-50,Unknown,Driving Carelessly,Normal,Dry,Daylight,0,0,1,Minor
KAG_003145,Kaggle_road_csv,0,,Saturday,Unknown,Truck,Unknown,2,18-30,18-30,No Distancing,Normal,Dry,Daylight,0,0,1,Minor
KAG_003146,Kaggle_road_csv,0,,Tuesday,Unknown,Truck,Unknown,3,18-30,18-30,No Distancing,Normal,Dry,Daylight,0,0,2,Minor
KAG_003147,Kaggle_road_csv,0,,Sunday,Unknown,Truck,Unknown,2,Over 51,31-50,Changing Lane To The Left,Normal,Dry,Daylight,0,0,1,Serious
KAG_003148,Kaggle_road_csv,0,,Sunday,Unknown,Truck,Unknown,2,Under 18,18-30,Changing Lane To The Right,Normal,Wet Or Damp,Daylight,0,0,1,Minor
KAG_003149,Kaggle_road_csv,0,,Thursday,Unknown,Truck,Unknown,3,18-30,Over 51,Overturning,Normal,Wet Or Damp,Daylight,0,0,4,Minor
KAG_003150,Kaggle_road_csv,0,,Thursday,Unknown,Truck,Unknown,2,Over 51,Unknown,Changing Lane To The Left,Normal,Wet Or Damp,Daylight,0,0,1,Minor
KAG_003151,Kaggle_road_csv,0,,Saturday,Unknown,Truck,Unknown,2,Over 51,18-30,Changing Lane To The Right,Normal,Dry,Daylight,0,0,1,Serious
KAG_003152,Kaggle_road_csv,0,,Friday,Unknown,Truck,Unknown,3,31-50,Unknown,Moving Backward,Normal,Dry,Daylight,0,0,1,Minor
KAG_003153,Kaggle_road_csv,0,,Sunday,Unknown,Truck,Unknown,2,18-30,18-30,Changing Lane To The Right,Raining,Wet Or Damp,Daylight,0,0,2,Minor
KAG_003154,Kaggle_road_csv,0,,Sunday,Unknown,Truck,Unknown,2,31-50,Over 51,No Priority To Vehicle,Raining,Wet Or Damp,Daylight,0,0,2,Minor