accident_id,source,year,month,day_of_week,state,vehicle_1,vehicle_2,vehicles_involved,party_age_group,victim_age_group,cause_of_accident,weather_condition,road_condition,lighting_condition,fatalities,injuries,casualties,severity
KAG_003155,Kaggle_road_csv,0,,Friday,Unknown,Truck,Unknown,3,18-30,Unknown,Moving Backward,Normal,Dry,Daylight,0,0,3,Minor
KAG_003156,Kaggle_road_csv,0,,Thursday,Unknown,Truck,Unknown,2,Over 51,18-30,No Priority To Vehicle,Normal,Dry,Daylight,0,0,1,Minor
KAG_003157,Kaggle_road_csv,0,,Thursday,Unknown,Truck,Unknown,2,31-50,Over 51,Moving Backward,Normal,Dry,Daylight,0,0,1,Minor
KAG_003158,Kaggle_road_csv,0,,Sunday,Unknown,Truck,Unknown,2,31-50,Unknown,Getting Off The Vehicle Improperly,Normal,Dry,Daylight,0,0,1,Minor
KAG_003159,Kaggle_road_csv,0,,Sunday,Unknown,Truck,Unknown,2,18-30,31-50,Changing Lane To The Left,Normal,Dry,Daylight,0,0,1,Minor
KAG_003160,Kaggle_road_csv,0,,Sunday,Unknown,Truck,Unknown,3,Unknown,31-50,No Priority To Vehicle,Normal,Dry,Daylight,0,0,1,Minor
KAG_003161,Kaggle_road_csv,0,,Wednesday,Unknown,Truck,Unknown,2,31-50,18-30,Changing Lane To The Left,Normal,Dry,Daylight,0,0,1,Minor
KAG_003162,Kaggle_road_csv,0,,Thursday,Unknown,Truck,Unknown,2,18-30,Unknown,Moving Backward,Normal,Dry,Daylight,0,0,1,Minor
KAG_003163,Kaggle_road_csv,0,,Thursday,Unknown,Truck,Unknown,3,18-30,Under 18,Driving Carelessly,Normal,Dry,Daylight,0,0,1,Minor
KAG_003164,Kaggle_road_csv,0,,Tuesday,Unknown,Truck,Unknown,1,31-50,31-50,Driving Carelessly,Normal,Dry,Darkness - Lights Lit,0,0,1,Fatal
KAG_003165,Kaggle_road_csv,0,,Tuesday,Unknown,Truck,Unknown,2,Over 51,18-30,Driving Carelessly,Raining,Wet Or Damp,Daylight,0,0,4,Fatal
KAG_003166,Kaggle_road_csv,0,,Saturday,Unknown,Truck,Unknown,2,18-30,Unknown,Moving Backward,Raining,Wet Or Damp,Daylight,0,0,2,Minor
KAG_003167,Kaggle_road_csv,0,,Tuesday,Unknown,Truck,Unknown,2,18-30,Under 18,Moving Backward,Normal,Dry,Daylight,0,0,1,Minor
KAG_003168,Kaggle_road_csv,0,,Saturday,Unknown,Truck,Unknown,1,31-50,Unknown,Changing Lane To The Left,Normal,Dry,Daylight,0,0,1,Minor
KAG_003169,Kaggle_road_csv,0,,Saturday,Unknown,Truck,Unknown,1,18-30,Unknown,No Distancing,Normal,Dry,Daylight,0,0,1,Serious
KAG_003170,Kaggle_road_csv,0,,Thursday,Unknown,Truck,Unknown,2,18-30,Unknown,Driving Carelessly,Raining,Wet Or Damp,Daylight,0,0,4,Minor
KAG_003171,Kaggle_road_csv,0,,Wednesday,Unknown,Truck,Unknown,2,31-50,Unknown,Changing Lane To The Right,Raining,Wet Or Damp,Daylight,0,0,4,Minor
KAG_003172,Kaggle_road_csv,0,,Tuesday,Unknown,Truck,Unknown,1,31-50,31-50,Overtaking,Normal,Dry,Daylight,0,0,1,Serious
KAG_003173,Kaggle_road_csv,0,,Friday,Unknown,Truck,Unknown,2,18-30,Unknown,Driving Carelessly,Normal,Dry,Daylight,0,0,1,Minor
KAG_003174,Kaggle_road_csv,0,,Friday,Unknown,Truck,Unknown,2,18-30,Unknown,Driving Carelessly,Normal,Wet Or Damp,Darkness - Lights Lit,0,0,2,Minor
KAG_003175,Kaggle_road_csv,0,,Wednesday,Unknown,Truck,Unknown,2,31-50,Unknown,No Distancing,Normal,Dry,Daylight,0,0,1,Minor
KAG_003176,Kaggle_road_csv,0,,Sunday,Unknown,Truck,Unknown,2,18-30,Unknown,Driving Under The Influence Of Drugs,Normal,Dry,Darkness - Lights Lit,0,0,1,Minor
SCRAPED_000001,News_Paper,2021,December,Friday,Maharashtra,Car,Tractor,Unknown,Unknown,Unknown,Head On Collision,Unknown,Unknown,Unknown,4,0,4,Fatal
SCRAPED_000002,News_Paper,2021,December,Friday,Jharkhand,Pick Up,Truck,Unknown,Unknown,Unknown,Head On Collision,Unknown,Unknown,Unknown,6,18,24,Fatal
SCRAPED_000003,News_Paper,2022,January,Saturday,Rajasthan,Two Wheeler,Truck,Unknown,Unknown,Unknown,Others,Unknown,Unknown,Unknown,1,0,1,Fatal
SCRAPED_000004,News_Paper,2022,January,Saturday,Bihar,Two Wheeler,Truck,Unknown,Unknown,Unknown,Others,Unknown,Unknown,Unknown,3,0,3,Fatal
SCRAPED_000005,News_Paper,2022,January,Saturday,Uttar Pradesh,Bus,Truck,Unknown,Unknown,Unknown,Others,Unknown,Unknown,Unknown,2,2,4,Fatal
SCRAPED_000006,News_Paper,2022,January,Sunday,Karnataka,Two Wheeler,Truck,Unknown,Unknown,Over 51,With Parked Vehicle,Unknown,Unknown,Unknown,1,0,1,Fatal
SCRAPED_000007,News_Paper,2022,January,Sunday,Maharashtra,Truck,Tractor,Unknown,Unknown,Unknown,Hit From Side,Unknown,Unknown,Unknown,2,6,8,Fatal
SCRAPED_000008,News_Paper,2022,January,Monday,Gujarat,Car,Truck,Unknown,Unknown,Unknown,Head On Collision,Unknown,Unknown,Unknown,2,0,2,Fatal
SCRAPED_000009,News_Paper,2022,January,Monday,Maharashtra,Car,Truck,Unknown,Unknown,31-50,Hit From Back,Unknown,Unknown,Unknown,1,0,1,Fatal
SCRAPED_000010,News_Paper,2022,January,Tuesday,Uttarakhand,Two Wheeler,Truck,Unknown,Unknown,Unknown,Others,Unknown,Unknown,Unknown,2,1,3,Fatal
SCRAPED_000011,News_Paper,2022,January,Thursday,Andhra Pradesh,Two Wheeler,Lorry,Unknown,Unknown,Under 18,Others,Unknown,Unknown,Unknown,1,1,2,Fatal
SCRAPED_000012,News_Paper,2022,January,Friday,Karnataka,Suv,Truck,Unknown,Unknown,Unknown,Hit From Back,Unknown,Unknown,Unknown,4,0,4,Fatal
SCRAPED_000013,News_Paper,2022,January,Friday,Gujarat,Suv,Truck,Unknown,Unknown,18-30,Hit From Back,Unknown,Unknown,Unknown,1,0,1,Fatal
SCRAPED_000014,News_Paper,2022,January,Saturday,Andhra Pradesh,Two Wheeler,Tractor,Unknown,Unknown,Unknown,Others,Unknown,Unknown,Unknown,1,0,1,Fatal
SCRAPED_000015,News_Paper,2022,January,Sunday,Maharashtra,Bus,Truck,Unknown,Unknown,Over 51,Head On Collision,Unknown,Unknown,Unknown,4,14,18,Fatal
SCRAPED_000016,News_Paper,2022,January,Monday,Karnataka,Two Wheeler,Truck,Unknown,Unknown,Unknown,Others,Unknown,Unknown,Unknown,6,0,6,Fatal
SCRAPED_000017,News_Paper,2022,January,Monday,Maharashtra,Two Wheeler,Truck,Unknown,Unknown,18-30,Hit From Back,Unknown,Unknown,Unknown,1,1,2,Fatal
SCRAPED_000018,News_Paper,2022,January,Sunday,Karnataka,Two Wheeler,Truck,Unknown,Unknown,Unknown,Hit And Run,Unknown,Unknown,Unknown,2,1,3,Fatal
SCRAPED_000019,News_Paper,2022,January,Sunday,Rajasthan,Two Wheeler,Truck,Unknown,Unknown,18-30,Others,Unknown,Unknown,Unknown,1,1,2,Fatal
SCRAPED_000020,News_Paper,2022,January,Sunday,Maharashtra,Two Wheeler,Truck,Unknown,Unknown,31-50,Others,Unknown,Unknown,Unknown,1,0,1,Fatal
SCRAPED_000021,News_Paper,2022,January,Wednesday,Haryana,Car,Truck,Unknown,Unknown,18-30,With Parked Vehicle,Unknown,Unknown,Unknown,1,0,1,Fatal
SCRAPED_000022,News_Paper,2022,January,Thursday,Karnataka,Two Wheeler,Truck,Unknown,Unknown,Under 18,Others,Unknown,Unknown,Unknown,1,1,2,Fatal
SCRAPED_000023,News_Paper,2022,January,Friday,Maharashtra,Bus,Truck,Unknown,Unknown,Unknown,Head On Collision,Unknown,Unknown,Unknown,2,12,14,Fatal
SCRAPED_000024,News_Paper,2022,January,Friday,West Bengal,Tractor,Nil,Unknown,Unknown,Unknown,Vehicle Overturn,Unknown,Unknown,Unknown,1,0,1,Fatal
SCRAPED_000025,News_Paper,2022,January,Sunday,Madhya Pradesh,Tractor,Nil,Unknown,Unknown,Unknown,Run Off Road,Unknown,Unknown,Unknown,3,0,3,Fatal
SCRAPED_000026,News_Paper,2022,January,Monday,Uttar Pradesh,Truck,Canal,Unknown,Unknown,31-50,Vehicle Overturn,Unknown,Unknown,Unknown,1,1,2,Fatal
SCRAPED_000027,News_Paper,2022,January,Sunday,Maharashtra,Two Wheeler,Truck,Unknown,Unknown,31-50,Others,Unknown,Unknown,Unknown,1,2,3,Fatal
SCRAPED_000028,News_Paper,2022,January,Tuesday,Uttar Pradesh,Two Wheeler,Truck,Unknown,Unknown,31-50,Hit From Side,Unknown,Unknown,Unknown,1,1,2,Fatal
SCRAPED_000029,News_Paper,2022,January,Saturday,Maharashtra,Two Wheeler,Truck,Unknown,Unknown,Unknown,Head On Collision,Unknown,Unknown,Unknown,2,1,3,Fatal
SCRAPED_000030,News_Paper,2022,January,Thursday,Rajasthan,Truck,Truck,Unknown,Unknown,18-30,Head On Collision,Unknown,Unknown,Unknown,3,0,3,Fatal
SCRAPED_000031,News_Paper,2022,January,Tuesday,Maharashtra,Car,Tractor,Unknown,Unknown,Unknown,Hit From Back,Unknown,Unknown,Unknown,3,1,4,Fatal
SCRAPED_000032,News_Paper,2022,January,Wednesday,Rajasthan,Bus,Truck,Unknown,Unknown,Unknown,Head On Collision,Unknown,Unknown,Unknown,2,5,7,Fatal
SCRAPED_000033,News_Paper,2022,January,Wednesday,Madhya Pradesh,Pedestrian,Truck,Unknown,Unknown,31-50,Hit And Run,Unknown,Unknown,Unknown,1,0,1,Fatal
SCRAPED_000034,News_Paper,2022,January,Friday,Gujarat,Two Wheeler,Truck,Unknown,Unknown,Over 51,Hit From Back,Unknown,Unknown,Unknown,1,1,2,Fatal
SCRAPED_000035,News_Paper,2022,January,Friday,Karnataka,Pedestrian,Truck,Unknown,Unknown,18-30,Hit And Run,Unknown,Unknown,Unknown,1,0,1,Fatal
SCRAPED_000036,News_Paper,2022,January,Saturday,Odisha,Bus,Truck,Unknown,Unknown,Unknown,Hit From Back,Unknown,Unknown,Unknown,6,20,26,Fatal
SCRAPED_000037,News_Paper,2022,January,Friday,Gujarat,Two Wheeler,Truck,Unknown,Unknown,18-30,Others,Unknown,Unknown,Unknown,1,1,2,Fatal
SCRAPED_000038,News_Paper,2022,January,Saturday,Goa,Two Wheeler,Truck,Unknown,Unknown,Unknown,Others,Unknown,Unknown,Unknown,2,0,2,Fatal
SCRAPED_000039,News_Paper,2022,January,Sunday,Maharashtra,Two Wheeler,Truck,Unknown,Unknown,Unknown,Others,Unknown,Unknown,Unknown,5,5,10,Fatal
SCRAPED_000040,News_Paper,2022,January,Saturday,Madhya Pradesh,Two Wheeler,Truck,Unknown,Unknown,18-30,Others,Unknown,Unknown,Unknown,1,2,3,Fatal
SCRAPED_000041,News_Paper,2022,January,Saturday,Maharashtra,Two Wheeler,Truck,Unknown,Unknown,18-30,With Parked Vehicle,Unknown,Unknown,Unknown,1,0,1,Fatal
SCRAPED_000042,News_Paper,2022,January,Sunday,Tamil Nadu,Car,Truck,Unknown,Unknown,31-50,Others,Unknown,Unknown,Unknown,1,1,2,Fatal
SCRAPED_000043,News_Paper,2022,January,Sunday,West Bengal,Bicycle,Truck,Unknown,Unknown,31-50,Others,Unknown,Unknown,Unknown,1,0,1,Fatal
SCRAPED_000044,News_Paper,2022,January,Sunday,Madhya Pradesh,Two Wheeler,Truck,Unknown,Unknown,18-30,Hit From Back,Unknown,Unknown,Unknown,1,0,1,Fatal
SCRAPED_000045,News_Paper,2022,January,Monday,Punjab,Auto Rickshaw,Truck,Unknown,Unknown,31-50,With Parked Vehicle,Unknown,Unknown,Unknown,1,2,3,Fatal
SCRAPED_000046,News_Paper,2022,January,Tuesday,Madhya Pradesh,Pedestrian,Truck,Unknown,Unknown,31-50,Hit And Run,Unknown,Unknown,Unknown,1,0,1,Fatal
SCRAPED_000047,News_Paper,2022,January,Thursday,Andhra Pradesh,Car,Truck,Unknown,Unknown,Unknown,Others,Unknown,Unknown,Unknown,2,1,3,Fatal
SCRAPED_000048,News_Paper,2022,January,Thursday,Maharashtra,Car,Tractor,Unknown,Unknown,Unknown,Hit From Side,Unknown,Unknown,Unknown,2,2,4,Fatal
SCRAPED_000049,News_Paper,2022,January,Thursday,Andhra Pradesh,Car,Tractor,Unknown,Unknown,Unknown,Hit From Back,Unknown,Unknown,Unknown,2,1,3,Fatal
SCRAPED_000050,News_Paper,2022,January,Wednesday,Andhra Pradesh,Two Wheeler,Lorry,Unknown,Unknown,Unknown,Others,Unknown,Unknown,Unknown,2,0,2,Fatal
SCRAPED_000051,News_Paper,2022,January,Friday,Telangana,Pick Up,Truck,Unknown,Unknown,Unknown,Others,Unknown,Unknown,Unknown,4,8,12,Fatal
SCRAPED_000052,News_Paper,2022,January,Sunday,Tamil Nadu,Truck,Truck,Unknown,Unknown,18-30,Head On Collision,Unknown,Unknown,Unknown,1,5,6,Fatal
SCRAPED_000053,News_Paper,2022,January,Saturday,Tamil Nadu,Two Wheeler,Lorry,Unknown,Unknown,Unknown,Hit From Back,Unknown,Unknown,Unknown,2,0,2,Fatal
SCRAPED_000054,News_Paper,2022,January,Monday,Rajasthan,Two Wheeler,Truck,Unknown,Unknown,Unknown,Head On Collision,Unknown,Unknown,Unknown,1,0,1,Fatal
SCRAPED_000055,News_Paper,2022,February,Tuesday,Madhya Pradesh,Car,Truck,Unknown,Unknown,Unknown,Others,Unknown,Unknown,Unknown,1,3,4,Fatal
SCRAPED_000056,News_Paper,2022,January,Monday,Gujarat,Two Wheeler,Truck,Unknown,Unknown,18-30,Hit From Back,Unknown,Unknown,Unknown,1,1,2,Fatal
SCRAPED_000057,News_Paper,2022,February,Tuesday,Karnataka,Car,Truck,Unknown,Unknown,Unknown,Others,Unknown,Unknown,Unknown,2,2,4,Fatal
SCRAPED_000058,News_Paper,2022,February,Thursday,Rajasthan,Suv,Truck,Unknown,Unknown,Unknown,Others,Unknown,Unknown,Unknown,3,1,4,Fatal
SCRAPED_000059,News_Paper,2022,February,Thursday,Kerala,Two Wheeler,Truck,Unknown,Unknown,31-50,Hit From Back,Unknown,Unknown,Unknown,1,0,1,Fatal
SCRAPED_000060,News_Paper,2022,February,Wednesday,Gujarat,Truck,Truck,Unknown,Unknown,31-50,Others,Unknown,Unknown,Unknown,1,1,2,Fatal
SCRAPED_000061,News_Paper,2022,February,Thursday,Rajasthan,Two Wheeler,Tractor,Unknown,Unknown,Unknown,Others,Unknown,Unknown,Unknown,1,2,3,Fatal
SCRAPED_000062,News_Paper,2022,February,Thursday,Rajasthan,Car,Truck,Unknown,Unknown,Unknown,Head On Collision,Unknown,Unknown,Unknown,3,0,3,Fatal
SCRAPED_000063,News_Paper,2022,February,Thursday,Tamil Nadu,Two Wheeler,Truck,Unknown,Unknown,31-50,Hit From Back,Unknown,Unknown,Unknown,1,1,2,Fatal
SCRAPED_000064,News_Paper,2022,February,Thursday,Tamil Nadu,Pedestrian,Truck,Unknown,Unknown,Over 51,Hit And Run,Unknown,Unknown,Unknown,1,0,1,Fatal
SCRAPED_000065,News_Paper,2022,February,Friday,Uttar Pradesh,Car,Truck,Unknown,Unknown,Unknown,Hit From Side,Unknown,Unknown,Unknown,3,1,4,Fatal
SCRAPED_000066,News_Paper,2022,February,Sunday,Andhra Pradesh,Car,Truck,Unknown,Unknown,Unknown,Others,Unknown,Unknown,Unknown,9,0,9,Fatal
SCRAPED_000067,News_Paper,2022,February,Saturday,Madhya Pradesh,Two Wheeler,Tractor,Unknown,Unknown,31-50,Others,Unknown,Unknown,Unknown,1,1,2,Fatal
SCRAPED_000068,News_Paper,2022,February,Saturday,Maharashtra,Car,Truck,Unknown,Unknown,Unknown,With Parked Vehicle,Unknown,Unknown,Unknown,3,2,5,Fatal
SCRAPED_000069,News_Paper,2022,February,Sunday,Maharashtra,Bicycle,Truck,Unknown,Unknown,Under 18,Hit From Back,Unknown,Unknown,Unknown,1,1,2,Fatal
SCRAPED_000070,News_Paper,2022,February,Tuesday,Tamil Nadu,Van,Truck,Unknown,Unknown,Unknown,With Parked Vehicle,Unknown,Unknown,Unknown,3,10,13,Fatal
SCRAPED_000071,News_Paper,2022,February,Tuesday,Madhya Pradesh,Two Wheeler,Truck,Unknown,Unknown,Unknown,Head On Collision,Unknown,Unknown,Unknown,2,0,2,Fatal
SCRAPED_000072,News_Paper,2022,February,Tuesday,Andhra Pradesh,Two Wheeler,Lorry,Unknown,Unknown,Unknown,With Parked Vehicle,Unknown,Unknown,Unknown,2,0,2,Fatal
SCRAPED_000073,News_Paper,2022,February,Friday,Jharkhand,Car,Truck,Unknown,Unknown,Unknown,With Parked Vehicle,Unknown,Unknown,Unknown,4,2,6,Fatal
SCRAPED_000074,News_Paper,2022,February,Thursday,Gujarat,Car,Truck,Unknown,Unknown,Unknown,With Parked Vehicle,Unknown,Unknown,Unknown,2,3,5,Fatal
SCRAPED_000075,News_Paper,2022,February,Friday,Gujarat,Car,Truck,Unknown,Unknown,Unknown,With Parked Vehicle,Unknown,Unknown,Unknown,2,3,5,Fatal
SCRAPED_000076,News_Paper,2022,February,Monday,Jharkhand,Two Wheeler,Truck,Unknown,Unknown,Unknown,Others,Unknown,Unknown,Unknown,3,0,3,Fatal
SCRAPED_000077,News_Paper,2022,February,Tuesday,Maharashtra,Car,Truck,Unknown,Unknown,Unknown,Hit From Back,Unknown,Unknown,Unknown,4,0,4,Fatal
SCRAPED_000078,News_Paper,2022,February,Monday,Uttar Pradesh,Suv,Truck,Unknown,Unknown,Unknown,With Parked Vehicle,Unknown,Unknown,Unknown,2,5,7,Fatal
SCRAPED_000079,News_Paper,2022,February,Wednesday,Uttar Pradesh,Car,Truck,Unknown,Unknown,Unknown,With Parked Vehicle,Unknown,Unknown,Unknown,6,0,6,Fatal
SCRAPED_000080,News_Paper,2022,February,Monday,West Bengal,Pedestrian,Truck,Unknown,Unknown,31-50,Hit And Run,Unknown,Unknown,Unknown,1,0,1,Fatal
SCRAPED_000081,News_Paper,2022,February,Tuesday,Madhya Pradesh,Two Wheeler,Truck,Unknown,Unknown,Unknown,Others,Unknown,Unknown,Unknown,4,5,9,Fatal
SCRAPED_000082,News_Paper,2022,February,Wednesday,Tamil Nadu,Car,Truck,Unknown,Unknown,Unknown,Head On Collision,Unknown,Unknown,Unknown,2,1,3,Fatal
SCRAPED_000083,News_Paper,2022,February,Friday,Tamil Nadu,Car,Truck,Unknown,Unknown,Unknown,Hit From Back,Unknown,Unknown,Unknown,4,1,5,Fatal
SCRAPED_000084,News_Paper,2022,February,Wednesday,Haryana,Two Wheeler,Tractor,Unknown,Unknown,31-50,Head On Collision,Unknown,Unknown,Unknown,1,0,1,Fatal
SCRAPED_000085,News_Paper,2022,February,Saturday,Delhi,Car,Truck,Unknown,Unknown,Unknown,Others,Unknown,Unknown,Unknown,2,3,5,Fatal
SCRAPED_000086,News_Paper,2022,February,Sunday,Madhya Pradesh,Car,Tractor,Unknown,Unknown,Unknown,Head On Collision,Unknown,Unknown,Unknown,2,1,3,Fatal
SCRAPED_000087,News_Paper,2022,February,Monday,Bihar,Two Wheeler,Truck,Unknown,Unknown,31-50,Others,Unknown,Unknown,Unknown,1,0,1,Fatal
SCRAPED_000088,News_Paper,2022,February,Wednesday,Madhya Pradesh,Two Wheeler,Truck,Unknown,Unknown,31-50,Head On Collision,Unknown,Unknown,Unknown,1,0,1,Fatal
SCRAPED_000089,News_Paper,2022,February,Thursday,Maharashtra,Two Wheeler,Truck,Unknown,Unknown,Unknown,Hit From Back,Unknown,Unknown,Unknown,2,0,2,Fatal
SCRAPED_000090,News_Paper,2022,February,Saturday,Uttar Pradesh,Car,Truck,Unknown,Unknown,Unknown,With Parked Vehicle,Unknown,Unknown,Unknown,5,1,6,Fatal
SCRAPED_000091,News_Paper,2022,February,Sunday,Delhi,Two Wheeler,Truck,Unknown,Unknown,Over 51,Hit From Side,Unknown,Unknown,Unknown,1,1,2,Fatal
SCRAPED_000092,News_Paper,2022,February,Saturday,Punjab,Pedestrian,Truck,Unknown,Unknown,31-50,Hit And Run,Unknown,Unknown,Unknown,1,0,1,Fatal
SCRAPED_000093,News_Paper,2022,February,Monday,Tamil Nadu,Car,Truck,Unknown,Unknown,31-50,Hit From Back,Unknown,Unknown,Unknown,1,0,1,Fatal
SCRAPED_000094,News_Paper,2022,February,Sunday,Maharashtra,Two Wheeler,Truck,Unknown,Unknown,18-30,Others,Unknown,Unknown,Unknown,1,0,1,Fatal
SCRAPED_000095,News_Paper,2022,March,Tuesday,Maharashtra,Truck,Wall,Unknown,Unknown,Unknown,Fixed Object Collision,Unknown,Unknown,Unknown,1,22,23,Fatal
SCRAPED_000096,News_Paper,2022,February,Monday,Maharashtra,Car,Truck,Unknown,Unknown,31-50,Hit From Back,Unknown,Unknown,Unknown,1,3,4,Fatal
SCRAPED_000097,News_Paper,2022,February,Monday,Madhya Pradesh,Two Wheeler,Truck,Unknown,Unknown,Under 18,Head On Collision,Unknown,Unknown,Unknown,1,2,3,Fatal
SCRAPED_000098,News_Paper,2022,March,Tuesday,Uttar Pradesh,Auto Rickshaw,Truck,Unknown,Unknown,Unknown,Hit From Side,Unknown,Unknown,Unknown,1,6,7,Fatal
SCRAPED_000099,News_Paper,2022,February,Monday,Maharashtra,Car,Truck,Unknown,Unknown,18-30,Hit From Back,Unknown,Unknown,Unknown,1,2,3,Fatal
SCRAPED_000100,News_Paper,2022,March,Wednesday,Kerala,Two Wheeler,Truck,Unknown,Unknown,18-30,Hit From Back,Unknown,Unknown,Unknown,1,1,2,Fatal
SCRAPED_000101,News_Paper,2022,March,Wednesday,Kerala,Car,Truck,Unknown,Unknown,Unknown,Others,Unknown,Unknown,Unknown,2,3,5,Fatal
SCRAPED_000102,News_Paper,2022,March,Wednesday,Haryana,Car,Truck,Unknown,Unknown,Unknown,With Parked Vehicle,Unknown,Unknown,Unknown,5,0,5,Fatal
SCRAPED_000103,News_Paper,2022,March,Thursday,Uttarakhand,Two Wheeler,Truck,Unknown,Unknown,31-50,Hit From Back,Unknown,Unknown,Unknown,1,1,2,Fatal
SCRAPED_000104,News_Paper,2022,March,Friday,Chhattisgarh,Truck,Nil,Unknown,Unknown,Unknown,Run Off Road,Unknown,Unknown,Unknown,4,0,4,Fatal
SCRAPED_000105,News_Paper,2022,March,Friday,Maharashtra,Two Wheeler,Truck,Unknown,Unknown,Under 18,Head On Collision,Unknown,Unknown,Unknown,1,2,3,Fatal
SCRAPED_000106,News_Paper,2022,March,Sunday,Tamil Nadu,Van,Truck,Unknown,Unknown,Unknown,With Parked Vehicle,Unknown,Unknown,Unknown,2,7,9,Fatal
SCRAPED_000107,News_Paper,2022,March,Saturday,Rajasthan,Car,Truck,Unknown,Unknown,18-30,Others,Unknown,Unknown,Unknown,1,1,2,Fatal
SCRAPED_000108,News_Paper,2022,March,Saturday,Rajasthan,Tractor,Truck,Unknown,Unknown,31-50,Others,Unknown,Unknown,Unknown,1,2,3,Fatal
SCRAPED_000109,News_Paper,2022,March,Sunday,Maharashtra,Truck,Nil,Unknown,Unknown,Unknown,Run Off Road,Unknown,Unknown,Unknown,4,15,19,Fatal
SCRAPED_000110,News_Paper,2022,March,Sunday,Andhra Pradesh,Pedestrian,Lorry,Unknown,Unknown,18-30,Hit And Run,Unknown,Unknown,Unknown,2,1,3,Fatal
SCRAPED_000111,News_Paper,2022,March,Sunday,Uttar Pradesh,Tractor,Nil,Unknown,Unknown,Unknown,Run Off Road,Unknown,Unknown,Unknown,4,1,5,Fatal
SCRAPED_000112,News_Paper,2022,March,Sunday,Uttar Pradesh,Tractor,Nil,Unknown,Unknown,Unknown,Fixed Object Collision,Unknown,Unknown,Unknown,2,0,2,Fatal
SCRAPED_000113,News_Paper,2022,March,Tuesday,Tamil Nadu,Two Wheeler,Truck,Unknown,Unknown,Unknown,Others,Unknown,Unknown,Unknown,4,0,4,Fatal
SCRAPED_000114,News_Paper,2022,March,Tuesday,Maharashtra,Pedestrian,Truck,Unknown,Unknown,Under 18,Hit And Run,Unknown,Unknown,Unknown,1,0,1,Fatal
SCRAPED_000115,News_Paper,2022,March,Tuesday,Maharashtra,Pedestrian,Truck,Unknown,Unknown,Over 51,Hit And Run,Unknown,Unknown,Unknown,1,0,1,Fatal
SCRAPED_000116,News_Paper,2022,March,Thursday,Tamil Nadu,Two Wheeler,Truck,Unknown,Unknown,Unknown,Hit From Back,Unknown,Unknown,Unknown,2,0,2,Fatal
SCRAPED_000117,News_Paper,2022,March,Tuesday,Uttar Pradesh,Two Wheeler,Truck,Unknown,Unknown,31-50,Hit From Back,Unknown,Unknown,Unknown,1,1,2,Fatal
SCRAPED_000118,News_Paper,2022,March,Wednesday,Andhra Pradesh,Lorry,Bus,Unknown,Unknown,Unknown,Others,Unknown,Unknown,Unknown,1,0,1,Fatal
SCRAPED_000119,News_Paper,2022,March,Wednesday,Rajasthan,Two Wheeler,Truck,Unknown,Unknown,Unknown,Others,Unknown,Unknown,Unknown,2,0,2,Fatal
SCRAPED_000120,News_Paper,2022,March,Wednesday,Andhra Pradesh,Two Wheeler,Lorry,Unknown,Unknown,18-30,Others,Unknown,Unknown,Unknown,1,0,1,Fatal
SCRAPED_000121,News_Paper,2022,March,Friday,Maharashtra,Truck,Truck,Unknown,Unknown,18-30,Hit From Back,Unknown,Unknown,Unknown,1,1,2,Fatal
SCRAPED_000122,News_Paper,2022,March,Friday,Karnataka,Tractor,Nil,Unknown,Unknown,Unknown,Run Off Road,Unknown,Unknown,Unknown,4,16,20,Fatal
SCRAPED_000123,News_Paper,2022,March,Friday,Madhya Pradesh,Two Wheeler,Truck,Unknown,Unknown,18-30,Hit From Back,Unknown,Unknown,Unknown,1,0,1,Fatal
SCRAPED_000124,News_Paper,2022,March,Saturday,Chhattisgarh,Car,Truck,Unknown,Unknown,Unknown,Head On Collision,Unknown,Unknown,Unknown,3,0,3,Fatal
SCRAPED_000125,News_Paper,2022,March,Friday,Andhra Pradesh,Two Wheeler,Lorry,Unknown,Unknown,Unknown,Head On Collision,Unknown,Unknown,Unknown,3,0,3,Fatal
SCRAPED_000126,News_Paper,2022,March,Saturday,West Bengal,Pedestrian,Truck,Unknown,Unknown,Over 51,Hit And Run,Unknown,Unknown,Unknown,1,0,1,Fatal
SCRAPED_000127,News_Paper,2022,March,Saturday,West Bengal,Two Wheeler,Truck,Unknown,Unknown,31-50,Hit From Back,Unknown,Unknown,Unknown,1,0,1,Fatal