accident_id,source,year,month,day_of_week,state,vehicle_1,vehicle_2,vehicles_involved,party_age_group,victim_age_group,cause_of_accident,weather_condition,road_condition,lighting_condition,fatalities,injuries,casualties,severity
SCRAPED_000128,News_Paper,2022,March,Sunday,Andhra Pradesh,Two Wheeler,Lorry,Unknown,Unknown,31-50,Hit From Back,Unknown,Unknown,Unknown,1,1,2,Fatal
SCRAPED_000129,News_Paper,2022,March,Monday,Kerala,Car,Truck,Unknown,Unknown,Under 18,With Parked Vehicle,Unknown,Unknown,Unknown,1,2,3,Fatal
SCRAPED_000130,News_Paper,2022,March,Monday,West Bengal,Pedestrian,Truck,Unknown,Unknown,Unknown,Hit And Run,Unknown,Unknown,Unknown,3,5,8,Fatal
SCRAPED_000131,News_Paper,2022,March,Tuesday,Chhattisgarh,Tractor,Truck,Unknown,Unknown,Unknown,Head On Collision,Unknown,Unknown,Unknown,5,17,22,Fatal
SCRAPED_000132,News_Paper,2022,March,Wednesday,Haryana,Car,Truck,Unknown,Unknown,Unknown,Head On Collision,Unknown,Unknown,Unknown,2,10,12,Fatal
SCRAPED_000133,News_Paper,2022,March,Wednesday,Uttar Pradesh,Car,Truck,Unknown,Unknown,Unknown,Hit From Back,Unknown,Unknown,Unknown,3,0,3,Fatal
SCRAPED_000134,News_Paper,2022,March,Tuesday,Karnataka,Bus,Truck,Unknown,Unknown,18-30,With Parked Vehicle,Unknown,Unknown,Unknown,1,7,8,Fatal
SCRAPED_000135,News_Paper,2022,March,Thursday,Kerala,Pedestrian,Truck,Unknown,Unknown,Unknown,Hit And Run,Unknown,Unknown,Unknown,3,1,4,Fatal
SCRAPED_000136,News_Paper,2022,March,Thursday,Karnataka,Two Wheeler,Truck,Unknown,Unknown,18-30,Others,Unknown,Unknown,Unknown,1,2,3,Fatal
SCRAPED_000137,News_Paper,2022,March,Saturday,Haryana,Pedestrian,Truck,Unknown,Unknown,Unknown,Hit And Run,Unknown,Unknown,Unknown,2,0,2,Fatal
SCRAPED_000138,News_Paper,2022,March,Saturday,Rajasthan,Car,Truck,Unknown,Unknown,Unknown,With Parked Vehicle,Unknown,Unknown,Unknown,3,3,6,Fatal
SCRAPED_000139,News_Paper,2022,March,Sunday,Kerala,Two Wheeler,Truck,Unknown,Unknown,Unknown,Hit From Back,Unknown,Unknown,Unknown,2,0,2,Fatal
SCRAPED_000140,News_Paper,2022,March,Saturday,Maharashtra,Truck,Truck,Unknown,Unknown,18-30,Head On Collision,Unknown,Unknown,Unknown,1,0,1,Fatal
SCRAPED_000141,News_Paper,2022,March,Sunday,Uttar Pradesh,Car,Truck,Unknown,Unknown,Unknown,Head On Collision,Unknown,Unknown,Unknown,3,1,4,Fatal
SCRAPED_000142,News_Paper,2022,March,Tuesday,Maharashtra,Two Wheeler,Truck,Unknown,Unknown,31-50,Others,Unknown,Unknown,Unknown,1,4,5,Fatal
SCRAPED_000143,News_Paper,2022,March,Monday,Rajasthan,Car,Truck,Unknown,Unknown,31-50,Head On Collision,Unknown,Unknown,Unknown,1,0,1,Fatal
SCRAPED_000144,News_Paper,2022,March,Wednesday,Andhra Pradesh,Bus,Truck,Unknown,Unknown,Unknown,Others,Unknown,Unknown,Unknown,1,34,35,Fatal
SCRAPED_000145,News_Paper,2022,March,Monday,Tamil Nadu,Pedestrian,Tractor,Unknown,Unknown,Over 51,Hit And Run,Unknown,Unknown,Unknown,1,0,1,Fatal
SCRAPED_000146,News_Paper,2022,March,Monday,Maharashtra,Two Wheeler,Truck,Unknown,Unknown,18-30,Hit From Back,Unknown,Unknown,Unknown,1,1,2,Fatal
SCRAPED_000147,News_Paper,2022,March,Tuesday,Andhra Pradesh,Car,Lorry,Unknown,Unknown,Unknown,With Parked Vehicle,Unknown,Unknown,Unknown,2,3,5,Fatal
SCRAPED_000148,News_Paper,2022,March,Wednesday,Uttar Pradesh,Pick Up,Truck,Unknown,Unknown,Unknown,With Parked Vehicle,Unknown,Unknown,Unknown,5,1,6,Fatal
SCRAPED_000149,News_Paper,2022,April,Friday,Andhra Pradesh,Bus,Truck,Unknown,Unknown,Unknown,Others,Unknown,Unknown,Unknown,2,2,4,Fatal
SCRAPED_000150,News_Paper,2022,March,Thursday,West Bengal,Truck,Unidentified,Unknown,Unknown,18-30,Others,Unknown,Unknown,Unknown,1,1,2,Fatal
SCRAPED_000151,News_Paper,2022,April,Saturday,Odisha,Bus,Truck,Unknown,Unknown,Unknown,Others,Unknown,Unknown,Unknown,1,15,16,Fatal
SCRAPED_000152,News_Paper,2022,April,Saturday,Tamil Nadu,Truck,Gorge,Unknown,Unknown,Unknown,Vehicle Overturn,Unknown,Unknown,Unknown,7,14,21,Fatal
SCRAPED_000153,News_Paper,2022,April,Friday,Karnataka,Car,Truck,Unknown,Unknown,Unknown,Hit From Back,Unknown,Unknown,Unknown,2,1,3,Fatal
SCRAPED_000154,News_Paper,2022,April,Saturday,Andhra Pradesh,Two Wheeler,Lorry,Unknown,Unknown,Unknown,Head On Collision,Unknown,Unknown,Unknown,1,1,2,Fatal
SCRAPED_000155,News_Paper,2022,April,Sunday,Tamil Nadu,Van,Truck,Unknown,Unknown,18-30,Hit From Back,Unknown,Unknown,Unknown,1,7,8,Fatal
SCRAPED_000156,News_Paper,2022,April,Tuesday,Gujarat,Two Wheeler,Truck,Unknown,Unknown,Unknown,Hit From Back,Unknown,Unknown,Unknown,3,0,3,Fatal
SCRAPED_000157,News_Paper,2022,April,Tuesday,Uttarakhand,Truck,Gorge,Unknown,Unknown,Unknown,Vehicle Overturn,Unknown,Unknown,Unknown,3,0,3,Fatal
SCRAPED_000158,News_Paper,2022,April,Tuesday,Uttar Pradesh,Car,Truck,Unknown,Unknown,Unknown,Head On Collision,Unknown,Unknown,Unknown,1,2,3,Fatal
SCRAPED_000159,News_Paper,2022,April,Tuesday,Maharashtra,Two Wheeler,Truck,Unknown,Unknown,Unknown,Hit From Back,Unknown,Unknown,Unknown,2,0,2,Fatal
SCRAPED_000160,News_Paper,2022,April,Tuesday,Tamil Nadu,Two Wheeler,Truck,Unknown,Unknown,Unknown,Hit From Back,Unknown,Unknown,Unknown,2,0,2,Fatal
SCRAPED_000161,News_Paper,2022,April,Wednesday,Tamil Nadu,Pedestrian,Truck,Unknown,Unknown,Over 51,Hit And Run,Unknown,Unknown,Unknown,1,0,1,Fatal
SCRAPED_000162,News_Paper,2022,April,Tuesday,Karnataka,Car,Truck,Unknown,Unknown,Unknown,Head On Collision,Unknown,Unknown,Unknown,3,2,5,Fatal
SCRAPED_000163,News_Paper,2022,April,Tuesday,Madhya Pradesh,Pedestrian,Truck,Unknown,Unknown,Unknown,Hit And Run,Unknown,Unknown,Unknown,2,3,5,Fatal
SCRAPED_000164,News_Paper,2022,April,Thursday,Andhra Pradesh,Car,Tractor,Unknown,Unknown,31-50,Hit From Back,Unknown,Unknown,Unknown,1,4,5,Fatal
SCRAPED_000165,News_Paper,2022,April,Wednesday,Gujarat,Two Wheeler,Truck,Unknown,Unknown,31-50,Others,Unknown,Unknown,Unknown,1,0,1,Fatal
SCRAPED_000166,News_Paper,2022,April,Thursday,Madhya Pradesh,Two Wheeler,Truck,Unknown,Unknown,Unknown,Hit From Back,Unknown,Unknown,Unknown,3,0,3,Fatal
SCRAPED_000167,News_Paper,2022,April,Saturday,Maharashtra,Car,Truck,Unknown,Unknown,Unknown,Hit From Back,Unknown,Unknown,Unknown,4,0,4,Fatal
SCRAPED_000168,News_Paper,2022,April,Thursday,Madhya Pradesh,Two Wheeler,Truck,Unknown,Unknown,Unknown,Others,Unknown,Unknown,Unknown,3,0,3,Fatal
SCRAPED_000169,News_Paper,2022,April,Saturday,Gujarat,Two Wheeler,Truck,Unknown,Unknown,Under 18,Hit From Back,Unknown,Unknown,Unknown,1,1,2,Fatal
SCRAPED_000170,News_Paper,2022,April,Saturday,Karnataka,Two Wheeler,Truck,Unknown,Unknown,Over 51,Hit From Back,Unknown,Unknown,Unknown,1,0,1,Fatal
SCRAPED_000171,News_Paper,2022,April,Saturday,Uttar Pradesh,Two Wheeler,Tractor,Unknown,Unknown,Unknown,Head On Collision,Unknown,Unknown,Unknown,3,4,7,Fatal
SCRAPED_000172,News_Paper,2022,April,Friday,Maharashtra,Pedestrian,Truck,Unknown,Unknown,Over 51,Hit And Run,Unknown,Unknown,Unknown,1,0,1,Fatal
SCRAPED_000173,News_Paper,2022,April,Saturday,Maharashtra,Two Wheeler,Truck,Unknown,Unknown,31-50,Others,Unknown,Unknown,Unknown,1,0,1,Fatal
SCRAPED_000174,News_Paper,2022,April,Tuesday,Uttar Pradesh,Van,Truck,Unknown,Unknown,Unknown,With Parked Vehicle,Unknown,Unknown,Unknown,3,0,3,Fatal
SCRAPED_000175,News_Paper,2022,April,Monday,Madhya Pradesh,Two Wheeler,Truck,Unknown,Unknown,31-50,Others,Unknown,Unknown,Unknown,1,2,3,Fatal
SCRAPED_000176,News_Paper,2022,April,Tuesday,Rajasthan,Bus,Tractor,Unknown,Unknown,Unknown,Head On Collision,Unknown,Unknown,Unknown,3,20,23,Fatal
SCRAPED_000177,News_Paper,2022,April,Monday,Tamil Nadu,Lorry,Truck,Unknown,Unknown,Unknown,Head On Collision,Unknown,Unknown,Unknown,3,0,3,Fatal
SCRAPED_000178,News_Paper,2022,April,Wednesday,Telangana,Two Wheeler,Truck,Unknown,Unknown,Unknown,Hit From Back,Unknown,Unknown,Unknown,2,0,2,Fatal
SCRAPED_000179,News_Paper,2022,April,Tuesday,Madhya Pradesh,Car,Lorry,Unknown,Unknown,Unknown,Hit From Back,Unknown,Unknown,Unknown,2,1,3,Fatal
SCRAPED_000180,News_Paper,2022,April,Tuesday,Uttar Pradesh,Pick Up,Truck,Unknown,Unknown,Unknown,Hit From Back,Unknown,Unknown,Unknown,4,4,8,Fatal
SCRAPED_000181,News_Paper,2022,April,Friday,Rajasthan,Car,Truck,Unknown,Unknown,Unknown,Hit From Back,Unknown,Unknown,Unknown,6,3,9,Fatal
SCRAPED_000182,News_Paper,2022,April,Saturday,Maharashtra,Tractor,Nil,Unknown,Unknown,Under 18,Run Off Road,Unknown,Unknown,Unknown,1,4,5,Fatal
SCRAPED_000183,News_Paper,2022,April,Sunday,Maharashtra,Pedestrian,Truck,Unknown,Unknown,18-30,Hit And Run,Unknown,Unknown,Unknown,1,0,1,Fatal
SCRAPED_000184,News_Paper,2022,April,Tuesday,Rajasthan,Car,Tractor,Unknown,Unknown,Unknown,With Parked Vehicle,Unknown,Unknown,Unknown,11,7,18,Fatal
SCRAPED_000185,News_Paper,2022,April,Sunday,Uttar Pradesh,Van,Truck,Unknown,Unknown,Unknown,Head On Collision,Unknown,Unknown,Unknown,6,11,17,Fatal
SCRAPED_000186,News_Paper,2022,April,Monday,Gujarat,Two Wheeler,Truck,Unknown,Unknown,Unknown,Others,Unknown,Unknown,Unknown,2,0,2,Fatal
SCRAPED_000187,News_Paper,2022,April,Thursday,Gujarat,Two Wheeler,Truck,Unknown,Unknown,Under 18,Others,Unknown,Unknown,Unknown,1,1,2,Fatal
SCRAPED_000188,News_Paper,2022,April,Thursday,Bihar,Two Wheeler,Truck,Unknown,Unknown,31-50,Others,Unknown,Unknown,Unknown,2,0,2,Fatal
SCRAPED_000189,News_Paper,2022,April,Friday,Madhya Pradesh,Two Wheeler,Truck,Unknown,Unknown,31-50,Hit From Back,Unknown,Unknown,Unknown,1,0,1,Fatal
SCRAPED_000190,News_Paper,2022,April,Saturday,Maharashtra,Suv,Truck,Unknown,Unknown,Unknown,Head On Collision,Unknown,Unknown,Unknown,7,0,7,Fatal
SCRAPED_000191,News_Paper,2022,April,Sunday,Telangana,Suv,Truck,Unknown,Unknown,Unknown,With Parked Vehicle,Unknown,Unknown,Unknown,3,4,7,Fatal
SCRAPED_000192,News_Paper,2022,April,Monday,Andhra Pradesh,Van,Truck,Unknown,Unknown,Unknown,Head On Collision,Unknown,Unknown,Unknown,4,8,12,Fatal
SCRAPED_000193,News_Paper,2022,April,Sunday,Maharashtra,Two Wheeler,Truck,Unknown,Unknown,Under 18,Others,Unknown,Unknown,Unknown,1,2,3,Fatal
SCRAPED_000194,News_Paper,2022,April,Wednesday,Maharashtra,Pedestrian,Truck,Unknown,Unknown,Over 51,Hit And Run,Unknown,Unknown,Unknown,1,0,1,Fatal
SCRAPED_000195,News_Paper,2022,April,Thursday,Uttar Pradesh,Two Wheeler,Truck,Unknown,Unknown,Unknown,Head On Collision,Unknown,Unknown,Unknown,2,0,2,Fatal
SCRAPED_000196,News_Paper,2022,May,Sunday,Uttar Pradesh,Pedestrian,Truck,Unknown,Unknown,Unknown,Hit And Run,Unknown,Unknown,Unknown,3,4,7,Fatal
SCRAPED_000197,News_Paper,2022,April,Saturday,Andhra Pradesh,Two Wheeler,Truck,Unknown,Unknown,Over 51,Others,Unknown,Unknown,Unknown,1,0,1,Fatal
SCRAPED_000198,News_Paper,2022,May,Sunday,Haryana,Two Wheeler,Truck,Unknown,Unknown,Unknown,Others,Unknown,Unknown,Unknown,4,0,4,Fatal
SCRAPED_000199,News_Paper,2022,May,Monday,Gujarat,Car,Truck,Unknown,Unknown,Unknown,Hit From Side,Unknown,Unknown,Unknown,5,0,5,Fatal
SCRAPED_000200,News_Paper,2022,May,Sunday,Andhra Pradesh,Two Wheeler,Lorry,Unknown,Unknown,31-50,Others,Unknown,Unknown,Unknown,2,0,2,Fatal
SCRAPED_000201,News_Paper,2022,April,Saturday,Uttar Pradesh,Pedestrian,Truck,Unknown,Unknown,Unknown,Hit And Run,Unknown,Unknown,Unknown,2,0,2,Fatal
SCRAPED_000202,News_Paper,2022,May,Sunday,Goa,Two Wheeler,Truck,Unknown,Unknown,Unknown,Hit From Back,Unknown,Unknown,Unknown,2,0,2,Fatal
SCRAPED_000203,News_Paper,2022,May,Sunday,Mizoram,Truck,Gorge,Unknown,Unknown,Unknown,Vehicle Overturn,Unknown,Unknown,Unknown,3,0,3,Fatal
SCRAPED_000204,News_Paper,2022,May,Sunday,Maharashtra,Two Wheeler,Truck,Unknown,Unknown,31-50,Hit From Back,Unknown,Unknown,Unknown,1,0,1,Fatal
SCRAPED_000205,News_Paper,2022,May,Tuesday,Uttar Pradesh,Car,Tractor,Unknown,Unknown,Unknown,Head On Collision,Unknown,Unknown,Unknown,2,0,2,Fatal
SCRAPED_000206,News_Paper,2022,May,Monday,Maharashtra,Pedestrian,Truck,Unknown,Unknown,18-30,Hit And Run,Unknown,Unknown,Unknown,1,0,1,Fatal
SCRAPED_000207,News_Paper,2022,May,Tuesday,Uttar Pradesh,Auto Rickshaw,Truck,Unknown,Unknown,18-30,Head On Collision,Unknown,Unknown,Unknown,1,0,1,Fatal
SCRAPED_000208,News_Paper,2022,May,Wednesday,Madhya Pradesh,Car,Tractor,Unknown,Unknown,Unknown,Others,Unknown,Unknown,Unknown,2,1,3,Fatal
SCRAPED_000209,News_Paper,2022,May,Friday,Maharashtra,Auto Rickshaw,Truck,Unknown,Unknown,Unknown,Others,Unknown,Unknown,Unknown,6,7,13,Fatal
SCRAPED_000210,News_Paper,2022,May,Friday,Maharashtra,Suv,Truck,Unknown,Unknown,Unknown,Hit From Back,Unknown,Unknown,Unknown,7,1,8,Fatal
SCRAPED_000211,News_Paper,2022,May,Friday,Madhya Pradesh,Pedestrian,Truck,Unknown,Unknown,Over 51,Hit And Run,Unknown,Unknown,Unknown,1,0,1,Fatal
SCRAPED_000212,News_Paper,2022,May,Saturday,Uttar Pradesh,Car,Truck,Unknown,Unknown,31-50,Hit From Back,Unknown,Unknown,Unknown,1,3,4,Fatal
SCRAPED_000213,News_Paper,2022,May,Sunday,Gujarat,Car,Truck,Unknown,Unknown,Unknown,Head On Collision,Unknown,Unknown,Unknown,3,0,3,Fatal
SCRAPED_000214,News_Paper,2022,May,Sunday,Telangana,Van,Lorry,Unknown,Unknown,Unknown,Head On Collision,Unknown,Unknown,Unknown,8,17,25,Fatal
SCRAPED_000215,News_Paper,2022,May,Tuesday,Rajasthan,Tractor,Truck,Unknown,Unknown,Unknown,Hit From Back,Unknown,Unknown,Unknown,4,13,17,Fatal
SCRAPED_000216,News_Paper,2022,May,Tuesday,Madhya Pradesh,Car,Truck,Unknown,Unknown,Over 51,Head On Collision,Unknown,Unknown,Unknown,1,2,3,Fatal
SCRAPED_000217,News_Paper,2022,May,Wednesday,Rajasthan,Car,Truck,Unknown,Unknown,Unknown,With Parked Vehicle,Unknown,Unknown,Unknown,4,0,4,Fatal
SCRAPED_000218,News_Paper,2022,May,Wednesday,Rajasthan,Pedestrian,Truck,Unknown,Unknown,Unknown,Head On Collision,Unknown,Unknown,Unknown,4,2,6,Fatal
SCRAPED_000219,News_Paper,2022,May,Friday,Andhra Pradesh,Two Wheeler,Lorry,Unknown,Unknown,31-50,Hit From Back,Unknown,Unknown,Unknown,1,0,1,Fatal
SCRAPED_000220,News_Paper,2022,May,Saturday,Kerala,Pedestrian,Truck,Unknown,Unknown,18-30,Hit And Run,Unknown,Unknown,Unknown,1,1,2,Fatal
SCRAPED_000221,News_Paper,2022,May,Sunday,Rajasthan,Car,Truck,Unknown,Unknown,Unknown,Others,Unknown,Unknown,Unknown,6,9,15,Fatal
SCRAPED_000222,News_Paper,2022,May,Sunday,Rajasthan,Bus,Truck,Unknown,Unknown,Unknown,Head On Collision,Unknown,Unknown,Unknown,2,4,6,Fatal
SCRAPED_000223,News_Paper,2022,May,Sunday,Rajasthan,Auto Rickshaw,Truck,Unknown,Unknown,Unknown,Others,Unknown,Unknown,Unknown,4,0,4,Fatal
SCRAPED_000224,News_Paper,2022,May,Thursday,Maharashtra,Two Wheeler,Truck,Unknown,Unknown,Unknown,Hit From Back,Unknown,Unknown,Unknown,2,0,2,Fatal
SCRAPED_000225,News_Paper,2022,May,Sunday,Manipur,Truck,Gorge,Unknown,Unknown,Unknown,Vehicle Overturn,Unknown,Unknown,Unknown,2,0,2,Fatal
SCRAPED_000226,News_Paper,2022,May,Tuesday,Haryana,Suv,Truck,Unknown,Unknown,Unknown,With Parked Vehicle,Unknown,Unknown,Unknown,5,11,16,Fatal
SCRAPED_000227,News_Paper,2022,May,Tuesday,Madhya Pradesh,Pedestrian,Truck,Unknown,Unknown,Unknown,Others,Unknown,Unknown,Unknown,3,10,13,Fatal
SCRAPED_000228,News_Paper,2022,May,Tuesday,Maharashtra,Auto Rickshaw,Truck,Unknown,Unknown,Unknown,Others,Unknown,Unknown,Unknown,3,10,13,Fatal
SCRAPED_000229,News_Paper,2022,May,Thursday,Haryana,Pedestrian,Truck,Unknown,Unknown,Unknown,Hit And Run,Unknown,Unknown,Unknown,3,15,18,Fatal
SCRAPED_000230,News_Paper,2022,May,Tuesday,Uttar Pradesh,Bus,Truck,Unknown,Unknown,Unknown,With Parked Vehicle,Unknown,Unknown,Unknown,3,31,34,Fatal
SCRAPED_000231,News_Paper,2022,May,Friday,Uttar Pradesh,Suv,Tractor,Unknown,Unknown,Unknown,Others,Unknown,Unknown,Unknown,6,3,9,Fatal
SCRAPED_000232,News_Paper,2022,May,Friday,Uttar Pradesh,Truck,Truck,Unknown,Unknown,Unknown,Head On Collision,Unknown,Unknown,Unknown,3,9,12,Fatal
SCRAPED_000233,News_Paper,2022,May,Thursday,Rajasthan,Truck,Truck,Unknown,Unknown,Unknown,Head On Collision,Unknown,Unknown,Unknown,1,1,2,Fatal
SCRAPED_000234,News_Paper,2022,May,Friday,Tamil Nadu,Two Wheeler,Truck,Unknown,Unknown,Under 18,Hit From Back,Unknown,Unknown,Unknown,1,2,3,Fatal
SCRAPED_000235,News_Paper,2022,May,Saturday,Gujarat,Truck,Truck,Unknown,Unknown,Unknown,Others,Unknown,Unknown,Unknown,2,2,4,Fatal
SCRAPED_000236,News_Paper,2022,May,Friday,Chhattisgarh,Pick Up,Truck,Unknown,Unknown,Unknown,Hit From Back,Unknown,Unknown,Unknown,4,0,4,Fatal
SCRAPED_000237,News_Paper,2022,May,Sunday,Uttar Pradesh,Suv,Truck,Unknown,Unknown,Unknown,With Parked Vehicle,Unknown,Unknown,Unknown,8,3,11,Fatal
SCRAPED_000238,News_Paper,2022,May,Sunday,Andhra Pradesh,Car,Truck,Unknown,Unknown,Unknown,Others,Unknown,Unknown,Unknown,3,2,5,Fatal
SCRAPED_000239,News_Paper,2022,May,Monday,Bihar,Truck,Nil,Unknown,Unknown,Unknown,Run Off Road,Unknown,Unknown,Unknown,8,10,18,Fatal
SCRAPED_000240,News_Paper,2022,May,Tuesday,Uttar Pradesh,Car,Truck,Unknown,Unknown,Unknown,With Parked Vehicle,Unknown,Unknown,Unknown,5,5,10,Fatal
SCRAPED_000241,News_Paper,2022,May,Tuesday,Karnataka,Lorry,Bus,Unknown,Unknown,Unknown,Others,Unknown,Unknown,Unknown,8,24,32,Fatal
SCRAPED_000242,News_Paper,2022,May,Tuesday,Delhi,Car,Truck,Unknown,Unknown,31-50,With Parked Vehicle,Unknown,Unknown,Unknown,1,1,2,Fatal
SCRAPED_000243,News_Paper,2022,May,Wednesday,Uttar Pradesh,Car,Truck,Unknown,Unknown,Unknown,Head On Collision,Unknown,Unknown,Unknown,4,0,4,Fatal
SCRAPED_000244,News_Paper,2022,May,Tuesday,Haryana,Suv,Truck,Unknown,Unknown,Unknown,Head On Collision,Unknown,Unknown,Unknown,6,17,23,Fatal
SCRAPED_000245,News_Paper,2022,May,Tuesday,Tamil Nadu,Two Wheeler,Truck,Unknown,Unknown,Unknown,Hit From Back,Unknown,Unknown,Unknown,2,0,2,Fatal
SCRAPED_000246,News_Paper,2022,May,Wednesday,Andhra Pradesh,Auto Rickshaw,Lorry,Unknown,Unknown,Unknown,Others,Unknown,Unknown,Unknown,2,0,2,Fatal
SCRAPED_000247,News_Paper,2022,May,Thursday,Andhra Pradesh,Two Wheeler,Lorry,Unknown,Unknown,Unknown,Head On Collision,Unknown,Unknown,Unknown,3,0,3,Fatal
SCRAPED_000248,News_Paper,2022,May,Sunday,Uttar Pradesh,Bus,Truck,Unknown,Unknown,Unknown,Head On Collision,Unknown,Unknown,Unknown,7,9,16,Fatal
SCRAPED_000249,News_Paper,2022,May,Saturday,Uttar Pradesh,Two Wheeler,Truck,Unknown,Unknown,18-30,Head On Collision,Unknown,Unknown,Unknown,1,1,2,Fatal
SCRAPED_000250,News_Paper,2022,May,Friday,Rajasthan,Bus,Truck,Unknown,Unknown,Unknown,With Parked Vehicle,Unknown,Unknown,Unknown,2,15,17,Fatal
SCRAPED_000251,News_Paper,2022,May,Saturday,Gujarat,Two Wheeler,Truck,Unknown,Unknown,Unknown,Hit From Back,Unknown,Unknown,Unknown,4,0,4,Fatal
SCRAPED_000252,News_Paper,2022,May,Saturday,Madhya Pradesh,Car,Truck,Unknown,Unknown,Unknown,Head On Collision,Unknown,Unknown,Unknown,2,1,3,Fatal
SCRAPED_000253,News_Paper,2022,May,Monday,Maharashtra,Pedestrian,Truck,Unknown,Unknown,31-50,Hit And Run,Unknown,Unknown,Unknown,1,4,5,Fatal
SCRAPED_000254,News_Paper,2022,May,Sunday,Andhra Pradesh,Lorry,Truck,Unknown,Unknown,Unknown,With Parked Vehicle,Unknown,Unknown,Unknown,7,18,25,Fatal
SCRAPED_000255,News_Paper,2022,June,Wednesday,Gujarat,Car,Truck,Unknown,Unknown,Unknown,Others,Unknown,Unknown,Unknown,4,0,4,Fatal
SCRAPED_000256,News_Paper,2022,May,Monday,Madhya Pradesh,Suv,Truck,Unknown,Unknown,Unknown,With Parked Vehicle,Unknown,Unknown,Unknown,2,0,2,Fatal
SCRAPED_000257,News_Paper,2022,June,Thursday,Maharashtra,Car,Tractor,Unknown,Unknown,Unknown,With Parked Vehicle,Unknown,Unknown,Unknown,7,9,16,Fatal
SCRAPED_000258,News_Paper,2022,June,Saturday,Maharashtra,Car,Truck,Unknown,Unknown,Unknown,With Parked Vehicle,Unknown,Unknown,Unknown,5,0,5,Fatal
SCRAPED_000259,News_Paper,2022,June,Friday,Maharashtra,Two Wheeler,Truck,Unknown,Unknown,Unknown,Head On Collision,Unknown,Unknown,Unknown,2,0,2,Fatal
SCRAPED_000260,News_Paper,2022,June,Monday,Madhya Pradesh,Tractor,Nil,Unknown,Unknown,Unknown,Run Off Road,Unknown,Unknown,Unknown,2,1,3,Fatal
SCRAPED_000261,News_Paper,2022,June,Monday,Madhya Pradesh,Two Wheeler,Truck,Unknown,Unknown,Unknown,Others,Unknown,Unknown,Unknown,2,0,2,Fatal
SCRAPED_000262,News_Paper,2022,June,Sunday,Delhi,Car,Truck,Unknown,Unknown,31-50,With Parked Vehicle,Unknown,Unknown,Unknown,1,4,5,Fatal
SCRAPED_000263,News_Paper,2022,June,Monday,Rajasthan,Suv,Truck,Unknown,Unknown,Unknown,Head On Collision,Unknown,Unknown,Unknown,8,2,10,Fatal
SCRAPED_000264,News_Paper,2022,June,Wednesday,Madhya Pradesh,Car,Truck,Unknown,Unknown,Unknown,Others,Unknown,Unknown,Unknown,4,0,4,Fatal
SCRAPED_000265,News_Paper,2022,June,Wednesday,Uttar Pradesh,Two Wheeler,Truck,Unknown,Unknown,Unknown,Others,Unknown,Unknown,Unknown,5,0,5,Fatal
SCRAPED_000266,News_Paper,2022,June,Wednesday,Uttarakhand,Two Wheeler,Truck,Unknown,Unknown,Unknown,Hit From Back,Unknown,Unknown,Unknown,2,0,2,Fatal
SCRAPED_000267,News_Paper,2022,June,Wednesday,Maharashtra,Car,Truck,Unknown,Unknown,Unknown,Head On Collision,Unknown,Unknown,Unknown,3,0,3,Fatal
SCRAPED_000268,News_Paper,2022,June,Thursday,Madhya Pradesh,Two Wheeler,Tractor,Unknown,Unknown,31-50,Hit From Back,Unknown,Unknown,Unknown,1,1,2,Fatal
SCRAPED_000269,News_Paper,2022,June,Thursday,Madhya Pradesh,Two Wheeler,Truck,Unknown,Unknown,Unknown,Hit From Back,Unknown,Unknown,Unknown,1,0,1,Fatal
SCRAPED_000270,News_Paper,2022,June,Friday,Maharashtra,Truck,Truck,Unknown,Unknown,31-50,With Parked Vehicle,Unknown,Unknown,Unknown,1,0,1,Fatal
SCRAPED_000271,News_Paper,2022,June,Saturday,Madhya Pradesh,Van,Tractor,Unknown,Unknown,18-30,Hit From Back,Unknown,Unknown,Unknown,1,0,1,Fatal
SCRAPED_000272,News_Paper,2022,June,Sunday,Delhi,Car,Truck,Unknown,Unknown,Unknown,With Parked Vehicle,Unknown,Unknown,Unknown,2,3,5,Fatal
SCRAPED_000273,News_Paper,2022,June,Saturday,Chhattisgarh,Auto Rickshaw,Truck,Unknown,Unknown,Unknown,Others,Unknown,Unknown,Unknown,2,12,14,Fatal
SCRAPED_000274,News_Paper,2022,June,Monday,Andhra Pradesh,Two Wheeler,Lorry,Unknown,Unknown,Unknown,Hit From Back,Unknown,Unknown,Unknown,2,0,2,Fatal
SCRAPED_000275,News_Paper,2022,June,Monday,Bihar,Auto Rickshaw,Truck,Unknown,Unknown,Unknown,Head On Collision,Unknown,Unknown,Unknown,5,7,12,Fatal