accident_id,source,year,month,day_of_week,state,vehicle_1,vehicle_2,vehicles_involved,party_age_group,victim_age_group,cause_of_accident,weather_condition,road_condition,lighting_condition,fatalities,injuries,casualties,severity
SCRAPED_000276,News_Paper,2022,June,Tuesday,Uttar Pradesh,Tractor,Truck,Unknown,Unknown,Unknown,Hit From Back,Unknown,Unknown,Unknown,6,14,20,Fatal
SCRAPED_000277,News_Paper,2022,June,Sunday,Telangana,Car,Truck,Unknown,Unknown,Unknown,Head On Collision,Unknown,Unknown,Unknown,3,0,3,Fatal
SCRAPED_000278,News_Paper,2022,June,Tuesday,Uttar Pradesh,Pedestrian,Tractor,Unknown,Unknown,Unknown,Hit And Run,Unknown,Unknown,Unknown,2,0,2,Fatal
SCRAPED_000279,News_Paper,2022,June,Wednesday,Madhya Pradesh,Bus,Truck,Unknown,Unknown,Unknown,With Parked Vehicle,Unknown,Unknown,Unknown,3,7,10,Fatal
SCRAPED_000280,News_Paper,2022,June,Saturday,Uttar Pradesh,Van,Truck,Unknown,Unknown,Unknown,Head On Collision,Unknown,Unknown,Unknown,7,5,12,Fatal
SCRAPED_000281,News_Paper,2022,June,Monday,Punjab,Car,Truck,Unknown,Unknown,Unknown,With Parked Vehicle,Unknown,Unknown,Unknown,5,2,7,Fatal
SCRAPED_000282,News_Paper,2022,June,Saturday,Madhya Pradesh,Two Wheeler,Truck,Unknown,Unknown,18-30,Others,Unknown,Unknown,Unknown,1,0,1,Fatal
SCRAPED_000283,News_Paper,2022,June,Friday,Himachal Pradesh,Two Wheeler,Truck,Unknown,Unknown,Over 51,Head On Collision,Unknown,Unknown,Unknown,1,0,1,Fatal
SCRAPED_000284,News_Paper,2022,June,Saturday,Himachal Pradesh,Truck,Gorge,Unknown,Unknown,Unknown,Vehicle Overturn,Unknown,Unknown,Unknown,1,0,1,Fatal
SCRAPED_000285,News_Paper,2022,June,Monday,Madhya Pradesh,Two Wheeler,Truck,Unknown,Unknown,Unknown,Head On Collision,Unknown,Unknown,Unknown,2,0,2,Fatal
SCRAPED_000286,News_Paper,2022,June,Sunday,Telangana,Two Wheeler,Lorry,Unknown,Unknown,Unknown,With Parked Vehicle,Unknown,Unknown,Unknown,1,0,1,Fatal
SCRAPED_000287,News_Paper,2022,June,Monday,Karnataka,Two Wheeler,Truck,Unknown,Unknown,31-50,Hit From Back,Unknown,Unknown,Unknown,1,0,1,Fatal
SCRAPED_000288,News_Paper,2022,June,Tuesday,Chandigarh,Bicycle,Truck,Unknown,Unknown,31-50,Others,Unknown,Unknown,Unknown,1,0,1,Fatal
SCRAPED_000289,News_Paper,2022,June,Wednesday,Chhattisgarh,Two Wheeler,Truck,Unknown,Unknown,18-30,Others,Unknown,Unknown,Unknown,1,1,2,Fatal
SCRAPED_000290,News_Paper,2022,June,Thursday,Rajasthan,Two Wheeler,Truck,Unknown,Unknown,31-50,Hit From Back,Unknown,Unknown,Unknown,1,0,1,Fatal
SCRAPED_000291,News_Paper,2022,June,Sunday,Chhattisgarh,Two Wheeler,Truck,Unknown,Unknown,31-50,Head On Collision,Unknown,Unknown,Unknown,1,0,1,Fatal
SCRAPED_000292,News_Paper,2022,June,Sunday,Madhya Pradesh,Two Wheeler,Truck,Unknown,Unknown,18-30,Head On Collision,Unknown,Unknown,Unknown,1,0,1,Fatal
SCRAPED_000293,News_Paper,2022,June,Monday,Rajasthan,Car,Truck,Unknown,Unknown,Unknown,With Parked Vehicle,Unknown,Unknown,Unknown,5,0,5,Fatal
SCRAPED_000294,News_Paper,2022,June,Wednesday,Maharashtra,Pick Up,Truck,Unknown,Unknown,Unknown,Head On Collision,Unknown,Unknown,Unknown,4,0,4,Fatal
SCRAPED_000295,News_Paper,2022,June,Wednesday,Chhattisgarh,Car,Truck,Unknown,Unknown,Unknown,Head On Collision,Unknown,Unknown,Unknown,2,3,5,Fatal
SCRAPED_000296,News_Paper,2022,July,Friday,Uttar Pradesh,Auto Rickshaw,Truck,Unknown,Unknown,Unknown,Head On Collision,Unknown,Unknown,Unknown,6,3,9,Fatal
SCRAPED_000297,News_Paper,2022,July,Saturday,Maharashtra,Suv,Truck,Unknown,Unknown,Unknown,Hit From Back,Unknown,Unknown,Unknown,3,1,4,Fatal
SCRAPED_000298,News_Paper,2022,June,Tuesday,Maharashtra,Two Wheeler,Truck,Unknown,Unknown,Unknown,Hit From Side,Unknown,Unknown,Unknown,3,0,3,Fatal
SCRAPED_000299,News_Paper,2022,July,Friday,Andhra Pradesh,Two Wheeler,Lorry,Unknown,Unknown,31-50,Others,Unknown,Unknown,Unknown,1,0,1,Fatal
SCRAPED_000300,News_Paper,2022,July,Saturday,Nagaland,Auto Rickshaw,Truck,Unknown,Unknown,Unknown,Others,Unknown,Unknown,Unknown,5,3,8,Fatal
SCRAPED_000301,News_Paper,2022,July,Sunday,Maharashtra,Two Wheeler,Truck,Unknown,Unknown,Unknown,Others,Unknown,Unknown,Unknown,3,4,7,Fatal
SCRAPED_000302,News_Paper,2022,July,Tuesday,Himachal Pradesh,Truck,Nil,Unknown,Unknown,Unknown,Run Off Road,Unknown,Unknown,Unknown,3,1,4,Fatal
SCRAPED_000303,News_Paper,2022,July,Monday,Madhya Pradesh,Truck,Truck,Unknown,Unknown,31-50,With Parked Vehicle,Unknown,Unknown,Unknown,1,1,2,Fatal
SCRAPED_000304,News_Paper,2022,July,Monday,Telangana,Car,Truck,Unknown,Unknown,Unknown,Hit From Back,Unknown,Unknown,Unknown,3,0,3,Fatal
SCRAPED_000305,News_Paper,2022,July,Monday,Kerala,Two Wheeler,Truck,Unknown,Unknown,Unknown,Hit From Side,Unknown,Unknown,Unknown,2,1,3,Fatal
SCRAPED_000306,News_Paper,2022,July,Wednesday,Andhra Pradesh,Two Wheeler,Lorry,Unknown,Unknown,Unknown,Others,Unknown,Unknown,Unknown,2,0,2,Fatal
SCRAPED_000307,News_Paper,2022,July,Thursday,Uttar Pradesh,Truck,Truck,Unknown,Unknown,Unknown,Others,Unknown,Unknown,Unknown,2,9,11,Fatal
SCRAPED_000308,News_Paper,2022,July,Friday,Tamil Nadu,Bus,Truck,Unknown,Unknown,Unknown,With Parked Vehicle,Unknown,Unknown,Unknown,6,10,16,Fatal
SCRAPED_000309,News_Paper,2022,July,Thursday,Tamil Nadu,Car,Truck,Unknown,Unknown,Unknown,Others,Unknown,Unknown,Unknown,4,0,4,Fatal
SCRAPED_000310,News_Paper,2022,July,Friday,Gujarat,Two Wheeler,Truck,Unknown,Unknown,Unknown,With Parked Vehicle,Unknown,Unknown,Unknown,3,0,3,Fatal
SCRAPED_000311,News_Paper,2022,July,Friday,Karnataka,Van,Truck,Unknown,Unknown,31-50,Hit From Side,Unknown,Unknown,Unknown,1,0,1,Fatal
SCRAPED_000312,News_Paper,2022,July,Saturday,Rajasthan,Car,Truck,Unknown,Unknown,Unknown,Others,Unknown,Unknown,Unknown,2,2,4,Fatal
SCRAPED_000313,News_Paper,2022,July,Sunday,Rajasthan,Car,Truck,Unknown,Unknown,Unknown,Others,Unknown,Unknown,Unknown,1,5,6,Fatal
SCRAPED_000314,News_Paper,2022,July,Sunday,Rajasthan,Car,Truck,Unknown,Unknown,Unknown,Head On Collision,Unknown,Unknown,Unknown,2,3,5,Fatal
SCRAPED_000315,News_Paper,2022,July,Thursday,Uttar Pradesh,Car,Truck,Unknown,Unknown,Unknown,With Parked Vehicle,Unknown,Unknown,Unknown,2,2,4,Fatal
SCRAPED_000316,News_Paper,2022,July,Sunday,Uttar Pradesh,Two Wheeler,Tractor,Unknown,Unknown,18-30,Head On Collision,Unknown,Unknown,Unknown,1,1,2,Fatal
SCRAPED_000317,News_Paper,2022,July,Tuesday,Odisha,Bus,Truck,Unknown,Unknown,Unknown,Others,Unknown,Unknown,Unknown,1,8,9,Fatal
SCRAPED_000318,News_Paper,2022,July,Monday,Uttar Pradesh,Two Wheeler,Truck,Unknown,Unknown,31-50,Hit From Back,Unknown,Unknown,Unknown,1,1,2,Fatal
SCRAPED_000319,News_Paper,2022,July,Wednesday,Himachal Pradesh,Truck,Gorge,Unknown,Unknown,Unknown,Vehicle Overturn,Unknown,Unknown,Unknown,3,3,6,Fatal
SCRAPED_000320,News_Paper,2022,July,Monday,Tamil Nadu,Car,Truck,Unknown,Unknown,31-50,With Parked Vehicle,Unknown,Unknown,Unknown,1,4,5,Fatal
SCRAPED_000321,News_Paper,2022,July,Monday,Karnataka,Two Wheeler,Truck,Unknown,Unknown,18-30,With Parked Vehicle,Unknown,Unknown,Unknown,1,1,2,Fatal
SCRAPED_000322,News_Paper,2022,July,Wednesday,Telangana,Car,Lorry,Unknown,Unknown,Unknown,With Parked Vehicle,Unknown,Unknown,Unknown,3,0,3,Fatal
SCRAPED_000323,News_Paper,2022,July,Friday,Tamil Nadu,Pedestrian,Truck,Unknown,Unknown,Unknown,Hit And Run,Unknown,Unknown,Unknown,2,0,2,Fatal
SCRAPED_000324,News_Paper,2022,July,Saturday,Uttar Pradesh,Bus,Truck,Unknown,Unknown,Unknown,Head On Collision,Unknown,Unknown,Unknown,5,22,27,Fatal
SCRAPED_000325,News_Paper,2022,July,Saturday,Chhattisgarh,Two Wheeler,Truck,Unknown,Unknown,Unknown,Hit From Back,Unknown,Unknown,Unknown,2,0,2,Fatal
SCRAPED_000326,News_Paper,2022,July,Sunday,Goa,Two Wheeler,Truck,Unknown,Unknown,Over 51,Head On Collision,Unknown,Unknown,Unknown,1,0,1,Fatal
SCRAPED_000327,News_Paper,2022,July,Saturday,Madhya Pradesh,Two Wheeler,Truck,Unknown,Unknown,Unknown,Head On Collision,Unknown,Unknown,Unknown,3,0,3,Fatal
SCRAPED_000328,News_Paper,2022,July,Saturday,Uttar Pradesh,Pedestrian,Truck,Unknown,Unknown,Unknown,Hit And Run,Unknown,Unknown,Unknown,5,1,6,Fatal
SCRAPED_000329,News_Paper,2022,July,Friday,Karnataka,Pedestrian,Truck,Unknown,Unknown,Under 18,Hit And Run,Unknown,Unknown,Unknown,1,0,1,Fatal
SCRAPED_000330,News_Paper,2022,July,Friday,Jammu,Car,Truck,Unknown,Unknown,Unknown,Others,Unknown,Unknown,Unknown,4,15,19,Fatal
SCRAPED_000331,News_Paper,2022,July,Saturday,Bihar,Two Wheeler,Truck,Unknown,Unknown,Unknown,Others,Unknown,Unknown,Unknown,2,1,3,Fatal
SCRAPED_000332,News_Paper,2022,July,Wednesday,Andhra Pradesh,Car,Truck,Unknown,Unknown,Unknown,Hit From Back,Unknown,Unknown,Unknown,3,3,6,Fatal
SCRAPED_000333,News_Paper,2022,July,Wednesday,Tamil Nadu,Two Wheeler,Truck,Unknown,Unknown,Unknown,Head On Collision,Unknown,Unknown,Unknown,2,0,2,Fatal
SCRAPED_000334,News_Paper,2022,July,Friday,Rajasthan,Two Wheeler,Truck,Unknown,Unknown,Unknown,Hit From Back,Unknown,Unknown,Unknown,3,0,3,Fatal
SCRAPED_000335,News_Paper,2022,July,Saturday,Tamil Nadu,Bus,Truck,Unknown,Unknown,Unknown,With Parked Vehicle,Unknown,Unknown,Unknown,2,3,5,Fatal
SCRAPED_000336,News_Paper,2022,July,Saturday,Haryana,Two Wheeler,Truck,Unknown,Unknown,Unknown,Hit From Back,Unknown,Unknown,Unknown,2,1,3,Fatal
SCRAPED_000337,News_Paper,2022,July,Saturday,West Bengal,Bicycle,Truck,Unknown,Unknown,Under 18,Hit From Back,Unknown,Unknown,Unknown,1,0,1,Fatal
SCRAPED_000338,News_Paper,2022,August,Monday,Madhya Pradesh,Two Wheeler,Truck,Unknown,Unknown,18-30,Head On Collision,Unknown,Unknown,Unknown,1,0,1,Fatal
SCRAPED_000339,News_Paper,2022,August,Wednesday,Bihar,Pedestrian,Truck,Unknown,Unknown,Unknown,Hit And Run,Unknown,Unknown,Unknown,5,7,12,Fatal
SCRAPED_000340,News_Paper,2022,August,Wednesday,Punjab,Two Wheeler,Truck,Unknown,Unknown,Unknown,With Parked Vehicle,Unknown,Unknown,Unknown,1,0,1,Fatal
SCRAPED_000341,News_Paper,2022,August,Wednesday,Punjab,Two Wheeler,Truck,Unknown,Unknown,31-50,Others,Unknown,Unknown,Unknown,1,1,2,Fatal
SCRAPED_000342,News_Paper,2022,August,Tuesday,Madhya Pradesh,Car,Truck,Unknown,Unknown,Unknown,Others,Unknown,Unknown,Unknown,1,4,5,Fatal
SCRAPED_000343,News_Paper,2022,August,Thursday,Jammu,Truck,Gorge,Unknown,Unknown,Unknown,Vehicle Overturn,Unknown,Unknown,Unknown,5,12,17,Fatal
SCRAPED_000344,News_Paper,2022,August,Friday,West Bengal,Two Wheeler,Truck,Unknown,Unknown,18-30,With Parked Vehicle,Unknown,Unknown,Unknown,1,1,2,Fatal
SCRAPED_000345,News_Paper,2022,August,Friday,Madhya Pradesh,Pedestrian,Truck,Unknown,Unknown,Under 18,Hit And Run,Unknown,Unknown,Unknown,1,0,1,Fatal
SCRAPED_000346,News_Paper,2022,August,Friday,Maharashtra,Two Wheeler,Truck,Unknown,Unknown,Unknown,Hit From Side,Unknown,Unknown,Unknown,2,0,2,Fatal
SCRAPED_000347,News_Paper,2022,August,Monday,Andhra Pradesh,Car,Lorry,Unknown,Unknown,Unknown,Others,Unknown,Unknown,Unknown,5,0,5,Fatal
SCRAPED_000348,News_Paper,2022,August,Tuesday,Jharkhand,Pedestrian,Truck,Unknown,Unknown,Unknown,Hit And Run,Unknown,Unknown,Unknown,3,1,4,Fatal
SCRAPED_000349,News_Paper,2022,August,Tuesday,West Bengal,Bicycle,Truck,Unknown,Unknown,Unknown,Others,Unknown,Unknown,Unknown,1,0,1,Fatal
SCRAPED_000350,News_Paper,2022,August,Monday,West Bengal,Pedestrian,Truck,Unknown,Unknown,31-50,Hit And Run,Unknown,Unknown,Unknown,1,0,1,Fatal
SCRAPED_000351,News_Paper,2022,August,Wednesday,Uttar Pradesh,Two Wheeler,Truck,Unknown,Unknown,31-50,Others,Unknown,Unknown,Unknown,1,1,2,Fatal
SCRAPED_000352,News_Paper,2022,August,Wednesday,Karnataka,Two Wheeler,Truck,Unknown,Unknown,18-30,Hit From Back,Unknown,Unknown,Unknown,1,1,2,Fatal
SCRAPED_000353,News_Paper,2022,August,Wednesday,Andhra Pradesh,Two Wheeler,Lorry,Unknown,Unknown,Unknown,Others,Unknown,Unknown,Unknown,2,0,2,Fatal
SCRAPED_000354,News_Paper,2022,August,Thursday,Maharashtra,Two Wheeler,Tractor,Unknown,Unknown,18-30,Hit From Back,Unknown,Unknown,Unknown,1,1,2,Fatal
SCRAPED_000355,News_Paper,2022,August,Friday,Madhya Pradesh,Pedestrian,Truck,Unknown,Unknown,Unknown,Hit And Run,Unknown,Unknown,Unknown,2,0,2,Fatal
SCRAPED_000356,News_Paper,2022,August,Sunday,Maharashtra,Car,Truck,Unknown,Unknown,Unknown,Head On Collision,Unknown,Unknown,Unknown,6,0,6,Fatal
SCRAPED_000357,News_Paper,2022,August,Saturday,Gujarat,Car,Truck,Unknown,Unknown,Unknown,Hit From Back,Unknown,Unknown,Unknown,4,0,4,Fatal
SCRAPED_000358,News_Paper,2022,August,Monday,Maharashtra,Car,Truck,Unknown,Unknown,Over 51,Hit From Back,Unknown,Unknown,Unknown,1,0,1,Fatal
SCRAPED_000359,News_Paper,2022,August,Tuesday,Haryana,Suv,Truck,Unknown,Unknown,Unknown,Hit From Side,Unknown,Unknown,Unknown,4,2,6,Fatal
SCRAPED_000360,News_Paper,2022,August,Wednesday,Maharashtra,Bus,Truck,Unknown,Unknown,Unknown,Head On Collision,Unknown,Unknown,Unknown,5,1,6,Fatal
SCRAPED_000361,News_Paper,2022,August,Tuesday,Maharashtra,Two Wheeler,Truck,Unknown,Unknown,31-50,With Parked Vehicle,Unknown,Unknown,Unknown,1,0,1,Fatal
SCRAPED_000362,News_Paper,2022,August,Tuesday,Maharashtra,Two Wheeler,Truck,Unknown,Unknown,31-50,With Parked Vehicle,Unknown,Unknown,Unknown,1,0,1,Fatal
SCRAPED_000363,News_Paper,2022,August,Tuesday,Andhra Pradesh,Car,Lorry,Unknown,Unknown,Unknown,With Parked Vehicle,Unknown,Unknown,Unknown,4,0,4,Fatal
SCRAPED_000364,News_Paper,2022,August,Tuesday,Assam,Two Wheeler,Truck,Unknown,Unknown,18-30,Others,Unknown,Unknown,Unknown,1,3,4,Fatal
SCRAPED_000365,News_Paper,2022,August,Thursday,Rajasthan,Car,Truck,Unknown,Unknown,Unknown,Hit From Back,Unknown,Unknown,Unknown,4,0,4,Fatal
SCRAPED_000366,News_Paper,2022,August,Thursday,Himachal Pradesh,Car,Truck,Unknown,Unknown,Unknown,Head On Collision,Unknown,Unknown,Unknown,2,0,2,Fatal
SCRAPED_000367,News_Paper,2022,August,Saturday,Karnataka,Bus,Truck,Unknown,Unknown,Unknown,Head On Collision,Unknown,Unknown,Unknown,2,10,12,Fatal
SCRAPED_000368,News_Paper,2022,August,Friday,West Bengal,Two Wheeler,Truck,Unknown,Unknown,18-30,Others,Unknown,Unknown,Unknown,1,1,2,Fatal
SCRAPED_000369,News_Paper,2022,August,Saturday,West Bengal,Two Wheeler,Truck,Unknown,Unknown,31-50,Others,Unknown,Unknown,Unknown,1,0,1,Fatal
SCRAPED_000370,News_Paper,2022,August,Sunday,Maharashtra,Two Wheeler,Truck,Unknown,Unknown,Under 18,Hit From Back,Unknown,Unknown,Unknown,1,4,5,Fatal
SCRAPED_000371,News_Paper,2022,August,Monday,Madhya Pradesh,Truck,Truck,Unknown,Unknown,Unknown,Others,Unknown,Unknown,Unknown,4,11,15,Fatal
SCRAPED_000372,News_Paper,2022,August,Sunday,Uttar Pradesh,Suv,Truck,Unknown,Unknown,Unknown,With Parked Vehicle,Unknown,Unknown,Unknown,6,6,12,Fatal
SCRAPED_000373,News_Paper,2022,August,Monday,Rajasthan,Car,Truck,Unknown,Unknown,Unknown,Head On Collision,Unknown,Unknown,Unknown,4,0,4,Fatal
SCRAPED_000374,News_Paper,2022,August,Sunday,Uttar Pradesh,Two Wheeler,Truck,Unknown,Unknown,Unknown,Head On Collision,Unknown,Unknown,Unknown,5,0,5,Fatal
SCRAPED_000375,News_Paper,2022,August,Monday,Haryana,Car,Truck,Unknown,Unknown,18-30,With Parked Vehicle,Unknown,Unknown,Unknown,1,1,2,Fatal
SCRAPED_000376,News_Paper,2022,August,Tuesday,Madhya Pradesh,Auto Rickshaw,Truck,Unknown,Unknown,Unknown,Head On Collision,Unknown,Unknown,Unknown,3,15,18,Fatal
SCRAPED_000377,News_Paper,2022,August,Tuesday,Chhattisgarh,Car,Truck,Unknown,Unknown,Unknown,Head On Collision,Unknown,Unknown,Unknown,2,1,3,Fatal
SCRAPED_000378,News_Paper,2022,August,Thursday,Karnataka,Suv,Truck,Unknown,Unknown,Unknown,Hit From Back,Unknown,Unknown,Unknown,9,14,23,Fatal
SCRAPED_000379,News_Paper,2022,August,Thursday,Tamil Nadu,Two Wheeler,Truck,Unknown,Unknown,Unknown,Head On Collision,Unknown,Unknown,Unknown,2,0,2,Fatal
SCRAPED_000380,News_Paper,2022,August,Friday,Maharashtra,Car,Truck,Unknown,Unknown,Unknown,Hit From Back,Unknown,Unknown,Unknown,2,0,2,Fatal
SCRAPED_000381,News_Paper,2022,August,Thursday,Karnataka,Two Wheeler,Truck,Unknown,Unknown,Unknown,Others,Unknown,Unknown,Unknown,3,1,4,Fatal
SCRAPED_000382,News_Paper,2022,August,Saturday,West Bengal,Car,Truck,Unknown,Unknown,31-50,Hit From Side,Unknown,Unknown,Unknown,1,0,1,Fatal
SCRAPED_000383,News_Paper,2022,August,Saturday,Uttar Pradesh,Tractor,River,Unknown,Unknown,Unknown,Vehicle Overturn,Unknown,Unknown,Unknown,6,14,20,Fatal
SCRAPED_000384,News_Paper,2022,August,Sunday,Maharashtra,Two Wheeler,Truck,Unknown,Unknown,18-30,Head On Collision,Unknown,Unknown,Unknown,1,0,1,Fatal
SCRAPED_000385,News_Paper,2022,August,Sunday,Odisha,Auto Rickshaw,Truck,Unknown,Unknown,Unknown,Head On Collision,Unknown,Unknown,Unknown,5,0,5,Fatal
SCRAPED_000386,News_Paper,2022,August,Tuesday,Uttar Pradesh,Pedestrian,Truck,Unknown,Unknown,Unknown,Hit And Run,Unknown,Unknown,Unknown,2,0,2,Fatal
SCRAPED_000387,News_Paper,2022,August,Wednesday,West Bengal,Two Wheeler,Truck,Unknown,Unknown,18-30,Hit From Back,Unknown,Unknown,Unknown,1,0,1,Fatal
SCRAPED_000388,News_Paper,2022,August,Wednesday,West Bengal,Pedestrian,Truck,Unknown,Unknown,31-50,Hit And Run,Unknown,Unknown,Unknown,1,0,1,Fatal
SCRAPED_000389,News_Paper,2022,August,Wednesday,Himachal Pradesh,Truck,Gorge,Unknown,Unknown,Unknown,Vehicle Overturn,Unknown,Unknown,Unknown,1,4,5,Fatal
SCRAPED_000390,News_Paper,2022,September,Friday,Madhya Pradesh,Two Wheeler,Truck,Unknown,Unknown,Unknown,Others,Unknown,Unknown,Unknown,1,1,2,Fatal
SCRAPED_000391,News_Paper,2022,September,Saturday,Tamil Nadu,Two Wheeler,Truck,Unknown,Unknown,18-30,Others,Unknown,Unknown,Unknown,1,1,2,Fatal
SCRAPED_000392,News_Paper,2022,September,Sunday,Karnataka,Pedestrian,Truck,Unknown,Unknown,Under 18,Hit And Run,Unknown,Unknown,Unknown,1,1,2,Fatal
SCRAPED_000393,News_Paper,2022,September,Monday,Madhya Pradesh,Two Wheeler,Truck,Unknown,Unknown,Unknown,Hit From Back,Unknown,Unknown,Unknown,1,0,1,Fatal
SCRAPED_000394,News_Paper,2022,September,Wednesday,Rajasthan,Car,Truck,Unknown,Unknown,Under 18,Head On Collision,Unknown,Unknown,Unknown,6,0,6,Fatal
SCRAPED_000395,News_Paper,2022,September,Monday,Gujarat,Bus,Truck,Unknown,Unknown,Unknown,With Parked Vehicle,Unknown,Unknown,Unknown,4,11,15,Fatal
SCRAPED_000396,News_Paper,2022,September,Tuesday,Punjab,Pedestrian,Truck,Unknown,Unknown,Over 51,Hit And Run,Unknown,Unknown,Unknown,1,0,1,Fatal
SCRAPED_000397,News_Paper,2022,September,Tuesday,Punjab,Pedestrian,Truck,Unknown,Unknown,Over 51,Hit And Run,Unknown,Unknown,Unknown,1,0,1,Fatal
SCRAPED_000398,News_Paper,2022,September,Tuesday,Uttar Pradesh,Truck,Bus,Unknown,Unknown,Unknown,Others,Unknown,Unknown,Unknown,1,4,5,Fatal
SCRAPED_000399,News_Paper,2022,September,Thursday,Haryana,Car,Tractor,Unknown,Unknown,Unknown,Head On Collision,Unknown,Unknown,Unknown,2,1,3,Fatal
SCRAPED_000400,News_Paper,2022,September,Saturday,Rajasthan,Car,Truck,Unknown,Unknown,Unknown,Others,Unknown,Unknown,Unknown,4,2,6,Fatal
SCRAPED_000401,News_Paper,2022,September,Saturday,Haryana,Two Wheeler,Truck,Unknown,Unknown,Unknown,Hit From Back,Unknown,Unknown,Unknown,2,0,2,Fatal
SCRAPED_000402,News_Paper,2022,September,Saturday,Haryana,Tractor,Nil,Unknown,Unknown,Unknown,Run Off Road,Unknown,Unknown,Unknown,1,1,2,Fatal
SCRAPED_000403,News_Paper,2022,September,Wednesday,Rajasthan,Suv,Truck,Unknown,Unknown,Unknown,Head On Collision,Unknown,Unknown,Unknown,5,12,17,Fatal
SCRAPED_000404,News_Paper,2022,September,Friday,Rajasthan,Two Wheeler,Tractor,Unknown,Unknown,Unknown,Others,Unknown,Unknown,Unknown,3,1,4,Fatal
SCRAPED_000405,News_Paper,2022,September,Thursday,Maharashtra,Two Wheeler,Truck,Unknown,Unknown,31-50,Hit From Back,Unknown,Unknown,Unknown,1,0,1,Fatal
SCRAPED_000406,News_Paper,2022,September,Friday,Gujarat,Car,Truck,Unknown,Unknown,Unknown,Head On Collision,Unknown,Unknown,Unknown,2,0,2,Fatal
SCRAPED_000407,News_Paper,2022,September,Monday,Punjab,Car,Truck,Unknown,Unknown,Unknown,Head On Collision,Unknown,Unknown,Unknown,3,0,3,Fatal
SCRAPED_000408,News_Paper,2022,September,Monday,Punjab,Auto Rickshaw,Truck,Unknown,Unknown,18-30,Head On Collision,Unknown,Unknown,Unknown,1,3,4,Fatal
SCRAPED_000409,News_Paper,2022,September,Tuesday,Rajasthan,Car,Truck,Unknown,Unknown,Unknown,Head On Collision,Unknown,Unknown,Unknown,3,0,3,Fatal
SCRAPED_000410,News_Paper,2022,September,Wednesday,Haryana,Two Wheeler,Tractor,Unknown,Unknown,Unknown,Others,Unknown,Unknown,Unknown,2,1,3,Fatal
SCRAPED_000411,News_Paper,2022,September,Thursday,Uttar Pradesh,Tractor,Truck,Unknown,Unknown,Unknown,Head On Collision,Unknown,Unknown,Unknown,4,20,24,Fatal
SCRAPED_000412,News_Paper,2022,September,Friday,Odisha,Bus,Truck,Unknown,Unknown,Unknown,Head On Collision,Unknown,Unknown,Unknown,4,8,12,Fatal
SCRAPED_000413,News_Paper,2022,September,Thursday,Maharashtra,Two Wheeler,Truck,Unknown,Unknown,18-30,Hit From Back,Unknown,Unknown,Unknown,1,0,1,Fatal
SCRAPED_000414,News_Paper,2022,September,Friday,Uttar Pradesh,Car,Truck,Unknown,Unknown,Under 18,Others,Unknown,Unknown,Unknown,1,2,3,Fatal
SCRAPED_000415,News_Paper,2022,September,Friday,Karnataka,Two Wheeler,Truck,Unknown,Unknown,18-30,Head On Collision,Unknown,Unknown,Unknown,1,0,1,Fatal
SCRAPED_000416,News_Paper,2022,September,Friday,Karnataka,Two Wheeler,Truck,Unknown,Unknown,18-30,Head On Collision,Unknown,Unknown,Unknown,1,0,1,Fatal
SCRAPED_000417,News_Paper,2022,September,Sunday,Tamil Nadu,Bus,Truck,Unknown,Unknown,Unknown,Others,Unknown,Unknown,Unknown,6,0,6,Fatal
SCRAPED_000418,News_Paper,2022,September,Saturday,Maharashtra,Truck,Truck,Unknown,Unknown,31-50,Hit From Side,Unknown,Unknown,Unknown,1,1,2,Fatal
SCRAPED_000419,News_Paper,2022,September,Saturday,Karnataka,Car,Truck,Unknown,Unknown,Unknown,Others,Unknown,Unknown,Unknown,2,2,4,Fatal
SCRAPED_000420,News_Paper,2022,September,Saturday,Haryana,Tractor,Truck,Unknown,Unknown,Unknown,Head On Collision,Unknown,Unknown,Unknown,4,7,11,Fatal
SCRAPED_000421,News_Paper,2022,September,Monday,Maharashtra,Bus,Truck,Unknown,Unknown,Over 51,Head On Collision,Unknown,Unknown,Unknown,1,5,6,Fatal
SCRAPED_000422,News_Paper,2022,September,Saturday,West Bengal,Truck,Truck,Unknown,Unknown,Over 51,With Parked Vehicle,Unknown,Unknown,Unknown,1,0,1,Fatal