accident_id,source,year,month,day_of_week,state,vehicle_1,vehicle_2,vehicles_involved,party_age_group,victim_age_group,cause_of_accident,weather_condition,road_condition,lighting_condition,fatalities,injuries,casualties,severity
SCRAPED_000423,News_Paper,2022,September,Monday,Punjab,Pedestrian,Truck,Unknown,Unknown,Over 51,Hit And Run,Unknown,Unknown,Unknown,1,0,1,Fatal
SCRAPED_000424,News_Paper,2022,September,Monday,Maharashtra,Two Wheeler,Truck,Unknown,Unknown,31-50,Hit From Side,Unknown,Unknown,Unknown,1,1,2,Fatal
SCRAPED_000425,News_Paper,2022,September,Wednesday,Delhi,Pedestrian,Truck,Unknown,Unknown,Unknown,Hit And Run,Unknown,Unknown,Unknown,4,2,6,Fatal
SCRAPED_000426,News_Paper,2022,September,Monday,Haryana,Tractor,Ambulance,Unknown,Unknown,31-50,Hit From Side,Unknown,Unknown,Unknown,2,0,2,Fatal
SCRAPED_000427,News_Paper,2022,September,Tuesday,Maharashtra,Two Wheeler,Truck,Unknown,Unknown,31-50,Others,Unknown,Unknown,Unknown,1,0,1,Fatal
SCRAPED_000428,News_Paper,2022,September,Wednesday,Maharashtra,Two Wheeler,Truck,Unknown,Unknown,Under 18,Others,Unknown,Unknown,Unknown,1,0,1,Fatal
SCRAPED_000429,News_Paper,2022,September,Friday,Uttar Pradesh,Pedestrian,Truck,Unknown,Unknown,Unknown,Hit And Run,Unknown,Unknown,Unknown,2,0,2,Fatal
SCRAPED_000430,News_Paper,2022,September,Friday,Madhya Pradesh,Two Wheeler,Truck,Unknown,Unknown,31-50,Hit From Back,Unknown,Unknown,Unknown,1,2,3,Fatal
SCRAPED_000431,News_Paper,2022,September,Monday,Uttar Pradesh,Tractor,Nil,Unknown,Unknown,Unknown,Run Off Road,Unknown,Unknown,Unknown,10,20,30,Fatal
SCRAPED_000432,News_Paper,2022,September,Sunday,West Bengal,Two Wheeler,Truck,Unknown,Unknown,Unknown,Others,Unknown,Unknown,Unknown,2,1,3,Fatal
SCRAPED_000433,News_Paper,2022,September,Monday,Uttar Pradesh,Pedestrian,Truck,Unknown,Unknown,Unknown,Hit And Run,Unknown,Unknown,Unknown,2,1,3,Fatal
SCRAPED_000434,News_Paper,2022,September,Tuesday,Goa,Suv,Truck,Unknown,Unknown,Unknown,Head On Collision,Unknown,Unknown,Unknown,2,3,5,Fatal
SCRAPED_000435,News_Paper,2022,September,Wednesday,Bihar,Tractor,Truck,Unknown,Unknown,Unknown,Hit From Back,Unknown,Unknown,Unknown,2,34,36,Fatal
SCRAPED_000436,News_Paper,2022,September,Monday,Tamil Nadu,Pedestrian,Tractor,Unknown,Unknown,Under 18,Hit And Run,Unknown,Unknown,Unknown,1,0,1,Fatal
SCRAPED_000437,News_Paper,2022,September,Monday,Tamil Nadu,Two Wheeler,Truck,Unknown,Unknown,Under 18,Others,Unknown,Unknown,Unknown,1,2,3,Fatal
SCRAPED_000438,News_Paper,2022,September,Wednesday,Uttar Pradesh,Bus,Truck,Unknown,Unknown,Unknown,Head On Collision,Unknown,Unknown,Unknown,8,18,26,Fatal
SCRAPED_000439,News_Paper,2022,September,Tuesday,West Bengal,Pedestrian,Truck,Unknown,Unknown,Over 51,Hit And Run,Unknown,Unknown,Unknown,1,0,1,Fatal
SCRAPED_000440,News_Paper,2022,September,Wednesday,Tamil Nadu,Two Wheeler,Truck,Unknown,Unknown,Unknown,Others,Unknown,Unknown,Unknown,2,2,4,Fatal
SCRAPED_000441,News_Paper,2022,September,Thursday,Maharashtra,Two Wheeler,Truck,Unknown,Unknown,18-30,Others,Unknown,Unknown,Unknown,1,3,4,Fatal
SCRAPED_000442,News_Paper,2022,October,Saturday,Uttar Pradesh,Pick Up,Truck,Unknown,Unknown,Unknown,With Parked Vehicle,Unknown,Unknown,Unknown,5,10,15,Fatal
SCRAPED_000443,News_Paper,2022,October,Sunday,Madhya Pradesh,Car,Truck,Unknown,Unknown,Unknown,With Parked Vehicle,Unknown,Unknown,Unknown,4,1,5,Fatal
SCRAPED_000444,News_Paper,2022,October,Saturday,Himachal Pradesh,Car,Truck,Unknown,Unknown,Unknown,Head On Collision,Unknown,Unknown,Unknown,3,1,4,Fatal
SCRAPED_000445,News_Paper,2022,October,Sunday,Maharashtra,Two Wheeler,Truck,Unknown,Unknown,Unknown,Head On Collision,Unknown,Unknown,Unknown,2,1,3,Fatal
SCRAPED_000446,News_Paper,2022,October,Tuesday,Gujarat,Auto Rickshaw,Truck,Unknown,Unknown,Unknown,Head On Collision,Unknown,Unknown,Unknown,10,7,17,Fatal
SCRAPED_000447,News_Paper,2022,October,Tuesday,Haryana,Two Wheeler,Truck,Unknown,Unknown,Unknown,Hit From Side,Unknown,Unknown,Unknown,2,0,2,Fatal
SCRAPED_000448,News_Paper,2022,October,Monday,Karnataka,Bus,Truck,Unknown,Unknown,Unknown,With Parked Vehicle,Unknown,Unknown,Unknown,2,26,28,Fatal
SCRAPED_000449,News_Paper,2022,October,Saturday,Madhya Pradesh,Car,Truck,Unknown,Unknown,Unknown,Hit From Side,Unknown,Unknown,Unknown,1,1,2,Fatal
SCRAPED_000450,News_Paper,2022,October,Tuesday,Uttar Pradesh,Pedestrian,Truck,Unknown,Unknown,Unknown,Hit And Run,Unknown,Unknown,Unknown,2,4,6,Fatal
SCRAPED_000451,News_Paper,2022,October,Monday,Gujarat,Two Wheeler,Truck,Unknown,Unknown,18-30,Hit From Back,Unknown,Unknown,Unknown,1,1,2,Fatal
SCRAPED_000452,News_Paper,2022,October,Sunday,Haryana,Two Wheeler,Truck,Unknown,Unknown,31-50,Head On Collision,Unknown,Unknown,Unknown,1,0,1,Fatal
SCRAPED_000453,News_Paper,2022,October,Wednesday,Bihar,Pedestrian,Truck,Unknown,Unknown,Unknown,Hit And Run,Unknown,Unknown,Unknown,1,0,1,Fatal
SCRAPED_000454,News_Paper,2022,October,Wednesday,Bihar,Pedestrian,Truck,Unknown,Unknown,Unknown,Hit And Run,Unknown,Unknown,Unknown,1,0,1,Fatal
SCRAPED_000455,News_Paper,2022,October,Wednesday,Bihar,Two Wheeler,Truck,Unknown,Unknown,Unknown,Hit From Back,Unknown,Unknown,Unknown,2,0,2,Fatal
SCRAPED_000456,News_Paper,2022,October,Wednesday,Chhattisgarh,Two Wheeler,Tractor,Unknown,Unknown,Unknown,Head On Collision,Unknown,Unknown,Unknown,2,0,2,Fatal
SCRAPED_000457,News_Paper,2022,October,Wednesday,Jharkhand,Pedestrian,Truck,Unknown,Unknown,Unknown,Hit And Run,Unknown,Unknown,Unknown,6,2,8,Fatal
SCRAPED_000458,News_Paper,2022,October,Saturday,Maharashtra,Bus,Truck,Unknown,Unknown,Unknown,Head On Collision,Unknown,Unknown,Unknown,12,18,30,Fatal
SCRAPED_000459,News_Paper,2022,October,Sunday,Jharkhand,Suv,Truck,Unknown,Unknown,Unknown,Others,Unknown,Unknown,Unknown,2,6,8,Fatal
SCRAPED_000460,News_Paper,2022,October,Sunday,Karnataka,Two Wheeler,Truck,Unknown,Unknown,31-50,Hit From Back,Unknown,Unknown,Unknown,1,0,1,Fatal
SCRAPED_000461,News_Paper,2022,October,Tuesday,Kerala,Two Wheeler,Truck,Unknown,Unknown,Over 51,Hit From Back,Unknown,Unknown,Unknown,1,0,1,Fatal
SCRAPED_000462,News_Paper,2022,October,Tuesday,Uttar Pradesh,Bus,Truck,Unknown,Unknown,18-30,Hit From Back,Unknown,Unknown,Unknown,1,69,70,Fatal
SCRAPED_000463,News_Paper,2022,October,Tuesday,Maharashtra,Two Wheeler,Truck,Unknown,Unknown,Unknown,Hit From Side,Unknown,Unknown,Unknown,2,0,2,Fatal
SCRAPED_000464,News_Paper,2022,October,Friday,Uttar Pradesh,Car,Truck,Unknown,Unknown,Unknown,Head On Collision,Unknown,Unknown,Unknown,4,0,4,Fatal
SCRAPED_000465,News_Paper,2022,October,Thursday,Maharashtra,Tractor,Canal,Unknown,Unknown,Unknown,Vehicle Overturn,Unknown,Unknown,Unknown,3,6,9,Fatal
SCRAPED_000466,News_Paper,2022,October,Thursday,Haryana,Van,Truck,Unknown,Unknown,Unknown,With Parked Vehicle,Unknown,Unknown,Unknown,2,0,2,Fatal
SCRAPED_000467,News_Paper,2022,October,Friday,Rajasthan,Car,Truck,Unknown,Unknown,31-50,Others,Unknown,Unknown,Unknown,1,2,3,Fatal
SCRAPED_000468,News_Paper,2022,October,Saturday,Kerala,Truck,Nil,Unknown,Unknown,31-50,Run Off Road,Unknown,Unknown,Unknown,1,0,1,Fatal
SCRAPED_000469,News_Paper,2022,October,Sunday,Karnataka,Bus,Truck,Unknown,Unknown,Unknown,Others,Unknown,Unknown,Unknown,9,12,21,Fatal
SCRAPED_000470,News_Paper,2022,October,Saturday,Andhra Pradesh,Pedestrian,Lorry,Unknown,Unknown,Over 51,Hit And Run,Unknown,Unknown,Unknown,1,0,1,Fatal
SCRAPED_000471,News_Paper,2022,October,Monday,Punjab,Two Wheeler,Tractor,Unknown,Unknown,Unknown,Others,Unknown,Unknown,Unknown,1,0,1,Fatal
SCRAPED_000472,News_Paper,2022,October,Tuesday,West Bengal,Truck,Nil,Unknown,Unknown,Unknown,Run Off Road,Unknown,Unknown,Unknown,3,6,9,Fatal
SCRAPED_000473,News_Paper,2022,October,Tuesday,Gujarat,Bus,Truck,Unknown,Unknown,Unknown,Hit From Back,Unknown,Unknown,Unknown,6,13,19,Fatal
SCRAPED_000474,News_Paper,2022,October,Tuesday,Uttar Pradesh,Suv,Tractor,Unknown,Unknown,Unknown,Head On Collision,Unknown,Unknown,Unknown,2,3,5,Fatal
SCRAPED_000475,News_Paper,2022,October,Wednesday,Jammu,Truck,Nil,Unknown,Unknown,Unknown,Run Off Road,Unknown,Unknown,Unknown,2,10,12,Fatal
SCRAPED_000476,News_Paper,2022,October,Sunday,Maharashtra,Two Wheeler,Truck,Unknown,Unknown,Over 51,With Parked Vehicle,Unknown,Unknown,Unknown,1,0,1,Fatal
SCRAPED_000477,News_Paper,2022,October,Wednesday,Goa,Two Wheeler,Truck,Unknown,Unknown,18-30,Head On Collision,Unknown,Unknown,Unknown,1,0,1,Fatal
SCRAPED_000478,News_Paper,2022,October,Wednesday,West Bengal,Two Wheeler,Truck,Unknown,Unknown,Unknown,Hit And Run,Unknown,Unknown,Unknown,2,0,2,Fatal
SCRAPED_000479,News_Paper,2022,October,Friday,Madhya Pradesh,Bus,Truck,Unknown,Unknown,Unknown,Head On Collision,Unknown,Unknown,Unknown,15,40,55,Fatal
SCRAPED_000480,News_Paper,2022,October,Sunday,Uttar Pradesh,Bus,Truck,Unknown,Unknown,Unknown,Head On Collision,Unknown,Unknown,Unknown,5,41,46,Fatal
SCRAPED_000481,News_Paper,2022,October,Saturday,Tamil Nadu,Truck,Truck,Unknown,Unknown,31-50,With Parked Vehicle,Unknown,Unknown,Unknown,1,0,1,Fatal
SCRAPED_000482,News_Paper,2022,October,Friday,Gujarat,Two Wheeler,Truck,Unknown,Unknown,31-50,Hit From Back,Unknown,Unknown,Unknown,1,0,1,Fatal
SCRAPED_000483,News_Paper,2022,October,Wednesday,Bihar,Bus,Truck,Unknown,Unknown,Unknown,With Parked Vehicle,Unknown,Unknown,Unknown,2,20,22,Fatal
SCRAPED_000484,News_Paper,2022,October,Thursday,Jharkhand,Truck,Bus,Unknown,Unknown,Unknown,With Parked Vehicle,Unknown,Unknown,Unknown,1,1,2,Fatal
SCRAPED_000485,News_Paper,2022,October,Wednesday,Maharashtra,Truck,Nil,Unknown,Unknown,18-30,Run Off Road,Unknown,Unknown,Unknown,1,23,24,Fatal
SCRAPED_000486,News_Paper,2022,October,Tuesday,Maharashtra,Two Wheeler,Truck,Unknown,Unknown,Unknown,Hit From Side,Unknown,Unknown,Unknown,1,2,3,Fatal
SCRAPED_000487,News_Paper,2022,October,Wednesday,Maharashtra,Pedestrian,Truck,Unknown,Unknown,Over 51,Hit And Run,Unknown,Unknown,Unknown,1,0,1,Fatal
SCRAPED_000488,News_Paper,2022,October,Thursday,Chhattisgarh,Two Wheeler,Truck,Unknown,Unknown,Over 51,Hit From Side,Unknown,Unknown,Unknown,1,0,1,Fatal
SCRAPED_000489,News_Paper,2022,October,Thursday,Madhya Pradesh,Two Wheeler,Tractor,Unknown,Unknown,Unknown,Others,Unknown,Unknown,Unknown,1,0,1,Fatal
SCRAPED_000490,News_Paper,2022,October,Saturday,Bihar,Car,Truck,Unknown,Unknown,Unknown,Others,Unknown,Unknown,Unknown,3,0,3,Fatal
SCRAPED_000491,News_Paper,2022,October,Saturday,Bihar,Two Wheeler,Truck,Unknown,Unknown,18-30,Head On Collision,Unknown,Unknown,Unknown,1,1,2,Fatal
SCRAPED_000492,News_Paper,2022,October,Saturday,Bihar,Bus,Truck,Unknown,Unknown,Unknown,With Parked Vehicle,Unknown,Unknown,Unknown,2,0,2,Fatal
SCRAPED_000493,News_Paper,2022,October,Monday,Chhattisgarh,Car,Truck,Unknown,Unknown,31-50,With Parked Vehicle,Unknown,Unknown,Unknown,1,2,3,Fatal
SCRAPED_000494,News_Paper,2022,October,Sunday,Telangana,Car,Truck,Unknown,Unknown,Unknown,Others,Unknown,Unknown,Unknown,4,0,4,Fatal
SCRAPED_000495,News_Paper,2022,October,Sunday,Telangana,Car,Lorry,Unknown,Unknown,Unknown,Hit From Back,Unknown,Unknown,Unknown,3,9,12,Fatal
SCRAPED_000496,News_Paper,2022,November,Wednesday,Madhya Pradesh,Suv,Truck,Unknown,Unknown,Unknown,Others,Unknown,Unknown,Unknown,5,3,8,Fatal
SCRAPED_000497,News_Paper,2022,November,Wednesday,Uttar Pradesh,Two Wheeler,Truck,Unknown,Unknown,Unknown,Others,Unknown,Unknown,Unknown,5,8,13,Fatal
SCRAPED_000498,News_Paper,2022,November,Tuesday,Punjab,Suv,Truck,Unknown,Unknown,Unknown,Hit From Back,Unknown,Unknown,Unknown,2,1,3,Fatal
SCRAPED_000499,News_Paper,2022,November,Tuesday,Uttar Pradesh,Two Wheeler,Truck,Unknown,Unknown,Unknown,Hit And Run,Unknown,Unknown,Unknown,5,6,11,Fatal
SCRAPED_000500,News_Paper,2022,November,Wednesday,West Bengal,Pedestrian,Truck,Unknown,Unknown,31-50,Head On Collision,Unknown,Unknown,Unknown,1,0,1,Fatal
SCRAPED_000501,News_Paper,2022,November,Friday,Uttar Pradesh,Ambulance,Truck,Unknown,Unknown,Unknown,Head On Collision,Unknown,Unknown,Unknown,2,0,2,Fatal
SCRAPED_000502,News_Paper,2022,November,Thursday,Maharashtra,Two Wheeler,Truck,Unknown,Unknown,31-50,Hit From Back,Unknown,Unknown,Unknown,1,1,2,Fatal
SCRAPED_000503,News_Paper,2022,November,Sunday,Rajasthan,Two Wheeler,Truck,Unknown,Unknown,18-30,With Parked Vehicle,Unknown,Unknown,Unknown,1,1,2,Fatal
SCRAPED_000504,News_Paper,2022,November,Sunday,Chhattisgarh,Two Wheeler,Truck,Unknown,Unknown,Unknown,With Parked Vehicle,Unknown,Unknown,Unknown,3,0,3,Fatal
SCRAPED_000505,News_Paper,2022,November,Monday,Punjab,Two Wheeler,Truck,Unknown,Unknown,Over 51,Hit From Back,Unknown,Unknown,Unknown,1,1,2,Fatal
SCRAPED_000506,News_Paper,2022,November,Sunday,Chhattisgarh,Two Wheeler,Truck,Unknown,Unknown,Unknown,With Parked Vehicle,Unknown,Unknown,Unknown,3,0,3,Fatal
SCRAPED_000507,News_Paper,2022,November,Tuesday,Rajasthan,Pedestrian,Truck,Unknown,Unknown,18-30,Hit And Run,Unknown,Unknown,Unknown,1,0,1,Fatal
SCRAPED_000508,News_Paper,2022,November,Wednesday,Tamil Nadu,Truck,Truck,Unknown,Unknown,31-50,Head On Collision,Unknown,Unknown,Unknown,1,2,3,Fatal
SCRAPED_000509,News_Paper,2022,November,Friday,Andhra Pradesh,Car,Truck,Unknown,Unknown,Unknown,With Parked Vehicle,Unknown,Unknown,Unknown,3,0,3,Fatal
SCRAPED_000510,News_Paper,2022,November,Friday,Madhya Pradesh,Pedestrian,Truck,Unknown,Unknown,18-30,Hit And Run,Unknown,Unknown,Unknown,3,1,4,Fatal
SCRAPED_000511,News_Paper,2022,November,Saturday,Karnataka,Two Wheeler,Lorry,Unknown,Unknown,Over 51,Hit From Side,Unknown,Unknown,Unknown,1,0,1,Fatal
SCRAPED_000512,News_Paper,2022,November,Friday,Karnataka,Pedestrian,Truck,Unknown,Unknown,18-30,Hit And Run,Unknown,Unknown,Unknown,1,0,1,Fatal
SCRAPED_000513,News_Paper,2022,November,Saturday,Uttar Pradesh,Pedestrian,Truck,Unknown,Unknown,Unknown,Hit And Run,Unknown,Unknown,Unknown,2,0,2,Fatal
SCRAPED_000514,News_Paper,2022,November,Sunday,Karnataka,Two Wheeler,Truck,Unknown,Unknown,31-50,Head On Collision,Unknown,Unknown,Unknown,1,0,1,Fatal
SCRAPED_000515,News_Paper,2022,November,Monday,West Bengal,Van,Truck,Unknown,Unknown,Unknown,Head On Collision,Unknown,Unknown,Unknown,3,5,8,Fatal
SCRAPED_000516,News_Paper,2022,November,Wednesday,Andhra Pradesh,Van,Tractor,Unknown,Unknown,Unknown,Head On Collision,Unknown,Unknown,Unknown,4,8,12,Fatal
SCRAPED_000517,News_Paper,2022,November,Tuesday,Punjab,Two Wheeler,Truck,Unknown,Unknown,18-30,Others,Unknown,Unknown,Unknown,2,2,4,Fatal
SCRAPED_000518,News_Paper,2022,November,Wednesday,Andhra Pradesh,Lorry,Truck,Unknown,Unknown,Unknown,Head On Collision,Unknown,Unknown,Unknown,2,11,13,Fatal
SCRAPED_000519,News_Paper,2022,November,Thursday,Rajasthan,Two Wheeler,Truck,Unknown,Unknown,Unknown,Head On Collision,Unknown,Unknown,Unknown,2,0,2,Fatal
SCRAPED_000520,News_Paper,2022,November,Wednesday,Punjab,Two Wheeler,Truck,Unknown,Unknown,Over 51,Hit From Side,Unknown,Unknown,Unknown,1,0,1,Fatal
SCRAPED_000521,News_Paper,2022,November,Wednesday,Madhya Pradesh,Bus,Truck,Unknown,Unknown,Unknown,Head On Collision,Unknown,Unknown,Unknown,3,20,23,Fatal
SCRAPED_000522,News_Paper,2022,November,Wednesday,Andhra Pradesh,Van,Truck,Unknown,Unknown,Unknown,Head On Collision,Unknown,Unknown,Unknown,4,0,4,Fatal
SCRAPED_000523,News_Paper,2022,November,Friday,Jharkhand,Truck,Divider,Unknown,Unknown,Unknown,Fixed Object Collision,Unknown,Unknown,Unknown,2,0,2,Fatal
SCRAPED_000524,News_Paper,2022,November,Sunday,Bihar,Pedestrian,Truck,Unknown,Unknown,Unknown,Hit And Run,Unknown,Unknown,Unknown,8,7,15,Fatal
SCRAPED_000525,News_Paper,2022,November,Sunday,Maharashtra,Pedestrian,Truck,Unknown,Unknown,31-50,Hit And Run,Unknown,Unknown,Unknown,1,0,1,Fatal
SCRAPED_000526,News_Paper,2022,November,Tuesday,Telangana,Lorry,Suv,Unknown,Unknown,Unknown,Head On Collision,Unknown,Unknown,Unknown,8,2,10,Fatal
SCRAPED_000527,News_Paper,2022,November,Sunday,Maharashtra,Two Wheeler,Truck,Unknown,Unknown,31-50,Others,Unknown,Unknown,Unknown,1,0,1,Fatal
SCRAPED_000528,News_Paper,2022,November,Sunday,Telangana,Bus,Tractor,Unknown,Unknown,Unknown,Hit From Back,Unknown,Unknown,Unknown,3,16,19,Fatal
SCRAPED_000529,News_Paper,2022,November,Monday,Assam,Car,Truck,Unknown,Unknown,Unknown,Head On Collision,Unknown,Unknown,Unknown,5,0,5,Fatal
SCRAPED_000530,News_Paper,2022,November,Monday,Assam,Two Wheeler,Truck,Unknown,Unknown,Unknown,Head On Collision,Unknown,Unknown,Unknown,2,0,2,Fatal
SCRAPED_000531,News_Paper,2022,November,Wednesday,Maharashtra,Car,Truck,Unknown,Unknown,Unknown,With Parked Vehicle,Unknown,Unknown,Unknown,3,3,6,Fatal
SCRAPED_000532,News_Paper,2022,November,Tuesday,Maharashtra,Suv,Truck,Unknown,Unknown,Unknown,With Parked Vehicle,Unknown,Unknown,Unknown,2,0,2,Fatal
SCRAPED_000533,News_Paper,2022,November,Wednesday,Tamil Nadu,Two Wheeler,Truck,Unknown,Unknown,31-50,Hit From Back,Unknown,Unknown,Unknown,1,0,1,Fatal
SCRAPED_000534,News_Paper,2022,November,Monday,Maharashtra,Two Wheeler,Truck,Unknown,Unknown,31-50,Head On Collision,Unknown,Unknown,Unknown,1,0,1,Fatal
SCRAPED_000535,News_Paper,2022,November,Wednesday,Maharashtra,Tractor,Truck,Unknown,Unknown,31-50,Others,Unknown,Unknown,Unknown,1,5,6,Fatal
SCRAPED_000536,News_Paper,2022,November,Wednesday,Maharashtra,Pedestrian,Truck,Unknown,Unknown,31-50,Hit And Run,Unknown,Unknown,Unknown,1,0,1,Fatal
SCRAPED_000537,News_Paper,2022,November,Thursday,Uttar Pradesh,Two Wheeler,Tractor,Unknown,Unknown,31-50,Hit From Back,Unknown,Unknown,Unknown,1,0,1,Fatal
SCRAPED_000538,News_Paper,2022,November,Saturday,Madhya Pradesh,Two Wheeler,Truck,Unknown,Unknown,Unknown,Head On Collision,Unknown,Unknown,Unknown,1,1,2,Fatal
SCRAPED_000539,News_Paper,2022,November,Saturday,Uttar Pradesh,Car,Truck,Unknown,Unknown,Unknown,Hit From Side,Unknown,Unknown,Unknown,4,0,4,Fatal
SCRAPED_000540,News_Paper,2022,November,Saturday,Maharashtra,Two Wheeler,Truck,Unknown,Unknown,Over 51,Hit From Back,Unknown,Unknown,Unknown,1,1,2,Fatal
SCRAPED_000541,News_Paper,2022,November,Monday,Karnataka,Two Wheeler,Truck,Unknown,Unknown,Unknown,Head On Collision,Unknown,Unknown,Unknown,2,0,2,Fatal
SCRAPED_000542,News_Paper,2022,November,Wednesday,Uttar Pradesh,Bus,Truck,Unknown,Unknown,Unknown,Head On Collision,Unknown,Unknown,Unknown,6,13,19,Fatal
SCRAPED_000543,News_Paper,2022,November,Wednesday,Uttar Pradesh,Bus,Truck,Unknown,Unknown,Unknown,Head On Collision,Unknown,Unknown,Unknown,6,13,19,Fatal
SCRAPED_000544,News_Paper,2022,December,Thursday,Odisha,Car,Truck,Unknown,Unknown,Unknown,With Parked Vehicle,Unknown,Unknown,Unknown,4,0,4,Fatal
SCRAPED_000545,News_Paper,2022,December,Friday,Madhya Pradesh,Two Wheeler,Truck,Unknown,Unknown,18-30,With Parked Vehicle,Unknown,Unknown,Unknown,1,1,2,Fatal
SCRAPED_000546,News_Paper,2022,December,Sunday,Tamil Nadu,Bus,Lorry,Unknown,Unknown,Unknown,Head On Collision,Unknown,Unknown,Unknown,3,4,7,Fatal
SCRAPED_000547,News_Paper,2022,December,Saturday,Chhattisgarh,Two Wheeler,Tractor,Unknown,Unknown,18-30,Hit From Back,Unknown,Unknown,Unknown,1,1,2,Fatal
SCRAPED_000548,News_Paper,2022,December,Sunday,West Bengal,Two Wheeler,Truck,Unknown,Unknown,31-50,Head On Collision,Unknown,Unknown,Unknown,1,1,2,Fatal
SCRAPED_000549,News_Paper,2022,December,Sunday,Madhya Pradesh,Pedestrian,Tractor,Unknown,Unknown,Unknown,Hit And Run,Unknown,Unknown,Unknown,6,13,19,Fatal
SCRAPED_000550,News_Paper,2022,December,Monday,Tamil Nadu,Bus,Truck,Unknown,Unknown,Unknown,Head On Collision,Unknown,Unknown,Unknown,4,3,7,Fatal
SCRAPED_000551,News_Paper,2022,December,Monday,Tamil Nadu,Car,Truck,Unknown,Unknown,Unknown,Head On Collision,Unknown,Unknown,Unknown,3,0,3,Fatal
SCRAPED_000552,News_Paper,2022,December,Monday,Maharashtra,Pedestrian,Truck,Unknown,Unknown,Under 18,Hit And Run,Unknown,Unknown,Unknown,1,0,1,Fatal
SCRAPED_000553,News_Paper,2022,December,Wednesday,Tamil Nadu,Truck,Truck,Unknown,Unknown,Unknown,Others,Unknown,Unknown,Unknown,6,5,11,Fatal
SCRAPED_000554,News_Paper,2022,December,Wednesday,Andhra Pradesh,Tractor,Nil,Unknown,Unknown,Unknown,Run Off Road,Unknown,Unknown,Unknown,6,20,26,Fatal
SCRAPED_000555,News_Paper,2022,December,Tuesday,Karnataka,Two Wheeler,Truck,Unknown,Unknown,Unknown,Hit And Run,Unknown,Unknown,Unknown,2,0,2,Fatal
SCRAPED_000556,News_Paper,2022,December,Wednesday,Uttar Pradesh,Two Wheeler,Truck,Unknown,Unknown,Unknown,Hit From Side,Unknown,Unknown,Unknown,3,0,3,Fatal
SCRAPED_000557,News_Paper,2022,December,Tuesday,Maharashtra,Two Wheeler,Truck,Unknown,Unknown,18-30,Head On Collision,Unknown,Unknown,Unknown,1,0,1,Fatal
SCRAPED_000558,News_Paper,2022,December,Thursday,Maharashtra,Car,Truck,Unknown,Unknown,Over 51,With Parked Vehicle,Unknown,Unknown,Unknown,1,0,1,Fatal
SCRAPED_000559,News_Paper,2022,December,Friday,Kerala,Two Wheeler,Truck,Unknown,Unknown,18-30,Hit From Back,Unknown,Unknown,Unknown,1,0,1,Fatal
SCRAPED_000560,News_Paper,2022,December,Friday,Rajasthan,Truck,Truck,Unknown,Unknown,Unknown,Head On Collision,Unknown,Unknown,Unknown,1,3,4,Fatal
SCRAPED_000561,News_Paper,2022,December,Saturday,Uttar Pradesh,Two Wheeler,Truck,Unknown,Unknown,Unknown,Hit From Back,Unknown,Unknown,Unknown,3,1,4,Fatal
SCRAPED_000562,News_Paper,2022,December,Saturday,Telangana,Car,Lorry,Unknown,Unknown,Unknown,Head On Collision,Unknown,Unknown,Unknown,3,0,3,Fatal
SCRAPED_000563,News_Paper,2022,December,Saturday,Uttar Pradesh,Two Wheeler,Truck,Unknown,Unknown,18-30,Hit From Back,Unknown,Unknown,Unknown,1,0,1,Fatal
SCRAPED_000564,News_Paper,2022,December,Saturday,Madhya Pradesh,Pedestrian,Truck,Unknown,Unknown,18-30,Hit And Run,Unknown,Unknown,Unknown,1,1,2,Fatal
SCRAPED_000565,News_Paper,2022,December,Monday,Uttarakhand,Truck,Gorge,Unknown,Unknown,31-50,Vehicle Overturn,Unknown,Unknown,Unknown,1,1,2,Fatal
SCRAPED_000566,News_Paper,2022,December,Monday,Karnataka,Pedestrian,Truck,Unknown,Unknown,Unknown,Hit And Run,Unknown,Unknown,Unknown,3,0,3,Fatal