accident_id,source,year,month,day_of_week,state,vehicle_1,vehicle_2,vehicles_involved,party_age_group,victim_age_group,cause_of_accident,weather_condition,road_condition,lighting_condition,fatalities,injuries,casualties,severity
SCRAPED_000859,News_Paper,2023,May,Sunday,Maharashtra,Two Wheeler,Truck,Unknown,Unknown,18-30,Hit From Back,Unknown,Unknown,Unknown,1,0,1,Fatal
SCRAPED_000860,News_Paper,2023,May,Monday,Maharashtra,Two Wheeler,Truck,Unknown,Unknown,Unknown,Hit From Back,Unknown,Unknown,Unknown,2,1,3,Fatal
SCRAPED_000861,News_Paper,2023,May,Tuesday,Odisha,Two Wheeler,Truck,Unknown,Unknown,Unknown,Others,Unknown,Unknown,Unknown,2,2,4,Fatal
SCRAPED_000862,News_Paper,2023,May,Monday,Kerala,Two Wheeler,Truck,Unknown,Unknown,31-50,Hit From Back,Unknown,Unknown,Unknown,1,0,1,Fatal
SCRAPED_000863,News_Paper,2023,May,Monday,Haryana,Car,Truck,Unknown,Unknown,Unknown,With Parked Vehicle,Unknown,Unknown,Unknown,5,0,5,Fatal
SCRAPED_000864,News_Paper,2023,May,Monday,Rajasthan,Truck,Nil,Unknown,Unknown,31-50,Run Off Road,Unknown,Unknown,Unknown,1,0,1,Fatal
SCRAPED_000865,News_Paper,2023,May,Tuesday,Uttarakhand,Two Wheeler,Truck,Unknown,Unknown,18-30,Others,Unknown,Unknown,Unknown,1,3,4,Fatal
SCRAPED_000866,News_Paper,2023,May,Monday,Telangana,Car,Truck,Unknown,Unknown,Unknown,Others,Unknown,Unknown,Unknown,3,1,4,Fatal
SCRAPED_000867,News_Paper,2023,June,Thursday,Jharkhand,Two Wheeler,Truck,Unknown,Unknown,Unknown,Head On Collision,Unknown,Unknown,Unknown,1,4,5,Fatal
SCRAPED_000868,News_Paper,2023,May,Wednesday,Telangana,Tractor,Nil,Unknown,Unknown,Unknown,Run Off Road,Unknown,Unknown,Unknown,2,0,2,Fatal
SCRAPED_000869,News_Paper,2023,May,Wednesday,Haryana,Pick Up,Truck,Unknown,Unknown,Unknown,Hit From Side,Unknown,Unknown,Unknown,4,14,18,Fatal
SCRAPED_000870,News_Paper,2023,June,Saturday,Andhra Pradesh,Suv,Truck,Unknown,Unknown,Unknown,Head On Collision,Unknown,Unknown,Unknown,4,8,12,Fatal
SCRAPED_000871,News_Paper,2023,June,Sunday,Uttar Pradesh,Two Wheeler,Tractor,Unknown,Unknown,31-50,Others,Unknown,Unknown,Unknown,1,0,1,Fatal
SCRAPED_000872,News_Paper,2023,June,Saturday,Tamil Nadu,Suv,Truck,Unknown,Unknown,Unknown,With Parked Vehicle,Unknown,Unknown,Unknown,5,1,6,Fatal
SCRAPED_000873,News_Paper,2023,June,Saturday,Maharashtra,Two Wheeler,Truck,Unknown,Unknown,Unknown,Hit From Back,Unknown,Unknown,Unknown,2,0,2,Fatal
SCRAPED_000874,News_Paper,2023,June,Tuesday,Karnataka,Suv,Lorry,Unknown,Unknown,Unknown,With Parked Vehicle,Unknown,Unknown,Unknown,5,13,18,Fatal
SCRAPED_000875,News_Paper,2023,June,Sunday,Madhya Pradesh,Two Wheeler,Truck,Unknown,Unknown,Unknown,Others,Unknown,Unknown,Unknown,2,0,2,Fatal
SCRAPED_000876,News_Paper,2023,June,Thursday,Madhya Pradesh,Suv,Truck,Unknown,Unknown,Unknown,Hit From Side,Unknown,Unknown,Unknown,7,2,9,Fatal
SCRAPED_000877,News_Paper,2023,June,Wednesday,Rajasthan,Car,Truck,Unknown,Unknown,Unknown,Head On Collision,Unknown,Unknown,Unknown,4,0,4,Fatal
SCRAPED_000878,News_Paper,2023,June,Wednesday,Haryana,Two Wheeler,Truck,Unknown,Unknown,18-30,Head On Collision,Unknown,Unknown,Unknown,1,1,2,Fatal
SCRAPED_000879,News_Paper,2023,June,Friday,Uttar Pradesh,Pedestrian,Truck,Unknown,Unknown,Unknown,Hit And Run,Unknown,Unknown,Unknown,3,2,5,Fatal
SCRAPED_000880,News_Paper,2023,June,Friday,Chhattisgarh,Two Wheeler,Tractor,Unknown,Unknown,Unknown,Hit From Back,Unknown,Unknown,Unknown,2,0,2,Fatal
SCRAPED_000881,News_Paper,2023,June,Monday,Telangana,Car,Lorry,Unknown,Unknown,Unknown,Head On Collision,Unknown,Unknown,Unknown,7,2,9,Fatal
SCRAPED_000882,News_Paper,2023,June,Saturday,Uttar Pradesh,Car,Tractor,Unknown,Unknown,Unknown,Head On Collision,Unknown,Unknown,Unknown,2,0,2,Fatal
SCRAPED_000883,News_Paper,2023,June,Saturday,Bihar,Suv,Truck,Unknown,Unknown,Unknown,With Parked Vehicle,Unknown,Unknown,Unknown,3,3,6,Fatal
SCRAPED_000884,News_Paper,2023,June,Friday,West Bengal,Two Wheeler,Truck,Unknown,Unknown,31-50,Hit From Back,Unknown,Unknown,Unknown,1,0,1,Fatal
SCRAPED_000885,News_Paper,2023,June,Tuesday,Maharashtra,Truck,Nil,Unknown,Unknown,Unknown,Run Off Road,Unknown,Unknown,Unknown,3,2,5,Fatal
SCRAPED_000886,News_Paper,2023,June,Monday,Uttar Pradesh,Two Wheeler,Truck,Unknown,Unknown,Unknown,Head On Collision,Unknown,Unknown,Unknown,2,0,2,Fatal
SCRAPED_000887,News_Paper,2023,June,Tuesday,Karnataka,Two Wheeler,Truck,Unknown,Unknown,Unknown,Head On Collision,Unknown,Unknown,Unknown,3,0,3,Fatal
SCRAPED_000888,News_Paper,2023,June,Wednesday,Punjab,Car,Truck,Unknown,Unknown,Unknown,Head On Collision,Unknown,Unknown,Unknown,2,3,5,Fatal
SCRAPED_000889,News_Paper,2023,June,Thursday,Tamil Nadu,Van,Truck,Unknown,Unknown,Unknown,Hit From Back,Unknown,Unknown,Unknown,3,0,3,Fatal
SCRAPED_000890,News_Paper,2023,June,Thursday,Madhya Pradesh,Two Wheeler,Tractor,Unknown,Unknown,Unknown,Hit From Side,Unknown,Unknown,Unknown,2,1,3,Fatal
SCRAPED_000891,News_Paper,2023,June,Friday,Uttar Pradesh,Two Wheeler,Truck,Unknown,Unknown,Unknown,Hit From Back,Unknown,Unknown,Unknown,2,0,2,Fatal
SCRAPED_000892,News_Paper,2023,June,Friday,Uttar Pradesh,Two Wheeler,Truck,Unknown,Unknown,Unknown,With Parked Vehicle,Unknown,Unknown,Unknown,2,0,2,Fatal
SCRAPED_000893,News_Paper,2023,June,Sunday,Telangana,Two Wheeler,Tractor,Unknown,Unknown,Over 51,Hit From Back,Unknown,Unknown,Unknown,1,0,1,Fatal
SCRAPED_000894,News_Paper,2023,June,Tuesday,Haryana,Two Wheeler,Truck,Unknown,Unknown,Unknown,Others,Unknown,Unknown,Unknown,5,0,5,Fatal
SCRAPED_000895,News_Paper,2023,June,Monday,Bihar,Auto Rickshaw,Truck,Unknown,Unknown,Unknown,With Parked Vehicle,Unknown,Unknown,Unknown,3,3,6,Fatal
SCRAPED_000896,News_Paper,2023,June,Wednesday,Assam,Car,Truck,Unknown,Unknown,Unknown,Others,Unknown,Unknown,Unknown,2,2,4,Fatal
SCRAPED_000897,News_Paper,2023,June,Tuesday,Tamil Nadu,Truck,Bus,Unknown,Unknown,18-30,Others,Unknown,Unknown,Unknown,1,1,2,Fatal
SCRAPED_000898,News_Paper,2023,June,Thursday,Maharashtra,Bus,Truck,Unknown,Unknown,Unknown,Head On Collision,Unknown,Unknown,Unknown,1,18,19,Fatal
SCRAPED_000899,News_Paper,2023,June,Thursday,Madhya Pradesh,Tractor,Pick Up,Unknown,Unknown,18-30,Hit From Side,Unknown,Unknown,Unknown,1,0,1,Fatal
SCRAPED_000900,News_Paper,2023,June,Friday,Kerala,Two Wheeler,Truck,Unknown,Unknown,18-30,Head On Collision,Unknown,Unknown,Unknown,1,0,1,Fatal
SCRAPED_000901,News_Paper,2023,June,Saturday,Madhya Pradesh,Car,Truck,Unknown,Unknown,Unknown,Others,Unknown,Unknown,Unknown,2,2,4,Fatal
SCRAPED_000902,News_Paper,2023,June,Sunday,Telangana,Car,Truck,Unknown,Unknown,Unknown,Head On Collision,Unknown,Unknown,Unknown,4,2,6,Fatal
SCRAPED_000903,News_Paper,2023,June,Monday,Chhattisgarh,Two Wheeler,Truck,Unknown,Unknown,18-30,Hit From Side,Unknown,Unknown,Unknown,1,1,2,Fatal
SCRAPED_000904,News_Paper,2023,June,Saturday,Madhya Pradesh,Pedestrian,Truck,Unknown,Unknown,Under 18,Hit And Run,Unknown,Unknown,Unknown,1,2,3,Fatal
SCRAPED_000905,News_Paper,2023,June,Monday,Maharashtra,Auto Rickshaw,Truck,Unknown,Unknown,Unknown,Head On Collision,Unknown,Unknown,Unknown,8,7,15,Fatal
SCRAPED_000906,News_Paper,2023,June,Saturday,Uttar Pradesh,Car,Tractor,Unknown,Unknown,Unknown,With Parked Vehicle,Unknown,Unknown,Unknown,4,2,6,Fatal
SCRAPED_000907,News_Paper,2023,June,Tuesday,Odisha,Car,Truck,Unknown,Unknown,Unknown,Head On Collision,Unknown,Unknown,Unknown,3,0,3,Fatal
SCRAPED_000908,News_Paper,2023,June,Tuesday,Madhya Pradesh,Truck,Gorge,Unknown,Unknown,Unknown,Vehicle Overturn,Unknown,Unknown,Unknown,5,45,50,Fatal
SCRAPED_000909,News_Paper,2023,June,Tuesday,Odisha,Car,Truck,Unknown,Unknown,Unknown,Head On Collision,Unknown,Unknown,Unknown,3,0,3,Fatal
SCRAPED_000910,News_Paper,2023,June,Wednesday,Odisha,Pedestrian,Truck,Unknown,Unknown,Unknown,Hit And Run,Unknown,Unknown,Unknown,5,9,14,Fatal
SCRAPED_000911,News_Paper,2023,June,Friday,Maharashtra,Suv,Truck,Unknown,Unknown,Unknown,Others,Unknown,Unknown,Unknown,6,11,17,Fatal
SCRAPED_000912,News_Paper,2023,June,Wednesday,Madhya Pradesh,Two Wheeler,Truck,Unknown,Unknown,31-50,Head On Collision,Unknown,Unknown,Unknown,1,2,3,Fatal
SCRAPED_000913,News_Paper,2023,June,Thursday,Uttar Pradesh,Suv,Truck,Unknown,Unknown,Unknown,With Parked Vehicle,Unknown,Unknown,Unknown,7,2,9,Fatal
SCRAPED_000914,News_Paper,2023,June,Friday,Rajasthan,Jugaad Vehicle,Truck,Unknown,Unknown,Unknown,Head On Collision,Unknown,Unknown,Unknown,2,19,21,Fatal
SCRAPED_000915,News_Paper,2023,June,Friday,Maharashtra,Suv,Truck,Unknown,Unknown,Unknown,Hit From Back,Unknown,Unknown,Unknown,3,6,9,Fatal
SCRAPED_000916,News_Paper,2023,June,Friday,Tamil Nadu,Two Wheeler,Tractor,Unknown,Unknown,Unknown,Hit From Back,Unknown,Unknown,Unknown,2,1,3,Fatal
SCRAPED_000917,News_Paper,2023,July,Monday,Delhi,Pedestrian,Truck,Unknown,Unknown,Under 18,Hit And Run,Unknown,Unknown,Unknown,1,0,1,Fatal
SCRAPED_000918,News_Paper,2023,July,Monday,Uttar Pradesh,Car,Tractor,Unknown,Unknown,Unknown,Hit From Back,Unknown,Unknown,Unknown,5,30,35,Fatal
SCRAPED_000919,News_Paper,2023,July,Wednesday,Uttar Pradesh,Car,Truck,Unknown,Unknown,Unknown,With Parked Vehicle,Unknown,Unknown,Unknown,4,4,8,Fatal
SCRAPED_000920,News_Paper,2023,July,Tuesday,Uttar Pradesh,Tractor,Ditch,Unknown,Unknown,Unknown,Vehicle Overturn,Unknown,Unknown,Unknown,3,2,5,Fatal
SCRAPED_000921,News_Paper,2023,July,Monday,Madhya Pradesh,Two Wheeler,Truck,Unknown,Unknown,Unknown,With Parked Vehicle,Unknown,Unknown,Unknown,3,0,3,Fatal
SCRAPED_000922,News_Paper,2023,July,Tuesday,Maharashtra,Car,Truck,Unknown,Unknown,Unknown,Others,Unknown,Unknown,Unknown,10,27,37,Fatal
SCRAPED_000923,News_Paper,2023,July,Tuesday,Punjab,Two Wheeler,Truck,Unknown,Unknown,Unknown,With Parked Vehicle,Unknown,Unknown,Unknown,2,0,2,Fatal
SCRAPED_000924,News_Paper,2023,July,Thursday,Andhra Pradesh,Two Wheeler,Truck,Unknown,Unknown,Unknown,Hit From Back,Unknown,Unknown,Unknown,2,0,2,Fatal
SCRAPED_000925,News_Paper,2023,July,Saturday,Chhattisgarh,Bus,Truck,Unknown,Unknown,Unknown,Head On Collision,Unknown,Unknown,Unknown,3,6,9,Fatal
SCRAPED_000926,News_Paper,2023,July,Sunday,Andhra Pradesh,Car,Truck,Unknown,Unknown,Unknown,Head On Collision,Unknown,Unknown,Unknown,6,1,7,Fatal
SCRAPED_000927,News_Paper,2023,July,Sunday,Uttar Pradesh,Two Wheeler,Truck,Unknown,Unknown,18-30,Others,Unknown,Unknown,Unknown,1,1,2,Fatal
SCRAPED_000928,News_Paper,2023,July,Monday,Uttar Pradesh,Auto Rickshaw,Truck,Unknown,Unknown,Unknown,Hit From Side,Unknown,Unknown,Unknown,12,5,17,Fatal
SCRAPED_000929,News_Paper,2023,July,Sunday,Maharashtra,Car,Truck,Unknown,Unknown,Unknown,Hit From Back,Unknown,Unknown,Unknown,3,2,5,Fatal
SCRAPED_000930,News_Paper,2023,July,Sunday,Maharashtra,Car,Truck,Unknown,Unknown,Unknown,Hit From Back,Unknown,Unknown,Unknown,2,0,2,Fatal
SCRAPED_000931,News_Paper,2023,July,Wednesday,Uttarakhand,Two Wheeler,Truck,Unknown,Unknown,Unknown,Hit From Back,Unknown,Unknown,Unknown,4,0,4,Fatal
SCRAPED_000932,News_Paper,2023,July,Thursday,Delhi,Truck,Truck,Unknown,Unknown,Unknown,Head On Collision,Unknown,Unknown,Unknown,5,14,19,Fatal
SCRAPED_000933,News_Paper,2023,July,Saturday,Maharashtra,Truck,Truck,Unknown,Unknown,31-50,Others,Unknown,Unknown,Unknown,1,0,1,Fatal
SCRAPED_000934,News_Paper,2023,July,Saturday,Telangana,Car,Truck,Unknown,Unknown,Unknown,Hit From Back,Unknown,Unknown,Unknown,2,0,2,Fatal
SCRAPED_000935,News_Paper,2023,July,Saturday,Gujarat,Truck,Truck,Unknown,Unknown,31-50,With Parked Vehicle,Unknown,Unknown,Unknown,1,0,1,Fatal
SCRAPED_000936,News_Paper,2023,July,Saturday,Gujarat,Two Wheeler,Truck,Unknown,Unknown,Unknown,Others,Unknown,Unknown,Unknown,1,2,3,Fatal
SCRAPED_000937,News_Paper,2023,July,Monday,Telangana,Car,Truck,Unknown,Unknown,Unknown,Others,Unknown,Unknown,Unknown,3,2,5,Fatal
SCRAPED_000938,News_Paper,2023,July,Tuesday,Maharashtra,Suv,Truck,Unknown,Unknown,Unknown,Others,Unknown,Unknown,Unknown,6,5,11,Fatal
SCRAPED_000939,News_Paper,2023,July,Tuesday,Maharashtra,Suv,Truck,Unknown,Unknown,Unknown,Head On Collision,Unknown,Unknown,Unknown,6,5,11,Fatal
SCRAPED_000940,News_Paper,2023,July,Monday,Madhya Pradesh,Car,Tractor,Unknown,Unknown,Unknown,Others,Unknown,Unknown,Unknown,1,11,12,Fatal
SCRAPED_000941,News_Paper,2023,July,Tuesday,Karnataka,Car,Truck,Unknown,Unknown,18-30,Hit From Back,Unknown,Unknown,Unknown,1,0,1,Fatal
SCRAPED_000942,News_Paper,2023,July,Thursday,Karnataka,Two Wheeler,Tractor,Unknown,Unknown,Unknown,Head On Collision,Unknown,Unknown,Unknown,2,0,2,Fatal
SCRAPED_000943,News_Paper,2023,July,Friday,Punjab,Car,Tractor,Unknown,Unknown,31-50,Head On Collision,Unknown,Unknown,Unknown,1,0,1,Fatal
SCRAPED_000944,News_Paper,2023,July,Sunday,Uttarakhand,Two Wheeler,Truck,Unknown,Unknown,Unknown,Head On Collision,Unknown,Unknown,Unknown,3,0,3,Fatal
SCRAPED_000945,News_Paper,2023,July,Monday,Uttar Pradesh,Bus,Truck,Unknown,Unknown,Unknown,Head On Collision,Unknown,Unknown,Unknown,3,14,17,Fatal
SCRAPED_000946,News_Paper,2023,July,Tuesday,Haryana,Car,Truck,Unknown,Unknown,Unknown,Hit From Back,Unknown,Unknown,Unknown,4,1,5,Fatal
SCRAPED_000947,News_Paper,2023,July,Thursday,Maharashtra,Two Wheeler,Truck,Unknown,Unknown,31-50,Hit From Back,Unknown,Unknown,Unknown,1,0,1,Fatal
SCRAPED_000948,News_Paper,2023,July,Thursday,Karnataka,Two Wheeler,Truck,Unknown,Unknown,Unknown,Others,Unknown,Unknown,Unknown,3,0,3,Fatal
SCRAPED_000949,News_Paper,2023,July,Saturday,Maharashtra,Two Wheeler,Truck,Unknown,Unknown,Over 51,Head On Collision,Unknown,Unknown,Unknown,1,0,1,Fatal
SCRAPED_000950,News_Paper,2023,July,Sunday,Delhi,Car,Truck,Unknown,Unknown,Over 51,Hit From Back,Unknown,Unknown,Unknown,1,0,1,Fatal
SCRAPED_000951,News_Paper,2023,July,Monday,Uttar Pradesh,Van,Truck,Unknown,Unknown,Under 18,Head On Collision,Unknown,Unknown,Unknown,1,7,8,Fatal
SCRAPED_000952,News_Paper,2023,July,Monday,Uttar Pradesh,Van,Truck,Unknown,Unknown,Under 18,Others,Unknown,Unknown,Unknown,1,8,9,Fatal
SCRAPED_000953,News_Paper,2023,July,Monday,Tamil Nadu,Car,Truck,Unknown,Unknown,Unknown,Head On Collision,Unknown,Unknown,Unknown,4,0,4,Fatal
SCRAPED_000954,News_Paper,2023,August,Tuesday,Maharashtra,Two Wheeler,Truck,Unknown,Unknown,Over 51,Hit From Back,Unknown,Unknown,Unknown,1,0,1,Fatal
SCRAPED_000955,News_Paper,2023,August,Thursday,Maharashtra,Truck,Truck,Unknown,Unknown,31-50,Head On Collision,Unknown,Unknown,Unknown,1,2,3,Fatal
SCRAPED_000956,News_Paper,2023,August,Wednesday,Rajasthan,Car,Truck,Unknown,Unknown,Unknown,Head On Collision,Unknown,Unknown,Unknown,3,1,4,Fatal
SCRAPED_000957,News_Paper,2023,August,Tuesday,Chhattisgarh,Two Wheeler,Truck,Unknown,Unknown,31-50,Head On Collision,Unknown,Unknown,Unknown,1,0,1,Fatal
SCRAPED_000958,News_Paper,2023,August,Thursday,Andhra Pradesh,Two Wheeler,Lorry,Unknown,Unknown,18-30,Hit From Back,Unknown,Unknown,Unknown,1,1,2,Fatal
SCRAPED_000959,News_Paper,2023,August,Friday,Uttar Pradesh,Tractor,Truck,Unknown,Unknown,Unknown,Others,Unknown,Unknown,Unknown,6,8,14,Fatal
SCRAPED_000960,News_Paper,2023,August,Thursday,Maharashtra,Two Wheeler,Truck,Unknown,Unknown,31-50,Hit From Side,Unknown,Unknown,Unknown,1,0,1,Fatal
SCRAPED_000961,News_Paper,2023,August,Sunday,Madhya Pradesh,Pedestrian,Truck,Unknown,Unknown,31-50,Head On Collision,Unknown,Unknown,Unknown,1,1,2,Fatal
SCRAPED_000962,News_Paper,2023,August,Sunday,Maharashtra,Suv,Truck,Unknown,Unknown,Unknown,Hit From Side,Unknown,Unknown,Unknown,3,2,5,Fatal
SCRAPED_000963,News_Paper,2023,August,Sunday,Uttar Pradesh,Two Wheeler,Truck,Unknown,Unknown,Unknown,Hit From Back,Unknown,Unknown,Unknown,3,0,3,Fatal
SCRAPED_000964,News_Paper,2023,August,Sunday,West Bengal,Two Wheeler,Truck,Unknown,Unknown,31-50,Hit From Side,Unknown,Unknown,Unknown,1,1,2,Fatal
SCRAPED_000965,News_Paper,2023,August,Monday,Meghalaya,Truck,Gorge,Unknown,Unknown,Unknown,Vehicle Overturn,Unknown,Unknown,Unknown,3,2,5,Fatal
SCRAPED_000966,News_Paper,2023,August,Monday,Assam,Auto Rickshaw,Truck,Unknown,Unknown,31-50,With Parked Vehicle,Unknown,Unknown,Unknown,3,4,7,Fatal
SCRAPED_000967,News_Paper,2023,August,Tuesday,Himachal Pradesh,Car,Truck,Unknown,Unknown,Unknown,Others,Unknown,Unknown,Unknown,2,0,2,Fatal
SCRAPED_000968,News_Paper,2023,August,Tuesday,Himachal Pradesh,Pick Up,Truck,Unknown,Unknown,Unknown,Head On Collision,Unknown,Unknown,Unknown,2,0,2,Fatal
SCRAPED_000969,News_Paper,2023,August,Wednesday,Karnataka,Car,Truck,Unknown,Unknown,31-50,Others,Unknown,Unknown,Unknown,1,4,5,Fatal
SCRAPED_000970,News_Paper,2023,August,Wednesday,Maharashtra,Two Wheeler,Truck,Unknown,Unknown,31-50,Others,Unknown,Unknown,Unknown,1,0,1,Fatal
SCRAPED_000971,News_Paper,2023,August,Tuesday,Maharashtra,Two Wheeler,Truck,Unknown,Unknown,18-30,Hit From Back,Unknown,Unknown,Unknown,1,1,2,Fatal
SCRAPED_000972,News_Paper,2023,August,Friday,Gujarat,Truck,Truck,Unknown,Unknown,Unknown,With Parked Vehicle,Unknown,Unknown,Unknown,10,13,23,Fatal
SCRAPED_000973,News_Paper,2023,August,Thursday,Maharashtra,Two Wheeler,Truck,Unknown,Unknown,31-50,Others,Unknown,Unknown,Unknown,1,5,6,Fatal
SCRAPED_000974,News_Paper,2023,August,Wednesday,Maharashtra,Two Wheeler,Truck,Unknown,Unknown,Over 51,Hit From Back,Unknown,Unknown,Unknown,1,0,1,Fatal
SCRAPED_000975,News_Paper,2023,August,Friday,Uttar Pradesh,Bus,Truck,Unknown,Unknown,Unknown,Hit From Back,Unknown,Unknown,Unknown,4,11,15,Fatal
SCRAPED_000976,News_Paper,2023,August,Friday,Maharashtra,Two Wheeler,Tractor,Unknown,Unknown,Over 51,Head On Collision,Unknown,Unknown,Unknown,1,1,2,Fatal
SCRAPED_000977,News_Paper,2023,August,Friday,Rajasthan,Truck,Nil,Unknown,Unknown,31-50,Run Off Road,Unknown,Unknown,Unknown,1,12,13,Fatal
SCRAPED_000978,News_Paper,2023,August,Saturday,Maharashtra,Pedestrian,Truck,Unknown,Unknown,18-30,Hit And Run,Unknown,Unknown,Unknown,1,0,1,Fatal
SCRAPED_000979,News_Paper,2023,August,Sunday,Andhra Pradesh,Two Wheeler,Lorry,Unknown,Unknown,Over 51,Head On Collision,Unknown,Unknown,Unknown,1,1,2,Fatal
SCRAPED_000980,News_Paper,2023,August,Wednesday,Telangana,Auto Rickshaw,Truck,Unknown,Unknown,Unknown,Head On Collision,Unknown,Unknown,Unknown,4,3,7,Fatal
SCRAPED_000981,News_Paper,2023,August,Thursday,Assam,Car,Truck,Unknown,Unknown,Over 51,With Parked Vehicle,Unknown,Unknown,Unknown,1,1,2,Fatal
SCRAPED_000982,News_Paper,2023,August,Thursday,Kerala,Two Wheeler,Truck,Unknown,Unknown,Over 51,With Parked Vehicle,Unknown,Unknown,Unknown,1,0,1,Fatal
SCRAPED_000983,News_Paper,2023,August,Friday,Uttar Pradesh,Two Wheeler,Truck,Unknown,Unknown,Unknown,Hit From Back,Unknown,Unknown,Unknown,2,0,2,Fatal
SCRAPED_000984,News_Paper,2023,August,Thursday,Madhya Pradesh,Car,Truck,Unknown,Unknown,Unknown,Head On Collision,Unknown,Unknown,Unknown,5,0,5,Fatal
SCRAPED_000985,News_Paper,2023,August,Friday,Telangana,Suv,Lorry,Unknown,Unknown,Unknown,With Parked Vehicle,Unknown,Unknown,Unknown,2,0,2,Fatal
SCRAPED_000986,News_Paper,2023,August,Saturday,Tamil Nadu,Truck,Truck,Unknown,Unknown,Unknown,Others,Unknown,Unknown,Unknown,2,0,2,Fatal
SCRAPED_000987,News_Paper,2023,August,Saturday,Jammu,Truck,Gorge,Unknown,Unknown,Unknown,Run Off Road,Unknown,Unknown,Unknown,9,1,10,Fatal
SCRAPED_000988,News_Paper,2023,August,Saturday,Andhra Pradesh,Two Wheeler,Lorry,Unknown,Unknown,Unknown,Head On Collision,Unknown,Unknown,Unknown,3,0,3,Fatal
SCRAPED_000989,News_Paper,2023,August,Saturday,Rajasthan,Tractor,Nil,Unknown,Unknown,Unknown,Run Off Road,Unknown,Unknown,Unknown,2,0,2,Fatal
SCRAPED_000990,News_Paper,2023,August,Saturday,Tamil Nadu,Two Wheeler,Truck,Unknown,Unknown,18-30,Hit From Back,Unknown,Unknown,Unknown,1,0,1,Fatal
SCRAPED_000991,News_Paper,2023,August,Saturday,Haryana,Two Wheeler,Truck,Unknown,Unknown,31-50,Hit From Back,Unknown,Unknown,Unknown,1,0,1,Fatal
SCRAPED_000992,News_Paper,2023,August,Friday,Haryana,Truck,Truck,Unknown,Unknown,Unknown,With Parked Vehicle,Unknown,Unknown,Unknown,1,0,1,Fatal
SCRAPED_000993,News_Paper,2023,August,Monday,Uttar Pradesh,Two Wheeler,Truck,Unknown,Unknown,31-50,Hit From Back,Unknown,Unknown,Unknown,1,0,1,Fatal
SCRAPED_000994,News_Paper,2023,August,Tuesday,Haryana,Pedestrian,Truck,Unknown,Unknown,Unknown,Hit And Run,Unknown,Unknown,Unknown,3,0,3,Fatal
SCRAPED_000995,News_Paper,2023,August,Wednesday,Rajasthan,Two Wheeler,Truck,Unknown,Unknown,Under 18,Hit From Back,Unknown,Unknown,Unknown,1,2,3,Fatal
SCRAPED_000996,News_Paper,2023,August,Saturday,Assam,Pedestrian,Truck,Unknown,Unknown,Unknown,Hit And Run,Unknown,Unknown,Unknown,1,0,1,Fatal
SCRAPED_000997,News_Paper,2023,August,Saturday,Assam,Two Wheeler,Truck,Unknown,Unknown,Unknown,Head On Collision,Unknown,Unknown,Unknown,2,0,2,Fatal
SCRAPED_000998,News_Paper,2023,August,Sunday,Maharashtra,Two Wheeler,Truck,Unknown,Unknown,31-50,Hit From Back,Unknown,Unknown,Unknown,1,0,1,Fatal
SCRAPED_000999,News_Paper,2023,August,Wednesday,Bihar,Suv,Truck,Unknown,Unknown,Unknown,With Parked Vehicle,Unknown,Unknown,Unknown,7,2,9,Fatal
SCRAPED_001000,News_Paper,2023,August,Tuesday,Andhra Pradesh,Car,Lorry,Unknown,Unknown,18-30,Hit From Back,Unknown,Unknown,Unknown,1,4,5,Fatal
SCRAPED_001001,News_Paper,2023,August,Tuesday,West Bengal,Two Wheeler,Truck,Unknown,Unknown,Over 51,Head On Collision,Unknown,Unknown,Unknown,1,0,1,Fatal
SCRAPED_001002,News_Paper,2023,August,Monday,Maharashtra,Truck,Truck,Unknown,Unknown,Unknown,Head On Collision,Unknown,Unknown,Unknown,1,1,2,Fatal
SCRAPED_001003,News_Paper,2023,August,Thursday,Delhi,Two Wheeler,Truck,Unknown,Unknown,Unknown,Hit From Side,Unknown,Unknown,Unknown,2,0,2,Fatal
SCRAPED_001004,News_Paper,2023,August,Thursday,Telangana,Pedestrian,Lorry,Unknown,Unknown,31-50,Hit And Run,Unknown,Unknown,Unknown,1,0,1,Fatal
SCRAPED_001005,News_Paper,2023,August,Wednesday,Maharashtra,Pedestrian,Truck,Unknown,Unknown,Under 18,Hit And Run,Unknown,Unknown,Unknown,1,0,1,Fatal
SCRAPED_001006,News_Paper,2023,August,Wednesday,Maharashtra,Two Wheeler,Truck,Unknown,Unknown,18-30,Head On Collision,Unknown,Unknown,Unknown,1,0,1,Fatal