accident_id,source,year,month,day_of_week,state,vehicle_1,vehicle_2,vehicles_involved,party_age_group,victim_age_group,cause_of_accident,weather_condition,road_condition,lighting_condition,fatalities,injuries,casualties,severity
SCRAPED_001007,News_Paper,2023,August,Thursday,Punjab,Pick Up,Truck,Unknown,Unknown,Unknown,Head On Collision,Unknown,Unknown,Unknown,2,0,2,Fatal
SCRAPED_001008,News_Paper,2023,August,Thursday,Punjab,Car,Tractor,Unknown,Unknown,Unknown,Head On Collision,Unknown,Unknown,Unknown,4,0,4,Fatal
SCRAPED_001009,News_Paper,2023,September,Sunday,Uttar Pradesh,Car,Truck,Unknown,Unknown,Unknown,With Parked Vehicle,Unknown,Unknown,Unknown,4,3,7,Fatal
SCRAPED_001010,News_Paper,2023,September,Monday,Karnataka,Car,Lorry,Unknown,Unknown,Unknown,With Parked Vehicle,Unknown,Unknown,Unknown,4,3,7,Fatal
SCRAPED_001011,News_Paper,2023,September,Sunday,Madhya Pradesh,Two Wheeler,Truck,Unknown,Unknown,Over 51,Head On Collision,Unknown,Unknown,Unknown,1,2,3,Fatal
SCRAPED_001012,News_Paper,2023,September,Sunday,Uttar Pradesh,Tractor,Nil,Unknown,Unknown,Unknown,Run Off Road,Unknown,Unknown,Unknown,3,0,3,Fatal
SCRAPED_001013,News_Paper,2023,September,Tuesday,Uttar Pradesh,Two Wheeler,Truck,Unknown,Unknown,Unknown,Others,Unknown,Unknown,Unknown,1,1,2,Fatal
SCRAPED_001014,News_Paper,2023,September,Tuesday,Rajasthan,Two Wheeler,Truck,Unknown,Unknown,Unknown,Head On Collision,Unknown,Unknown,Unknown,1,0,1,Fatal
SCRAPED_001015,News_Paper,2023,September,Wednesday,Tamil Nadu,Van,Truck,Unknown,Unknown,Unknown,Hit From Back,Unknown,Unknown,Unknown,6,2,8,Fatal
SCRAPED_001016,News_Paper,2023,September,Wednesday,Maharashtra,Car,Truck,Unknown,Unknown,Unknown,Head On Collision,Unknown,Unknown,Unknown,3,2,5,Fatal
SCRAPED_001017,News_Paper,2023,September,Tuesday,Assam,Suv,Truck,Unknown,Unknown,Unknown,Head On Collision,Unknown,Unknown,Unknown,7,11,18,Fatal
SCRAPED_001018,News_Paper,2023,September,Tuesday,Rajasthan,Suv,Truck,Unknown,Unknown,Unknown,Head On Collision,Unknown,Unknown,Unknown,4,1,5,Fatal
SCRAPED_001019,News_Paper,2023,September,Wednesday,Karnataka,Pedestrian,Tractor,Unknown,Unknown,Under 18,Hit And Run,Unknown,Unknown,Unknown,1,0,1,Fatal
SCRAPED_001020,News_Paper,2023,September,Thursday,Rajasthan,Suv,Truck,Unknown,Unknown,Unknown,Head On Collision,Unknown,Unknown,Unknown,5,16,21,Fatal
SCRAPED_001021,News_Paper,2023,September,Wednesday,Haryana,Two Wheeler,Truck,Unknown,Unknown,18-30,Hit From Side,Unknown,Unknown,Unknown,1,1,2,Fatal
SCRAPED_001022,News_Paper,2023,September,Wednesday,Haryana,Two Wheeler,Truck,Unknown,Unknown,31-50,Head On Collision,Unknown,Unknown,Unknown,1,0,1,Fatal
SCRAPED_001023,News_Paper,2023,September,Wednesday,Haryana,Truck,Nil,Unknown,Unknown,Unknown,Run Off Road,Unknown,Unknown,Unknown,3,0,3,Fatal
SCRAPED_001024,News_Paper,2023,September,Saturday,Tamil Nadu,Two Wheeler,Truck,Unknown,Unknown,Unknown,Head On Collision,Unknown,Unknown,Unknown,3,0,3,Fatal
SCRAPED_001025,News_Paper,2023,September,Saturday,Meghalaya,Car,Truck,Unknown,Unknown,31-50,Head On Collision,Unknown,Unknown,Unknown,1,0,1,Fatal
SCRAPED_001026,News_Paper,2023,September,Sunday,Assam,Car,Truck,Unknown,Unknown,Unknown,Head On Collision,Unknown,Unknown,Unknown,2,6,8,Fatal
SCRAPED_001027,News_Paper,2023,September,Monday,Tamil Nadu,Van,Lorry,Unknown,Unknown,Unknown,Hit From Back,Unknown,Unknown,Unknown,7,14,21,Fatal
SCRAPED_001028,News_Paper,2023,September,Tuesday,Jammu,Truck,Gorge,Unknown,Unknown,Unknown,Vehicle Overturn,Unknown,Unknown,Unknown,4,0,4,Fatal
SCRAPED_001029,News_Paper,2023,September,Wednesday,Rajasthan,Bus,Truck,Unknown,Unknown,Unknown,Hit From Back,Unknown,Unknown,Unknown,12,15,27,Fatal
SCRAPED_001030,News_Paper,2023,September,Wednesday,Uttar Pradesh,Pick Up,Truck,Unknown,Unknown,Unknown,Others,Unknown,Unknown,Unknown,4,9,13,Fatal
SCRAPED_001031,News_Paper,2023,September,Monday,Uttar Pradesh,Two Wheeler,Truck,Unknown,Unknown,31-50,Hit From Back,Unknown,Unknown,Unknown,1,0,1,Fatal
SCRAPED_001032,News_Paper,2023,September,Monday,Uttar Pradesh,Pedestrian,Truck,Unknown,Unknown,31-50,Hit And Run,Unknown,Unknown,Unknown,1,0,1,Fatal
SCRAPED_001033,News_Paper,2023,September,Tuesday,Chhattisgarh,Two Wheeler,Truck,Unknown,Unknown,Unknown,Hit From Back,Unknown,Unknown,Unknown,2,0,2,Fatal
SCRAPED_001034,News_Paper,2023,September,Saturday,Maharashtra,Two Wheeler,Truck,Unknown,Unknown,18-30,With Parked Vehicle,Unknown,Unknown,Unknown,1,0,1,Fatal
SCRAPED_001035,News_Paper,2023,September,Sunday,Karnataka,Car,Truck,Unknown,Unknown,Unknown,Hit From Back,Unknown,Unknown,Unknown,3,0,3,Fatal
SCRAPED_001036,News_Paper,2023,September,Sunday,Andhra Pradesh,Two Wheeler,Lorry,Unknown,Unknown,Over 51,Hit And Run,Unknown,Unknown,Unknown,1,1,2,Fatal
SCRAPED_001037,News_Paper,2023,September,Friday,Andhra Pradesh,Ambulance,Truck,Unknown,Unknown,Unknown,With Parked Vehicle,Unknown,Unknown,Unknown,4,1,5,Fatal
SCRAPED_001038,News_Paper,2023,September,Friday,Andhra Pradesh,Suv,Lorry,Unknown,Unknown,Unknown,Head On Collision,Unknown,Unknown,Unknown,5,9,14,Fatal
SCRAPED_001039,News_Paper,2023,September,Wednesday,Telangana,Auto Rickshaw,Truck,Unknown,Unknown,Unknown,Head On Collision,Unknown,Unknown,Unknown,4,0,4,Fatal
SCRAPED_001040,News_Paper,2023,September,Saturday,Maharashtra,Two Wheeler,Truck,Unknown,Unknown,Under 18,Hit From Back,Unknown,Unknown,Unknown,1,2,3,Fatal
SCRAPED_001041,News_Paper,2023,September,Monday,Maharashtra,Car,Truck,Unknown,Unknown,Unknown,Hit From Back,Unknown,Unknown,Unknown,4,0,4,Fatal
SCRAPED_001042,News_Paper,2023,September,Sunday,Maharashtra,Two Wheeler,Truck,Unknown,Unknown,Over 51,Head On Collision,Unknown,Unknown,Unknown,1,0,1,Fatal
SCRAPED_001043,News_Paper,2023,September,Tuesday,Gujarat,Truck,Truck,Unknown,Unknown,Unknown,With Parked Vehicle,Unknown,Unknown,Unknown,2,0,2,Fatal
SCRAPED_001044,News_Paper,2023,September,Wednesday,Delhi,Two Wheeler,Truck,Unknown,Unknown,31-50,Hit From Back,Unknown,Unknown,Unknown,1,1,2,Fatal
SCRAPED_001045,News_Paper,2023,September,Wednesday,Delhi,Two Wheeler,Truck,Unknown,Unknown,18-30,Hit From Back,Unknown,Unknown,Unknown,1,2,3,Fatal
SCRAPED_001046,News_Paper,2023,September,Saturday,Rajasthan,Bus,Truck,Unknown,Unknown,Unknown,Hit From Back,Unknown,Unknown,Unknown,2,20,22,Fatal
SCRAPED_001047,News_Paper,2023,September,Sunday,Rajasthan,Truck,Bus,Unknown,Unknown,Unknown,Others,Unknown,Unknown,Unknown,5,6,11,Fatal
SCRAPED_001048,News_Paper,2023,September,Tuesday,Uttar Pradesh,Truck,Truck,Unknown,Unknown,Unknown,Head On Collision,Unknown,Unknown,Unknown,3,0,3,Fatal
SCRAPED_001049,News_Paper,2023,September,Monday,Delhi,Tractor,Truck,Unknown,Unknown,31-50,Others,Unknown,Unknown,Unknown,1,4,5,Fatal
SCRAPED_001050,News_Paper,2023,September,Monday,Delhi,Car,Truck,Unknown,Unknown,31-50,Hit From Back,Unknown,Unknown,Unknown,1,1,2,Fatal
SCRAPED_001051,News_Paper,2023,September,Sunday,Tamil Nadu,Two Wheeler,Truck,Unknown,Unknown,18-30,Others,Unknown,Unknown,Unknown,1,1,2,Fatal
SCRAPED_001052,News_Paper,2023,September,Sunday,Tamil Nadu,Auto Rickshaw,Truck,Unknown,Unknown,31-50,Others,Unknown,Unknown,Unknown,1,1,2,Fatal
SCRAPED_001053,News_Paper,2023,September,Monday,Tamil Nadu,Pedestrian,Truck,Unknown,Unknown,Over 51,Hit And Run,Unknown,Unknown,Unknown,1,2,3,Fatal
SCRAPED_001054,News_Paper,2023,September,Sunday,Haryana,Two Wheeler,Truck,Unknown,Unknown,18-30,Hit From Back,Unknown,Unknown,Unknown,1,1,2,Fatal
SCRAPED_001055,News_Paper,2023,September,Thursday,Bihar,Pedestrian,Truck,Unknown,Unknown,Unknown,Hit And Run,Unknown,Unknown,Unknown,3,1,4,Fatal
SCRAPED_001056,News_Paper,2023,September,Friday,Maharashtra,Bus,Truck,Unknown,Unknown,31-50,Hit From Back,Unknown,Unknown,Unknown,1,0,1,Fatal
SCRAPED_001057,News_Paper,2023,October,Monday,Maharashtra,Pedestrian,Truck,Unknown,Unknown,Unknown,Hit And Run,Unknown,Unknown,Unknown,5,5,10,Fatal
SCRAPED_001058,News_Paper,2023,October,Monday,Delhi,Two Wheeler,Truck,Unknown,Unknown,31-50,Hit From Back,Unknown,Unknown,Unknown,1,1,2,Fatal
SCRAPED_001059,News_Paper,2023,October,Tuesday,Rajasthan,Bus,Truck,Unknown,Unknown,Unknown,With Parked Vehicle,Unknown,Unknown,Unknown,3,24,27,Fatal
SCRAPED_001060,News_Paper,2023,October,Wednesday,Uttar Pradesh,Car,Truck,Unknown,Unknown,Unknown,Hit From Back,Unknown,Unknown,Unknown,8,1,9,Fatal
SCRAPED_001061,News_Paper,2023,October,Tuesday,Karnataka,Car,Truck,Unknown,Unknown,Unknown,Head On Collision,Unknown,Unknown,Unknown,3,1,4,Fatal
SCRAPED_001062,News_Paper,2023,September,Friday,Madhya Pradesh,Pedestrian,Truck,Unknown,Unknown,Unknown,Head On Collision,Unknown,Unknown,Unknown,3,1,4,Fatal
SCRAPED_001063,News_Paper,2023,October,Wednesday,Haryana,Two Wheeler,Truck,Unknown,Unknown,Unknown,Hit From Back,Unknown,Unknown,Unknown,2,1,3,Fatal
SCRAPED_001064,News_Paper,2023,October,Friday,Delhi,Two Wheeler,Truck,Unknown,Unknown,Unknown,Hit From Back,Unknown,Unknown,Unknown,1,0,1,Fatal
SCRAPED_001065,News_Paper,2023,October,Friday,Delhi,Truck,Nil,Unknown,Unknown,Over 51,Run Off Road,Unknown,Unknown,Unknown,1,0,1,Fatal
SCRAPED_001066,News_Paper,2023,October,Friday,Madhya Pradesh,Pedestrian,Truck,Unknown,Unknown,Unknown,Hit And Run,Unknown,Unknown,Unknown,4,0,4,Fatal
SCRAPED_001067,News_Paper,2023,October,Monday,Karnataka,Truck,Truck,Unknown,Unknown,Unknown,Others,Unknown,Unknown,Unknown,7,6,13,Fatal
SCRAPED_001068,News_Paper,2023,October,Monday,Telangana,Bus,Truck,Unknown,Unknown,Under 18,Others,Unknown,Unknown,Unknown,1,25,26,Fatal
SCRAPED_001069,News_Paper,2023,October,Wednesday,Tamil Nadu,Car,Truck,Unknown,Unknown,Unknown,Hit From Back,Unknown,Unknown,Unknown,2,3,5,Fatal
SCRAPED_001070,News_Paper,2023,October,Tuesday,Tamil Nadu,Car,Lorry,Unknown,Unknown,Unknown,Head On Collision,Unknown,Unknown,Unknown,7,1,8,Fatal
SCRAPED_001071,News_Paper,2023,October,Thursday,Maharashtra,Two Wheeler,Truck,Unknown,Unknown,18-30,Hit From Back,Unknown,Unknown,Unknown,1,1,2,Fatal
SCRAPED_001072,News_Paper,2023,October,Friday,Rajasthan,Car,Truck,Unknown,Unknown,Unknown,Head On Collision,Unknown,Unknown,Unknown,2,1,3,Fatal
SCRAPED_001073,News_Paper,2023,October,Friday,Telangana,Car,Lorry,Unknown,Unknown,Unknown,With Parked Vehicle,Unknown,Unknown,Unknown,2,2,4,Fatal
SCRAPED_001074,News_Paper,2023,October,Friday,Jammu,Car,Truck,Unknown,Unknown,Unknown,Others,Unknown,Unknown,Unknown,4,0,4,Fatal
SCRAPED_001075,News_Paper,2023,October,Sunday,Goa,Car,Truck,Unknown,Unknown,18-30,Head On Collision,Unknown,Unknown,Unknown,1,1,2,Fatal
SCRAPED_001076,News_Paper,2023,October,Sunday,Haryana,Two Wheeler,Truck,Unknown,Unknown,18-30,Hit From Back,Unknown,Unknown,Unknown,1,0,1,Fatal
SCRAPED_001077,News_Paper,2023,October,Tuesday,Jharkhand,Pedestrian,Truck,Unknown,Unknown,Unknown,Hit And Run,Unknown,Unknown,Unknown,2,3,5,Fatal
SCRAPED_001078,News_Paper,2023,October,Wednesday,Maharashtra,Ambulance,Truck,Unknown,Unknown,Unknown,Hit From Back,Unknown,Unknown,Unknown,4,1,5,Fatal
SCRAPED_001079,News_Paper,2023,October,Thursday,Karnataka,Suv,Truck,Unknown,Unknown,Unknown,With Parked Vehicle,Unknown,Unknown,Unknown,13,0,13,Fatal
SCRAPED_001080,News_Paper,2023,October,Friday,Madhya Pradesh,Pedestrian,Truck,Unknown,Unknown,18-30,Hit And Run,Unknown,Unknown,Unknown,1,0,1,Fatal
SCRAPED_001081,News_Paper,2023,October,Friday,Andhra Pradesh,Two Wheeler,Truck,Unknown,Unknown,Unknown,Others,Unknown,Unknown,Unknown,2,0,2,Fatal
SCRAPED_001082,News_Paper,2023,October,Thursday,Punjab,Car,Truck,Unknown,Unknown,Unknown,Others,Unknown,Unknown,Unknown,6,0,6,Fatal
SCRAPED_001083,News_Paper,2023,October,Thursday,Gujarat,Car,Truck,Unknown,Unknown,Unknown,Head On Collision,Unknown,Unknown,Unknown,1,4,5,Fatal
SCRAPED_001084,News_Paper,2023,November,Wednesday,Uttar Pradesh,Pedestrian,Truck,Unknown,Unknown,Unknown,Hit From Back,Unknown,Unknown,Unknown,2,5,7,Fatal
SCRAPED_001085,News_Paper,2023,October,Monday,Punjab,Car,Truck,Unknown,Unknown,Unknown,Head On Collision,Unknown,Unknown,Unknown,5,0,5,Fatal
SCRAPED_001086,News_Paper,2023,November,Sunday,Uttar Pradesh,Car,Truck,Unknown,Unknown,Unknown,With Parked Vehicle,Unknown,Unknown,Unknown,4,0,4,Fatal
SCRAPED_001087,News_Paper,2023,November,Wednesday,Goa,Two Wheeler,Truck,Unknown,Unknown,18-30,Hit From Back,Unknown,Unknown,Unknown,1,0,1,Fatal
SCRAPED_001088,News_Paper,2023,November,Thursday,Uttar Pradesh,Bus,Truck,Unknown,Unknown,Unknown,With Parked Vehicle,Unknown,Unknown,Unknown,6,27,33,Fatal
SCRAPED_001089,News_Paper,2023,November,Saturday,Rajasthan,Suv,Truck,Unknown,Unknown,Unknown,Hit From Back,Unknown,Unknown,Unknown,4,0,4,Fatal
SCRAPED_001090,News_Paper,2023,November,Saturday,Maharashtra,Van,Truck,Unknown,Unknown,Unknown,Hit From Side,Unknown,Unknown,Unknown,2,4,6,Fatal
SCRAPED_001091,News_Paper,2023,November,Friday,Haryana,Van,Truck,Unknown,Unknown,Unknown,Head On Collision,Unknown,Unknown,Unknown,4,0,4,Fatal
SCRAPED_001092,News_Paper,2023,November,Tuesday,Uttar Pradesh,Car,Truck,Unknown,Unknown,Unknown,Others,Unknown,Unknown,Unknown,6,0,6,Fatal
SCRAPED_001093,News_Paper,2023,November,Tuesday,Odisha,Pedestrian,Truck,Unknown,Unknown,31-50,Hit And Run,Unknown,Unknown,Unknown,1,0,1,Fatal
SCRAPED_001094,News_Paper,2023,November,Thursday,Tamil Nadu,Car,Truck,Unknown,Unknown,Unknown,Head On Collision,Unknown,Unknown,Unknown,5,0,5,Fatal
SCRAPED_001095,News_Paper,2023,November,Friday,Uttar Pradesh,Pedestrian,Tractor,Unknown,Unknown,Over 51,Hit And Run,Unknown,Unknown,Unknown,1,0,1,Fatal
SCRAPED_001096,News_Paper,2023,November,Saturday,Uttar Pradesh,Two Wheeler,Tractor,Unknown,Unknown,31-50,Others,Unknown,Unknown,Unknown,1,1,2,Fatal
SCRAPED_001097,News_Paper,2023,November,Sunday,Rajasthan,Bus,Truck,Unknown,Unknown,Unknown,Head On Collision,Unknown,Unknown,Unknown,6,1,7,Fatal
SCRAPED_001098,News_Paper,2023,November,Wednesday,Uttar Pradesh,Two Wheeler,Truck,Unknown,Unknown,Over 51,Hit From Back,Unknown,Unknown,Unknown,1,1,2,Fatal
SCRAPED_001099,News_Paper,2023,November,Thursday,Maharashtra,Suv,Truck,Unknown,Unknown,Unknown,Head On Collision,Unknown,Unknown,Unknown,3,2,5,Fatal
SCRAPED_001100,News_Paper,2023,November,Thursday,Chandigarh,Two Wheeler,Truck,Unknown,Unknown,18-30,With Parked Vehicle,Unknown,Unknown,Unknown,1,0,1,Fatal
SCRAPED_001101,News_Paper,2023,November,Monday,Delhi,Two Wheeler,Truck,Unknown,Unknown,31-50,Hit And Run,Unknown,Unknown,Unknown,1,0,1,Fatal
SCRAPED_001102,News_Paper,2023,November,Thursday,Tamil Nadu,Pick Up,Truck,Unknown,Unknown,Unknown,Head On Collision,Unknown,Unknown,Unknown,3,1,4,Fatal
SCRAPED_001103,News_Paper,2023,December,Friday,Odisha,Bus,Truck,Unknown,Unknown,Unknown,With Parked Vehicle,Unknown,Unknown,Unknown,8,12,20,Fatal
SCRAPED_001104,News_Paper,2023,December,Friday,Uttar Pradesh,Pedestrian,Truck,Unknown,Unknown,Under 18,Hit And Run,Unknown,Unknown,Unknown,1,0,1,Fatal
SCRAPED_001105,News_Paper,2023,December,Saturday,Goa,Two Wheeler,Truck,Unknown,Unknown,18-30,Hit And Run,Unknown,Unknown,Unknown,1,0,1,Fatal
SCRAPED_001106,News_Paper,2023,December,Saturday,West Bengal,Two Wheeler,Truck,Unknown,Unknown,18-30,Hit From Back,Unknown,Unknown,Unknown,1,0,1,Fatal
SCRAPED_001107,News_Paper,2023,December,Saturday,Delhi,Pedestrian,Truck,Unknown,Unknown,Unknown,Head On Collision,Unknown,Unknown,Unknown,1,1,2,Fatal
SCRAPED_001108,News_Paper,2023,December,Saturday,Rajasthan,Bus,Truck,Unknown,Unknown,Unknown,Others,Unknown,Unknown,Unknown,2,12,14,Fatal
SCRAPED_001109,News_Paper,2023,November,Wednesday,Karnataka,Bicycle,Truck,Unknown,Unknown,31-50,With Parked Vehicle,Unknown,Unknown,Unknown,1,0,1,Fatal
SCRAPED_001110,News_Paper,2023,December,Wednesday,Karnataka,Car,Truck,Unknown,Unknown,Over 51,Head On Collision,Unknown,Unknown,Unknown,1,0,1,Fatal
SCRAPED_001111,News_Paper,2023,December,Wednesday,Karnataka,Car,Truck,Unknown,Unknown,Unknown,Head On Collision,Unknown,Unknown,Unknown,2,2,4,Fatal
SCRAPED_001112,News_Paper,2023,December,Sunday,Jharkhand,Car,Truck,Unknown,Unknown,Unknown,Head On Collision,Unknown,Unknown,Unknown,5,0,5,Fatal
SCRAPED_001113,News_Paper,2023,December,Monday,Madhya Pradesh,Two Wheeler,Truck,Unknown,Unknown,Unknown,Hit From Back,Unknown,Unknown,Unknown,1,2,3,Fatal
SCRAPED_001114,News_Paper,2023,December,Friday,Uttar Pradesh,Pedestrian,Truck,Unknown,Unknown,Under 18,Hit And Run,Unknown,Unknown,Unknown,1,0,1,Fatal
SCRAPED_001115,News_Paper,2023,December,Friday,Uttar Pradesh,Two Wheeler,Tractor,Unknown,Unknown,Under 18,Hit From Back,Unknown,Unknown,Unknown,1,2,3,Fatal
SCRAPED_001116,News_Paper,2023,December,Friday,Andhra Pradesh,Lorry,Tractor,Unknown,Unknown,31-50,Others,Unknown,Unknown,Unknown,1,0,1,Fatal
SCRAPED_001117,News_Paper,2023,December,Saturday,Uttar Pradesh,Pedestrian,Truck,Unknown,Unknown,Unknown,Fixed Object Collision,Unknown,Unknown,Unknown,3,3,6,Fatal
SCRAPED_001118,News_Paper,2023,December,Sunday,Maharashtra,Car,Truck,Unknown,Unknown,Unknown,Hit From Side,Unknown,Unknown,Unknown,4,0,4,Fatal
SCRAPED_001119,News_Paper,2023,December,Saturday,Gujarat,Two Wheeler,Truck,Unknown,Unknown,Under 18,Others,Unknown,Unknown,Unknown,1,0,1,Fatal
SCRAPED_001120,News_Paper,2023,December,Saturday,Andhra Pradesh,Tractor,Bus,Unknown,Unknown,Unknown,Others,Unknown,Unknown,Unknown,4,0,4,Fatal
SCRAPED_001121,News_Paper,2023,December,Saturday,Chhattisgarh,Bus,Truck,Unknown,Unknown,Unknown,With Parked Vehicle,Unknown,Unknown,Unknown,3,17,20,Fatal
SCRAPED_001122,News_Paper,2023,December,Saturday,Andhra Pradesh,Two Wheeler,Lorry,Unknown,Unknown,31-50,With Parked Vehicle,Unknown,Unknown,Unknown,1,0,1,Fatal
SCRAPED_001123,News_Paper,2023,December,Tuesday,Madhya Pradesh,Car,Truck,Unknown,Unknown,Unknown,Hit From Side,Unknown,Unknown,Unknown,4,2,6,Fatal
SCRAPED_001124,News_Paper,2023,December,Wednesday,Madhya Pradesh,Bus,Truck,Unknown,Unknown,Unknown,Others,Unknown,Unknown,Unknown,13,17,30,Fatal
SCRAPED_001125,News_Paper,2023,December,Wednesday,Assam,Pedestrian,Truck,Unknown,Unknown,Under 18,Hit And Run,Unknown,Unknown,Unknown,1,1,2,Fatal
SCRAPED_001126,News_Paper,2023,December,Wednesday,Uttar Pradesh,Two Wheeler,Truck,Unknown,Unknown,Unknown,With Parked Vehicle,Unknown,Unknown,Unknown,2,0,2,Fatal
SCRAPED_001127,News_Paper,2023,December,Friday,Karnataka,Two Wheeler,Truck,Unknown,Unknown,Unknown,Hit From Back,Unknown,Unknown,Unknown,1,1,2,Fatal
SCRAPED_001128,News_Paper,2023,December,Saturday,Tamil Nadu,Car,Truck,Unknown,Unknown,Unknown,With Parked Vehicle,Unknown,Unknown,Unknown,5,19,24,Fatal
SCRAPED_001129,News_API,2026,January,Friday,Unknown,Truck,Bicycle,Unknown,Unknown,Unknown,Bank Peon Killed As Speeding Truck Hits Bicycle In Delhi,Unknown,Unknown,Unknown,1,0,1,Fatal
SCRAPED_001130,YouTube,2025,December,Monday,Uttar Pradesh,Car,Truck,Unknown,Unknown,Unknown,"Rampur Accident: Truck Overturns On Divider, Bolero Crushed On Bilaspur Road | Viral Video",Unknown,Unknown,Unknown,1,0,1,Fatal
SCRAPED_001131,YouTube,2025,March,Tuesday,Rajesthan,Truck,Others,Unknown,Unknown,Unknown,"Jaipur Accident News | Speeding Dumper Rams Into 17 Vehicles, 10 Dead In Jaipur",Unknown,Unknown,Unknown,10,4,14,Fatal
SCRAPED_001132,YouTube,2025,March,Tuesday,Telangana,Truck,Bus,Unknown,Unknown,Unknown,"Telangana Accident: 19 Dead, 20 Injured As Bus And Truck Collide Head-On In Rangareddy | India Today",Unknown,Unknown,Unknown,19,20,39,Fatal
SCRAPED_001133,YouTube,2025,September,Wednesday,Maharastra,Truck,Others,Unknown,Unknown,Unknown,Cctv Footage Shows Deadly Truck Crash On Airport Road,Unknown,Unknown,Unknown,1,0,1,Fatal
SCRAPED_001134,YouTube,2025,November,Thursday,Maharastra,Truck,Others,Unknown,Unknown,Unknown,Pune Accident | 8 Dead After Container Truck Rams Vehicles | News9,Unknown,Unknown,Unknown,6,10,16,Fatal
SCRAPED_001135,YouTube,2026,January,Thursday,J & K,Truck,Unknown,Unknown,Unknown,Unknown,"Breaking: 10 Killed As Army Truck Carrying Military Personnel Plunge Into Gorge, Rescue Ops Underway",Unknown,Unknown,Unknown,10,10,20,Fatal
SCRAPED_001136,YouTube,2026,January,Thursday,Jharkhand,Train,Truck,Unknown,Unknown,Unknown,"Train Hits Truck At Railway Crossing In Deoghar, Jharkhand | News9",Unknown,Unknown,Unknown,0,2,2,Minor
SCRAPED_001137,YouTube,2025,December,Thursday,Arnataka,Truck,Bus,Unknown,Unknown,Unknown,Chitradurga Bus Fire Tragedy: 9 Burnt Alive After Truck Collision | Karnataka News,Unknown,Unknown,Unknown,9,0,9,Fatal
SCRAPED_001138,News_articles,2026,February,Friday,Andhra Pradesh,Container,Car,Unknown,Unknown,31-45,Overturning,Unknown,Unknown,Unknown,1,0,1,Fatal
SCRAPED_001139,News_articles,2026,February,Tuesday,Unknown,Truck,Fortuner,Unknown,Unknown,Unknown,Overspeeding,Unknown,Unknown,Unknown,1,0,1,Fatal
SCRAPED_001140,News_articles,2026,February,Saturday,Kerala,Bus,Unknown,Unknown,Unknown,Unknown,Unknown,Unknown,Unknown,Unknown,1,0,1,Fatal
SCRAPED_001141,News_articles,2026,January,Saturday,Uttar Pradesh,Truck,Unknown,Unknown,Unknown,Unknown,Unknown,Unknown,Unknown,Unknown,6,3,9,Fatal
SCRAPED_001142,News_articles,2026,January,Saturday,Odisha,Truck,Unknown,Unknown,Unknown,Unknown,Unknown,Unknown,Unknown,Unknown,5,6,11,Fatal
SCRAPED_001143,News_articles,2026,January,Tuesday,Rajasthan,Container,Car,Unknown,Unknown,Unknown,Unknown,Unknown,Unknown,Unknown,3,7,10,Fatal
SCRAPED_001144,News_articles,2026,January,Thursday,Telangana,Bus,Bike,Unknown,Unknown,Unknown,Collision,Unknown,Unknown,Unknown,1,0,1,Fatal
SCRAPED_001145,News_articles,2025,December,Monday,Uttar Pradesh,Truck,Bolero,Unknown,Unknown,Unknown,Overturning,Unknown,Unknown,Unknown,1,0,1,Fatal
SCRAPED_001146,News_articles,2025,December,Friday,Andhra Pradesh,Bus,Unknown,Unknown,Unknown,Unknown,Overspeeding,Unknown,Unknown,Unknown,9,0,9,Fatal
SCRAPED_001147,News_articles,2025,December,Tuesday,Maharashtra,Truck,Unknown,Unknown,Unknown,Unknown,Overspeeding,Unknown,Unknown,Unknown,1,0,1,Fatal