accident_id,source,year,month,day_of_week,state,vehicle_1,vehicle_2,vehicles_involved,party_age_group,victim_age_group,cause_of_accident,weather_condition,road_condition,lighting_condition,fatalities,injuries,casualties,severity
SCRAPED_001148,News_articles,2025,December,Thursday,Uttar Pradesh,Truck,Car,Unknown,Unknown,Unknown,Overspeeding,Unknown,Unknown,Unknown,1,0,1,Fatal
SCRAPED_001149,News_articles,2025,November,Wednesday,Karnataka,Truck,Unknown,Unknown,Unknown,Unknown,Unknown,Unknown,Unknown,Unknown,0,0,0,Minor
SCRAPED_001150,News_articles,2025,November,Monday,Uttar Pradesh,Truck,Unknown,Unknown,Unknown,Unknown,Collision,Unknown,Unknown,Unknown,1,0,1,Fatal
SCRAPED_001151,News_articles,2025,November,Thursday,Himachal Pradesh,Tipper,Truck,Unknown,Unknown,Unknown,Collision,Unknown,Unknown,Unknown,3,0,3,Fatal
SCRAPED_001152,News_articles,2025,November,Sunday,Unknown,Tractor,Suv,Unknown,Unknown,Unknown,Overspeeding,Unknown,Unknown,Unknown,5,0,5,Fatal
SCRAPED_001153,News_articles,2025,November,Thursday,Andhra Pradesh,Truck,Bike,Unknown,Unknown,Unknown,Overspeeding,Unknown,Unknown,Unknown,2,0,2,Fatal
SCRAPED_001154,News_articles,2025,November,Tuesday,Uttar Pradesh,Truck,Car,Unknown,Unknown,Unknown,Overspeeding,Unknown,Unknown,Unknown,6,2,8,Fatal
SCRAPED_001155,News_articles,2025,November,Monday,Rajasthan,Truck,Unknown,Unknown,Unknown,Unknown,Collision,Unknown,Unknown,Unknown,0,0,0,Minor
SCRAPED_001156,News_articles,2025,October,Tuesday,Haryana,Bus,Tractor,Unknown,Unknown,0-18,Collision,Unknown,Unknown,Unknown,0,0,0,Minor
SCRAPED_001157,News_articles,2025,October,Saturday,Telangana,Bus,Unknown,Unknown,Unknown,Unknown,Overturning,Unknown,Unknown,Unknown,0,20,20,Serious
SCRAPED_001158,News_articles,2025,October,Saturday,Uttar Pradesh,Truck,Car,Unknown,Unknown,Unknown,Collision,Unknown,Unknown,Unknown,0,0,0,Minor
SCRAPED_001159,News_articles,2025,October,Saturday,Karnataka,Bus,Unknown,Unknown,Unknown,0-18,Unknown,Unknown,Unknown,Unknown,0,0,0,Minor
SCRAPED_001160,News_articles,2025,October,Monday,Unknown,Truck,Unknown,Unknown,Unknown,Unknown,Unknown,Unknown,Unknown,Unknown,0,0,0,Minor
SCRAPED_001161,News_articles,2025,September,Saturday,Unknown,Truck,Unknown,Unknown,Unknown,Unknown,Unknown,Unknown,Unknown,Unknown,1,0,1,Fatal
SCRAPED_001162,News_articles,2025,September,Wednesday,Madhya Pradesh,Truck,Unknown,Unknown,Unknown,Unknown,Drunk Driving,Unknown,Unknown,Unknown,0,0,0,Minor
SCRAPED_001163,News_articles,2025,September,Monday,Madhya Pradesh,Truck,Unknown,Unknown,Unknown,Unknown,Drunk Driving,Unknown,Unknown,Unknown,3,0,3,Fatal
SCRAPED_001164,News_articles,2025,September,Saturday,Haryana,Truck,Unknown,Unknown,Unknown,Unknown,Overspeeding,Unknown,Unknown,Unknown,1,0,1,Fatal
SCRAPED_001165,News_articles,2025,September,Friday,Karnataka,Bus,Unknown,Unknown,Unknown,Unknown,Overturning,Unknown,Unknown,Unknown,0,0,0,Minor
SCRAPED_001166,News_articles,2025,September,Thursday,Uttar Pradesh,Bus,Unknown,Unknown,Unknown,Unknown,Overturning,Unknown,Unknown,Unknown,5,10,15,Fatal
SCRAPED_001167,News_articles,2025,September,Wednesday,Unknown,Truck,Unknown,Unknown,Unknown,Unknown,Unknown,Unknown,Unknown,Unknown,0,0,0,Minor
SCRAPED_001168,News_articles,2025,September,Monday,Maharashtra,Bus,Bike,Unknown,Unknown,Unknown,Overspeeding,Unknown,Unknown,Unknown,1,0,1,Fatal
SCRAPED_001169,News_articles,2025,August,Tuesday,Uttar Pradesh,Tractor,Truck,Unknown,Unknown,Unknown,Collision,Unknown,Unknown,Unknown,1,40,41,Fatal
SCRAPED_001170,News_articles,2025,August,Saturday,Maharashtra,Truck,Bike,Unknown,Unknown,Unknown,Overspeeding,Unknown,Unknown,Unknown,0,0,0,Minor
SCRAPED_001171,News_articles,2025,August,Thursday,Unknown,Bus,Truck,Unknown,Unknown,Unknown,Overspeeding,Unknown,Unknown,Unknown,79,0,79,Fatal
SCRAPED_001172,News_articles,2025,August,Wednesday,Maharashtra,Truck,Unknown,Unknown,Unknown,Unknown,Overspeeding,Unknown,Unknown,Unknown,0,0,0,Minor
SCRAPED_001173,News_articles,2025,August,Wednesday,Unknown,Bus,Unknown,Unknown,Unknown,Unknown,Collision,Unknown,Unknown,Unknown,50,0,50,Fatal
SCRAPED_001174,News_articles,2025,August,Sunday,Karnataka,Bus,Lorry,Unknown,Unknown,Unknown,Collision,Unknown,Unknown,Unknown,2,12,14,Fatal
SCRAPED_001175,News_articles,2025,August,Thursday,Unknown,Truck,Auto,Unknown,Unknown,Unknown,Collision,Unknown,Unknown,Unknown,1,0,1,Fatal
SCRAPED_001176,News_articles,2025,August,Wednesday,Rajasthan,Truck,Van,Unknown,Unknown,Unknown,Unknown,Unknown,Unknown,Unknown,10,0,10,Fatal
SCRAPED_001177,News_articles,2025,August,Wednesday,Unknown,Truck,Unknown,Unknown,Unknown,Unknown,Overspeeding,Unknown,Unknown,Unknown,1,0,1,Fatal
SCRAPED_001178,News_articles,2025,August,Wednesday,Uttar Pradesh,Truck,Unknown,Unknown,Unknown,0-18,Overspeeding,Unknown,Unknown,Unknown,1,0,1,Fatal
SCRAPED_001179,News_articles,2025,July,Thursday,Unknown,Truck,Unknown,Unknown,Unknown,Unknown,Unknown,Unknown,Unknown,Unknown,1,3,4,Fatal
SCRAPED_001180,News_articles,2025,July,Tuesday,Jharkhand,Bus,Truck,Unknown,Unknown,Unknown,Collision,Unknown,Unknown,Unknown,1,0,1,Fatal
SCRAPED_001181,News_articles,2025,July,Saturday,Maharashtra,Truck,Unknown,Unknown,Unknown,Unknown,Unknown,Unknown,Unknown,Unknown,1,0,1,Fatal
SCRAPED_001182,News_articles,2025,July,Saturday,Unknown,Truck,Unknown,Unknown,Unknown,Unknown,Overspeeding,Unknown,Unknown,Unknown,0,0,0,Minor
SCRAPED_001183,News_articles,2025,July,Friday,Maharashtra,Truck,Unknown,Unknown,Unknown,0-18,Overspeeding,Unknown,Unknown,Unknown,1,0,1,Fatal
SCRAPED_001184,News_articles,2025,July,Thursday,Odisha,Tractor,Unknown,Unknown,Unknown,Unknown,Unknown,Unknown,Unknown,Unknown,0,0,0,Minor
SCRAPED_001185,News_articles,2025,July,Monday,Uttar Pradesh,Truck,Van,Unknown,Unknown,Unknown,Overspeeding,Unknown,Unknown,Unknown,0,1,1,Minor
SCRAPED_001186,News_articles,2025,July,Monday,Unknown,Bus,Unknown,Unknown,Unknown,Unknown,Overspeeding,Unknown,Unknown,Unknown,13,20,33,Fatal
SCRAPED_001187,News_articles,2025,July,Sunday,Uttar Pradesh,Tractor,Bike,Unknown,Unknown,Unknown,Collision,Unknown,Unknown,Unknown,1,3,4,Fatal
SCRAPED_001188,News_articles,2025,July,Sunday,Maharashtra,Mini Truck,Truck,Unknown,Unknown,Unknown,Overspeeding,Unknown,Unknown,Unknown,0,8,8,Serious
SCRAPED_001189,News_articles,2025,July,Friday,Unknown,Bus,Van,Unknown,Unknown,Unknown,Collision,Unknown,Unknown,Unknown,0,0,0,Minor
SCRAPED_001190,News_articles,2025,June,Monday,Karnataka,Truck,Car,Unknown,Unknown,Unknown,Overspeeding,Unknown,Unknown,Unknown,1,0,1,Fatal
SCRAPED_001191,News_articles,2025,June,Saturday,Delhi,Bus,Unknown,Unknown,Unknown,Unknown,Unknown,Unknown,Unknown,Unknown,1,0,1,Fatal
SCRAPED_001192,News_articles,2025,June,Friday,West Bengal,Truck,Car,Unknown,Unknown,Unknown,Collision,Unknown,Unknown,Unknown,9,0,9,Fatal
SCRAPED_001193,News_articles,2025,June,Thursday,Uttar Pradesh,Bus,Canter,Unknown,Unknown,Unknown,Unknown,Unknown,Unknown,Unknown,0,0,0,Minor
SCRAPED_001194,News_articles,2025,June,Tuesday,Uttar Pradesh,Truck,Unknown,Unknown,Unknown,Unknown,Overspeeding,Unknown,Unknown,Unknown,1,0,1,Fatal
SCRAPED_001195,News_articles,2025,June,Monday,Unknown,Bus,Unknown,Unknown,Unknown,Unknown,Overspeeding,Unknown,Unknown,Unknown,0,0,0,Minor
SCRAPED_001196,News_articles,2025,June,Tuesday,West Bengal,Bus,Unknown,Unknown,Unknown,Unknown,Unknown,Unknown,Unknown,Unknown,0,0,0,Minor
SCRAPED_001197,News_articles,2025,May,Wednesday,Uttar Pradesh,Bus,Auto,Unknown,Unknown,Unknown,Collision,Unknown,Unknown,Unknown,1,0,1,Fatal
SCRAPED_001198,News_articles,2025,May,Tuesday,Maharashtra,Truck,Unknown,Unknown,Unknown,Unknown,Overspeeding,Unknown,Unknown,Unknown,6,0,6,Fatal
SCRAPED_001199,News_articles,2025,May,Sunday,Rajasthan,Truck,Unknown,Unknown,Unknown,Unknown,Unknown,Unknown,Unknown,Unknown,4,0,4,Fatal
SCRAPED_001200,News_articles,2025,May,Friday,Unknown,Truck,Scooter,Unknown,Unknown,Unknown,Unknown,Unknown,Unknown,Unknown,0,0,0,Minor
SCRAPED_001201,News_articles,2025,May,Tuesday,Unknown,Lorry,Truck,Unknown,Unknown,Unknown,Overspeeding,Unknown,Unknown,Unknown,1,0,1,Fatal
SCRAPED_001202,News_articles,2025,May,Sunday,Unknown,Bus,Unknown,Unknown,Unknown,Unknown,Unknown,Unknown,Unknown,Unknown,15,30,45,Fatal
SCRAPED_001203,News_articles,2025,May,Tuesday,Bihar,Tractor,Car,Unknown,Unknown,Unknown,Collision,Unknown,Unknown,Unknown,8,2,10,Fatal
SCRAPED_001204,News_articles,2025,May,Friday,Unknown,Truck,Unknown,Unknown,Unknown,Unknown,Unknown,Unknown,Unknown,Unknown,0,0,0,Minor
SCRAPED_001205,News_articles,2025,April,Sunday,Unknown,Truck,Motorcycle,Unknown,Unknown,Unknown,Unknown,Unknown,Unknown,Unknown,1,0,1,Fatal
SCRAPED_001206,News_articles,2025,April,Monday,Karnataka,Tanker,Truck,Unknown,Unknown,Unknown,Unknown,Unknown,Unknown,Unknown,0,0,0,Minor
SCRAPED_001207,News_articles,2025,April,Friday,Unknown,Truck,Car,Unknown,Unknown,Unknown,Collision,Unknown,Unknown,Unknown,2,0,2,Fatal
SCRAPED_001208,News_articles,2025,April,Wednesday,Uttar Pradesh,Tractor,Car,Unknown,Unknown,Unknown,Unknown,Unknown,Unknown,Unknown,1,0,1,Fatal
SCRAPED_001209,News_articles,2025,April,Tuesday,Tamil Nadu,Lorry,Car,Unknown,Unknown,Unknown,Overspeeding,Unknown,Unknown,Unknown,1,0,1,Fatal
SCRAPED_001210,News_articles,2025,March,Friday,Unknown,Lorry,Innova,Unknown,Unknown,Unknown,Collision,Unknown,Unknown,Unknown,0,5,5,Serious
SCRAPED_001211,News_articles,2025,March,Saturday,Uttar Pradesh,Bus,Truck,Unknown,Unknown,Unknown,Overspeeding,Unknown,Unknown,Unknown,4,19,23,Fatal
SCRAPED_001212,News_articles,2025,February,Saturday,Unknown,Bus,Unknown,Unknown,Unknown,Unknown,Unknown,Unknown,Unknown,Unknown,1,17,18,Fatal
SCRAPED_001213,News_articles,2025,February,Friday,Unknown,Truck,Car,Unknown,Unknown,Unknown,Collision,Unknown,Unknown,Unknown,0,0,0,Minor
SCRAPED_001214,News_articles,2025,February,Thursday,Uttar Pradesh,Tractor,Bike,Unknown,Unknown,Unknown,Collision,Unknown,Unknown,Unknown,0,0,0,Minor
SCRAPED_001215,News_articles,2025,February,Tuesday,Bihar,Truck,Auto,Unknown,Unknown,Unknown,Collision,Unknown,Unknown,Unknown,3,2,5,Fatal
SCRAPED_001216,News_articles,2025,February,Tuesday,Uttar Pradesh,Truck,Car,Unknown,Unknown,Unknown,Unknown,Unknown,Unknown,Unknown,1,0,1,Fatal
SCRAPED_001217,News_articles,2025,February,Monday,Unknown,Bus,Unknown,Unknown,Unknown,Unknown,Unknown,Unknown,Unknown,Unknown,51,0,51,Fatal
SCRAPED_001218,News_articles,2025,January,Friday,Uttar Pradesh,Truck,Unknown,Unknown,Unknown,Unknown,Collision,Unknown,Unknown,Unknown,6,10,16,Fatal
SCRAPED_001219,News_articles,2025,January,Wednesday,Karnataka,Truck,Unknown,Unknown,Unknown,Unknown,Unknown,Unknown,Unknown,Unknown,1,10,11,Fatal
SCRAPED_001220,News_articles,2025,January,Wednesday,Uttar Pradesh,Truck,Car,Unknown,Unknown,Unknown,Unknown,Unknown,Unknown,Unknown,3,0,3,Fatal
SCRAPED_001221,News_articles,2025,January,Thursday,Bihar,Truck,Auto,Unknown,Unknown,Unknown,Collision,Unknown,Unknown,Unknown,3,3,6,Fatal
SCRAPED_001222,News_articles,2024,December,Wednesday,Rajasthan,Tanker,Unknown,Unknown,Unknown,19-30,Overspeeding,Unknown,Unknown,Unknown,0,0,0,Minor
SCRAPED_001223,News_articles,2024,December,Monday,Uttar Pradesh,Truck,Unknown,Unknown,Unknown,Unknown,Overspeeding,Unknown,Unknown,Unknown,0,0,0,Minor
SCRAPED_001224,News_articles,2024,December,Sunday,Unknown,Volvo,Car,Unknown,Unknown,Unknown,Overspeeding,Unknown,Unknown,Unknown,1,0,1,Fatal
SCRAPED_001225,News_articles,2024,December,Friday,Punjab,Tractor,Car,Unknown,Unknown,Unknown,Overspeeding,Unknown,Unknown,Unknown,2,0,2,Fatal
SCRAPED_001226,News_articles,2024,December,Friday,Uttar Pradesh,Truck,Unknown,Unknown,Unknown,Unknown,Unknown,Unknown,Unknown,Unknown,0,3,3,Serious
SCRAPED_001227,News_articles,2024,December,Thursday,Kerala,Truck,Unknown,Unknown,Unknown,Unknown,Overspeeding,Unknown,Unknown,Unknown,1,0,1,Fatal
SCRAPED_001228,News_articles,2024,December,Thursday,Tamil Nadu,Truck,Car,Unknown,Unknown,Unknown,Collision,Unknown,Unknown,Unknown,3,0,3,Fatal
SCRAPED_001229,News_articles,2024,December,Wednesday,Unknown,Bus,Unknown,Unknown,Unknown,Unknown,Overspeeding,Unknown,Unknown,Unknown,0,0,0,Minor
SCRAPED_001230,News_articles,2024,December,Tuesday,Maharashtra,Bus,Unknown,Unknown,Unknown,Unknown,Unknown,Unknown,Unknown,Unknown,6,49,55,Fatal
SCRAPED_001231,News_articles,2024,December,Tuesday,Kerala,Bus,Car,Unknown,Unknown,Unknown,Collision,Unknown,Unknown,Unknown,1,0,1,Fatal
SCRAPED_001232,News_articles,2024,December,Sunday,Uttar Pradesh,Truck,Bike,Unknown,Unknown,Unknown,Collision,Unknown,Unknown,Unknown,0,2,2,Minor
SCRAPED_001233,News_articles,2024,November,Monday,Unknown,Bus,Unknown,Unknown,Unknown,Unknown,Overspeeding,Unknown,Unknown,Unknown,17,1,18,Fatal
SCRAPED_001234,News_articles,2024,November,Wednesday,Unknown,Truck,Car,Unknown,Unknown,Unknown,Overspeeding,Unknown,Unknown,Unknown,0,0,0,Minor
SCRAPED_001235,News_articles,2024,November,Friday,Unknown,Truck,Unknown,Unknown,Unknown,Unknown,Overspeeding,Unknown,Unknown,Unknown,2,0,2,Fatal
SCRAPED_001236,News_articles,2024,November,Saturday,Delhi,Tanker,Unknown,Unknown,Unknown,Unknown,Overspeeding,Unknown,Unknown,Unknown,1,0,1,Fatal
SCRAPED_001237,News_articles,2024,October,Thursday,Rajasthan,Truck,Car,Unknown,Unknown,Unknown,Unknown,Unknown,Unknown,Unknown,3,0,3,Fatal
SCRAPED_001238,News_articles,2024,October,Wednesday,Maharashtra,Truck,Scooter,Unknown,Unknown,0-18,Unknown,Unknown,Unknown,Unknown,1,0,1,Fatal
SCRAPED_001239,News_articles,2024,October,Friday,Uttar Pradesh,Tractor,Truck,Unknown,Unknown,Unknown,Collision,Unknown,Unknown,Unknown,1,3,4,Fatal
SCRAPED_001240,News_articles,2024,September,Saturday,Gujarat,Bus,Unknown,Unknown,Unknown,Unknown,Collision,Unknown,Unknown,Unknown,7,0,7,Fatal
SCRAPED_001241,News_articles,2024,September,Tuesday,Uttar Pradesh,Truck,Unknown,Unknown,Unknown,Unknown,Overspeeding,Unknown,Unknown,Unknown,0,0,0,Minor
SCRAPED_001242,News_articles,2024,September,Tuesday,Delhi,Truck,Bike,Unknown,Unknown,Unknown,Unknown,Unknown,Unknown,Unknown,1,1,2,Fatal
SCRAPED_001243,News_articles,2024,September,Wednesday,Delhi,Bus,Unknown,Unknown,Unknown,Unknown,Collision,Unknown,Unknown,Unknown,1,0,1,Fatal
SCRAPED_001244,News_articles,2024,August,Wednesday,Unknown,Truck,Unknown,Unknown,Unknown,Unknown,Unknown,Unknown,Unknown,Unknown,1,4,5,Fatal
SCRAPED_001245,News_articles,2024,August,Saturday,Unknown,Bus,Unknown,Unknown,Unknown,Unknown,Unknown,Unknown,Unknown,Unknown,0,0,0,Minor
SCRAPED_001246,News_articles,2024,August,Wednesday,Unknown,Bus,Unknown,Unknown,Unknown,Unknown,Overturning,Unknown,Unknown,Unknown,1,0,1,Fatal
SCRAPED_001247,News_articles,2024,August,Tuesday,Maharashtra,Truck,Bike,Unknown,Unknown,Unknown,Unknown,Unknown,Unknown,Unknown,1,0,1,Fatal
SCRAPED_001248,News_articles,2024,August,Tuesday,Uttar Pradesh,Lorry,Truck,Unknown,Unknown,Unknown,Unknown,Unknown,Unknown,Unknown,4,24,28,Fatal
SCRAPED_001249,News_articles,2024,August,Sunday,Maharashtra,Bus,Car,Unknown,Unknown,Unknown,Overspeeding,Unknown,Unknown,Unknown,1,0,1,Fatal
SCRAPED_001250,News_articles,2024,July,Wednesday,Uttar Pradesh,Truck,Car,Unknown,Unknown,Unknown,Unknown,Unknown,Unknown,Unknown,3,1,4,Fatal
SCRAPED_001251,News_articles,2024,July,Wednesday,Unknown,Bus,Unknown,Unknown,Unknown,Unknown,Unknown,Unknown,Unknown,Unknown,26,0,26,Fatal
SCRAPED_001252,News_articles,2024,July,Tuesday,Maharashtra,Bus,Unknown,Unknown,Unknown,Unknown,Unknown,Unknown,Unknown,Unknown,4,1,5,Fatal
SCRAPED_001253,News_articles,2024,July,Wednesday,Maharashtra,Bus,Unknown,Unknown,Unknown,0-18,Collision,Unknown,Unknown,Unknown,1,0,1,Fatal
SCRAPED_001254,News_articles,2024,June,Saturday,Uttar Pradesh,Bus,Auto,Unknown,Unknown,Unknown,Collision,Unknown,Unknown,Unknown,4,2,6,Fatal
SCRAPED_001255,News_articles,2024,June,Friday,Rajasthan,Truck,Car,Unknown,Unknown,Unknown,Collision,Unknown,Unknown,Unknown,4,0,4,Fatal
SCRAPED_001256,News_articles,2024,June,Wednesday,Maharashtra,Truck,Unknown,Unknown,Unknown,Unknown,Overspeeding,Unknown,Unknown,Unknown,1,0,1,Fatal
SCRAPED_001257,News_articles,2024,June,Friday,Unknown,Tractor,Unknown,Unknown,Unknown,Unknown,Overturning,Unknown,Unknown,Unknown,4,20,24,Fatal
SCRAPED_001258,News_articles,2024,June,Thursday,Unknown,Bus,Unknown,Unknown,Unknown,Unknown,Unknown,Unknown,Unknown,Unknown,2,18,20,Fatal
SCRAPED_001259,News_articles,2024,June,Saturday,Unknown,Truck,Car,Unknown,Unknown,Unknown,Unknown,Unknown,Unknown,Unknown,1,0,1,Fatal
SCRAPED_001260,News_articles,2024,May,Wednesday,Unknown,Bus,Unknown,Unknown,Unknown,Unknown,Unknown,Unknown,Unknown,Unknown,29,20,49,Fatal
SCRAPED_001261,News_articles,2024,May,Sunday,Uttar Pradesh,Bus,Truck,Unknown,Unknown,Unknown,Collision,Unknown,Unknown,Unknown,11,10,21,Fatal
SCRAPED_001262,News_articles,2024,May,Monday,Chhattisgarh,Truck,Unknown,Unknown,Unknown,Unknown,Overturning,Unknown,Unknown,Unknown,15,0,15,Fatal
SCRAPED_001263,News_articles,2024,May,Friday,Rajasthan,Bus,Trailer,Unknown,Unknown,Unknown,Unknown,Unknown,Unknown,Unknown,5,12,17,Fatal
SCRAPED_001264,News_articles,2024,May,Wednesday,Andhra Pradesh,Bus,Unknown,Unknown,Unknown,Unknown,Collision,Unknown,Unknown,Unknown,6,0,6,Fatal
SCRAPED_001265,News_articles,2024,May,Monday,Unknown,Bus,Truck,Unknown,Unknown,Unknown,Overspeeding,Unknown,Unknown,Unknown,2,0,2,Fatal
SCRAPED_001266,News_articles,2024,May,Monday,Uttar Pradesh,Tractor,Truck,Unknown,Unknown,Unknown,Collision,Unknown,Unknown,Unknown,3,17,20,Fatal
SCRAPED_001267,News_articles,2024,May,Friday,Unknown,Bus,Unknown,Unknown,Unknown,Unknown,Overspeeding,Unknown,Unknown,Unknown,20,21,41,Fatal
SCRAPED_001268,News_articles,2024,May,Wednesday,Tamil Nadu,Bus,Unknown,Unknown,Unknown,Unknown,Unknown,Unknown,Unknown,Unknown,4,20,24,Fatal
SCRAPED_001269,News_articles,2024,April,Tuesday,Bihar,Truck,Car,Unknown,Unknown,Unknown,Overspeeding,Unknown,Unknown,Unknown,6,0,6,Fatal
SCRAPED_001270,News_articles,2024,April,Tuesday,Unknown,Bus,Unknown,Unknown,Unknown,Unknown,Unknown,Unknown,Unknown,Unknown,25,0,25,Fatal
SCRAPED_001271,News_articles,2024,April,Monday,Unknown,Bus,Unknown,Unknown,Unknown,Unknown,Unknown,Unknown,Unknown,Unknown,23,1,24,Fatal
SCRAPED_001272,News_articles,2024,April,Monday,Unknown,Truck,Car,Unknown,Unknown,Unknown,Unknown,Unknown,Unknown,Unknown,1,0,1,Fatal
SCRAPED_001273,News_articles,2024,April,Thursday,Unknown,Truck,Bike,Unknown,Unknown,Unknown,Overspeeding,Unknown,Unknown,Unknown,0,0,0,Minor
SCRAPED_001274,News_articles,2024,April,Wednesday,Gujarat,Truck,Car,Unknown,Unknown,Unknown,Unknown,Unknown,Unknown,Unknown,10,0,10,Fatal
SCRAPED_001275,News_articles,2024,April,Wednesday,Uttar Pradesh,Bus,Unknown,Unknown,Unknown,Unknown,Unknown,Unknown,Unknown,Unknown,0,0,0,Minor
SCRAPED_001276,News_articles,2024,April,Thursday,Maharashtra,Bus,Unknown,Unknown,Unknown,Unknown,Unknown,Unknown,Unknown,Unknown,1,0,1,Fatal
SCRAPED_001277,News_articles,2024,April,Thursday,Unknown,Truck,Unknown,Unknown,Unknown,Unknown,Unknown,Unknown,Unknown,Unknown,13,0,13,Fatal
SCRAPED_001278,News_articles,2024,April,Wednesday,Chhattisgarh,Bus,Unknown,Unknown,Unknown,Unknown,Overturning,Unknown,Unknown,Unknown,12,14,26,Fatal
SCRAPED_001279,News_articles,2024,April,Monday,Unknown,Trailer,Unknown,Unknown,Unknown,Unknown,Unknown,Unknown,Unknown,Unknown,1,0,1,Fatal
SCRAPED_001280,News_articles,2024,April,Tuesday,Maharashtra,Truck,Unknown,Unknown,Unknown,Unknown,Overspeeding,Unknown,Unknown,Unknown,1,0,1,Fatal
SCRAPED_001281,News_articles,2024,March,Wednesday,Uttar Pradesh,Bus,Car,Unknown,Unknown,0-18,Unknown,Unknown,Unknown,Unknown,3,0,3,Fatal
SCRAPED_001282,News_articles,2024,March,Tuesday,Unknown,Truck,Unknown,Unknown,Unknown,Unknown,Overspeeding,Unknown,Unknown,Unknown,5,0,5,Fatal
SCRAPED_001283,News_articles,2024,March,Monday,Unknown,Truck,Unknown,Unknown,Unknown,Unknown,Unknown,Unknown,Unknown,Unknown,5,11,16,Fatal
SCRAPED_001284,News_articles,2024,February,Sunday,Telangana,Truck,Unknown,Unknown,Unknown,Unknown,Unknown,Unknown,Unknown,Unknown,1,0,1,Fatal
SCRAPED_001285,News_articles,2024,February,Saturday,Uttar Pradesh,Tractor,Unknown,Unknown,Unknown,Unknown,Unknown,Unknown,Unknown,Unknown,1,0,1,Fatal
SCRAPED_001286,News_articles,2024,February,Saturday,Gujarat,Bus,Tanker,Unknown,Unknown,Unknown,Collision,Unknown,Unknown,Unknown,2,1,3,Fatal
SCRAPED_001287,News_articles,2024,February,Wednesday,Uttar Pradesh,Truck,Unknown,Unknown,Unknown,Unknown,Overturning,Unknown,Unknown,Unknown,3,0,3,Fatal
SCRAPED_001288,News_articles,2024,February,Monday,Unknown,Bus,Car,Unknown,Unknown,Unknown,Overspeeding,Unknown,Unknown,Unknown,5,0,5,Fatal
SCRAPED_001289,News_articles,2024,February,Tuesday,Kerala,Crane,Unknown,Unknown,Unknown,Unknown,Collision,Unknown,Unknown,Unknown,0,0,0,Minor
SCRAPED_001290,News_articles,2024,February,Sunday,Unknown,Truck,Car,Unknown,Unknown,Unknown,Collision,Unknown,Unknown,Unknown,1,0,1,Fatal
SCRAPED_001291,News_articles,2024,January,Wednesday,Unknown,Bus,Unknown,Unknown,Unknown,Unknown,Overspeeding,Unknown,Unknown,Unknown,19,22,41,Fatal
SCRAPED_001292,News_articles,2024,January,Wednesday,Maharashtra,Bus,Tractor,Unknown,Unknown,Unknown,Overspeeding,Unknown,Unknown,Unknown,6,0,6,Fatal
SCRAPED_001293,News_articles,2024,January,Thursday,Delhi,Bus,Unknown,Unknown,Unknown,Unknown,Collision,Unknown,Unknown,Unknown,1,0,1,Fatal
SCRAPED_001294,News_articles,2024,January,Saturday,Unknown,Bus,Unknown,Unknown,Unknown,Unknown,Unknown,Unknown,Unknown,Unknown,12,0,12,Fatal
SCRAPED_001295,News_articles,2024,January,Friday,Telangana,Bus,Unknown,Unknown,Unknown,Unknown,Collision,Unknown,Unknown,Unknown,1,0,1,Fatal
SCRAPED_001296,News_articles,2024,January,Monday,Uttar Pradesh,Truck,Jeep,Unknown,Unknown,Unknown,Overspeeding,Unknown,Unknown,Unknown,1,0,1,Fatal
SCRAPED_001297,News_articles,2024,January,Monday,Maharashtra,Truck,Suv,Unknown,Unknown,Unknown,Collision,Unknown,Unknown,Unknown,0,5,5,Serious